current_date,opening_balance,closing_balance,monthly_realized_pnl,monthly_unrealized_pnl,ticker,status,shares_qty,bought_price,bought_date,current_price,current_value,unrealized_pnl,unrealized_pnl_pct,realized_pnl,realized_pnl_pct,cash_balance,total_portfolio_value
2016-08-31,1000000.0,1000000.0,0.0,0.0,YESBANK.NS,Held,183,273.2200012207031,2016-08-31,273.2200012207031,49999.26022338867,0.0,0.0,,,1771.1273822784424,1000000.0
2016-08-31,1000000.0,1000000.0,0.0,0.0,VEDL.NS,Held,294,170.0,2016-08-31,170.0,49980.0,0.0,0.0,,,1771.1273822784424,1000000.0
2016-08-31,1000000.0,1000000.0,0.0,0.0,IGL.NS,Held,624,80.11499786376953,2016-08-31,80.11499786376953,49991.75866699219,0.0,0.0,,,1771.1273822784424,1000000.0
2016-08-31,1000000.0,1000000.0,0.0,0.0,DELTACORP.NS,Held,322,154.85000610351562,2016-08-31,154.85000610351562,49861.70196533203,0.0,0.0,,,1771.1273822784424,1000000.0
2016-08-31,1000000.0,1000000.0,0.0,0.0,INDIACEM.NS,Held,333,149.8000030517578,2016-08-31,149.8000030517578,49883.40101623535,0.0,0.0,,,1771.1273822784424,1000000.0
2016-08-31,1000000.0,1000000.0,0.0,0.0,PCBL.NS,Held,2015,24.809999465942383,2016-08-31,24.809999465942383,49992.1489238739,0.0,0.0,,,1771.1273822784424,1000000.0
2016-08-31,1000000.0,1000000.0,0.0,0.0,SRF.NS,Held,145,344.29998779296875,2016-08-31,344.29998779296875,49923.49822998047,0.0,0.0,,,1771.1273822784424,1000000.0
2016-08-31,1000000.0,1000000.0,0.0,0.0,MANAPPURAM.NS,Held,586,85.30000305175781,2016-08-31,85.30000305175781,49985.80178833008,0.0,0.0,,,1771.1273822784424,1000000.0
2016-08-31,1000000.0,1000000.0,0.0,0.0,INDIANB.NS,Held,222,224.9499969482422,2016-08-31,224.9499969482422,49938.899322509766,0.0,0.0,,,1771.1273822784424,1000000.0
2016-08-31,1000000.0,1000000.0,0.0,0.0,VGUARD.NS,Held,367,135.9642791748047,2016-08-31,135.9642791748047,49898.89045715332,0.0,0.0,,,1771.1273822784424,1000000.0
2016-08-31,1000000.0,1000000.0,0.0,0.0,BAJFINANCE.NS,Held,454,110.11100006103516,2016-08-31,110.11100006103516,49990.39402770996,0.0,0.0,,,1771.1273822784424,1000000.0
2016-08-31,1000000.0,1000000.0,0.0,0.0,HINDALCO.NS,Held,313,159.25,2016-08-31,159.25,49845.25,0.0,0.0,,,1771.1273822784424,1000000.0
2016-08-31,1000000.0,1000000.0,0.0,0.0,GHCL.NS,Held,198,252.10000610351562,2016-08-31,252.10000610351562,49915.801208496094,0.0,0.0,,,1771.1273822784424,1000000.0
2016-08-31,1000000.0,1000000.0,0.0,0.0,BAJAJFINSV.NS,Held,168,296.7300109863281,2016-08-31,296.7300109863281,49850.641845703125,0.0,0.0,,,1771.1273822784424,1000000.0
2016-08-31,1000000.0,1000000.0,0.0,0.0,EDELWEISS.NS,Held,798,62.59198760986328,2016-08-31,62.59198760986328,49948.4061126709,0.0,0.0,,,1771.1273822784424,1000000.0
2016-08-31,1000000.0,1000000.0,0.0,0.0,ESCORTS.NS,Held,153,325.45001220703125,2016-08-31,325.45001220703125,49793.85186767578,0.0,0.0,,,1771.1273822784424,1000000.0
2016-08-31,1000000.0,1000000.0,0.0,0.0,JSWSTEEL.NS,Held,285,175.30999755859375,2016-08-31,175.30999755859375,49963.34930419922,0.0,0.0,,,1771.1273822784424,1000000.0
2016-08-31,1000000.0,1000000.0,0.0,0.0,BIRLACORPN.NS,Held,76,655.5999755859375,2016-08-31,655.5999755859375,49825.59814453125,0.0,0.0,,,1771.1273822784424,1000000.0
2016-08-31,1000000.0,1000000.0,0.0,0.0,SUNDRMFAST.NS,Held,171,291.6000061035156,2016-08-31,291.6000061035156,49863.60104370117,0.0,0.0,,,1771.1273822784424,1000000.0
2016-08-31,1000000.0,1000000.0,0.0,0.0,TATACHEM.NS,Held,203,245.20501708984375,2016-08-31,245.20501708984375,49776.61846923828,0.0,0.0,,,1771.1273822784424,1000000.0
2016-09-30,,,,,INDIANB.NS,Sold,222,224.9499969482422,2016-08-31,211.10000610351562,46864.20135498047,0.0,,-3074.697967529297,-6.1569197744480295,,
2016-09-30,,,,,VEDL.NS,Sold,294,170.0,2016-08-31,172.0500030517578,50582.7008972168,0.0,,602.7008972167969,1.2058841480928308,,
2016-09-30,,,,,YESBANK.NS,Sold,183,273.2200012207031,2016-08-31,250.94000244140625,45922.020446777344,0.0,,-4077.239776611328,-8.154600204872782,,
2016-09-30,,,,,IGL.NS,Sold,624,80.11499786376953,2016-08-31,77.80999755859375,48553.4384765625,0.0,,-1438.3201904296875,-2.877114606050777,,
2016-09-30,,,,,BAJFINANCE.NS,Sold,454,110.11100006103516,2016-08-31,105.58999633789062,47937.858337402344,0.0,,-2052.535690307617,-4.1058601962006644,,
2016-09-30,,,,,HINDALCO.NS,Sold,313,159.25,2016-08-31,152.6999969482422,47795.099044799805,0.0,,-2050.1509552001953,-4.113031743646978,,
2016-09-30,,,,,INDIACEM.NS,Sold,333,149.8000030517578,2016-08-31,144.0,47952.0,0.0,,-1931.4010162353516,-3.871831063817694,,
2016-09-30,,,,,SRF.NS,Sold,145,344.29998779296875,2016-08-31,355.5400085449219,51553.30123901367,0.0,,1629.8030090332031,3.264600973123435,,
2016-09-30,,,,,EDELWEISS.NS,Sold,798,62.59198760986328,2016-08-31,61.48392868041992,49064.1750869751,0.0,,-884.2310256958008,-1.770288772981465,,
2016-09-30,,,,,JSWSTEEL.NS,Sold,285,175.30999755859375,2016-08-31,172.93499755859375,49286.47430419922,0.0,,-676.875,-1.3547430455049807,,
2016-09-30,,,,,TATACHEM.NS,Sold,203,245.20501708984375,2016-08-31,231.29470825195312,46952.825775146484,0.0,,-2823.792694091797,-5.672929943678049,,
2016-09-30,,,,,SUNDRMFAST.NS,Sold,171,291.6000061035156,2016-08-31,291.75,49889.25,0.0,,25.648956298828125,0.051438235029092685,,
2016-09-30,,,,,VGUARD.NS,Sold,367,135.9642791748047,2016-08-31,131.2142791748047,48155.64045715332,0.0,,-1743.25,-3.4935646545024417,,
2016-09-30,,,,,BIRLACORPN.NS,Sold,76,655.5999755859375,2016-08-31,703.1500244140625,53439.40185546875,0.0,,3613.8037109375,7.252905826548804,,
2016-09-30,1000000.0,1002969.9747009277,-14880.537742614746,17850.51244354248,DELTACORP.NS,Held,322,154.85000610351562,2016-08-31,167.89999389648438,54063.79803466797,4202.0960693359375,8.427502278718006,,,56654.66576385498,1002969.9747009277
2016-09-30,1000000.0,1002969.9747009277,-14880.537742614746,17850.51244354248,PCBL.NS,Held,2015,24.809999465942383,2016-08-31,25.114999771118164,50606.7245388031,614.5756149291992,1.229344263366336,,,56654.66576385498,1002969.9747009277
2016-09-30,1000000.0,1002969.9747009277,-14880.537742614746,17850.51244354248,MANAPPURAM.NS,Held,586,85.30000305175781,2016-08-31,91.5,53619.0,3633.198211669922,7.2684604061270575,,,56654.66576385498,1002969.9747009277
2016-09-30,1000000.0,1002969.9747009277,-14880.537742614746,17850.51244354248,GHCL.NS,Held,198,252.10000610351562,2016-08-31,252.14999389648438,49925.698791503906,9.8975830078125,0.019828556826065425,,,56654.66576385498,1002969.9747009277
2016-09-30,1000000.0,1002969.9747009277,-14880.537742614746,17850.51244354248,BAJAJFINSV.NS,Held,168,296.7300109863281,2016-08-31,306.9549865722656,51568.437744140625,1717.7958984375,3.445885217996577,,,56654.66576385498,1002969.9747009277
2016-09-30,1000000.0,1002969.9747009277,-14880.537742614746,17850.51244354248,ESCORTS.NS,Held,153,325.45001220703125,2016-08-31,375.6000061035156,57466.80093383789,7672.949066162109,15.409430639253452,,,56654.66576385498,1002969.9747009277
2016-09-30,1000000.0,1002969.9747009277,-14880.537742614746,17850.51244354248,HERITGFOOD.NS,Held,225,217.66531372070312,2016-09-30,217.66531372070312,48974.6955871582,0.0,0.0,,,56654.66576385498,1002969.9747009277
2016-09-30,1000000.0,1002969.9747009277,-14880.537742614746,17850.51244354248,JKTYRE.NS,Held,329,148.4499969482422,2016-09-30,148.4499969482422,48840.04899597168,0.0,0.0,,,56654.66576385498,1002969.9747009277
2016-09-30,1000000.0,1002969.9747009277,-14880.537742614746,17850.51244354248,AJANTPHARM.NS,Held,36,1338.066650390625,2016-09-30,1338.066650390625,48170.3994140625,0.0,0.0,,,56654.66576385498,1002969.9747009277
2016-09-30,1000000.0,1002969.9747009277,-14880.537742614746,17850.51244354248,ORIENTPPR.NS,Held,1773,27.61387062072754,2016-09-30,27.61387062072754,48959.39261054993,0.0,0.0,,,56654.66576385498,1002969.9747009277
2016-09-30,1000000.0,1002969.9747009277,-14880.537742614746,17850.51244354248,BPL.NS,Held,589,83.05000305175781,2016-09-30,83.05000305175781,48916.45179748535,0.0,0.0,,,56654.66576385498,1002969.9747009277
2016-09-30,1000000.0,1002969.9747009277,-14880.537742614746,17850.51244354248,TIMETECHNO.NS,Held,997,49.099998474121094,2016-09-30,49.099998474121094,48952.69847869873,0.0,0.0,,,56654.66576385498,1002969.9747009277
2016-09-30,1000000.0,1002969.9747009277,-14880.537742614746,17850.51244354248,APTECHT.NS,Held,433,113.0,2016-09-30,113.0,48929.0,0.0,0.0,,,56654.66576385498,1002969.9747009277
2016-09-30,1000000.0,1002969.9747009277,-14880.537742614746,17850.51244354248,BALKRISIND.NS,Held,96,506.95001220703125,2016-09-30,506.95001220703125,48667.201171875,0.0,0.0,,,56654.66576385498,1002969.9747009277
2016-09-30,1000000.0,1002969.9747009277,-14880.537742614746,17850.51244354248,TIRUMALCHM.NS,Held,910,53.779998779296875,2016-09-30,53.779998779296875,48939.798889160156,0.0,0.0,,,56654.66576385498,1002969.9747009277
2016-09-30,1000000.0,1002969.9747009277,-14880.537742614746,17850.51244354248,BIOCON.NS,Held,314,155.5833282470703,2016-09-30,155.5833282470703,48853.16506958008,0.0,0.0,,,56654.66576385498,1002969.9747009277
2016-09-30,1000000.0,1002969.9747009277,-14880.537742614746,17850.51244354248,IDFCFIRSTB.NS,Held,613,79.8499984741211,2016-09-30,79.8499984741211,48948.04906463623,0.0,0.0,,,56654.66576385498,1002969.9747009277
2016-09-30,1000000.0,1002969.9747009277,-14880.537742614746,17850.51244354248,MARUTI.NS,Held,8,5477.2998046875,2016-09-30,5477.2998046875,43818.3984375,0.0,0.0,,,56654.66576385498,1002969.9747009277
2016-09-30,1000000.0,1002969.9747009277,-14880.537742614746,17850.51244354248,ABREL.NS,Held,51,943.0499877929688,2016-09-30,943.0499877929688,48095.549377441406,0.0,0.0,,,56654.66576385498,1002969.9747009277
2016-10-31,,,,,JKTYRE.NS,Sold,329,148.4499969482422,2016-09-30,141.0500030517578,46405.45100402832,0.0,,-2434.5979919433594,-4.984839372589828,,
2016-10-31,,,,,AJANTPHARM.NS,Sold,36,1338.066650390625,2016-09-30,1361.066650390625,48998.3994140625,0.0,,828.0,1.718897933319357,,
2016-10-31,,,,,BIOCON.NS,Sold,314,155.5833282470703,2016-09-30,154.27499389648438,48442.348083496094,0.0,,-410.8169860839844,-0.8409219453823927,,
2016-10-31,,,,,ABREL.NS,Sold,51,943.0499877929688,2016-09-30,909.0499877929688,46361.549377441406,0.0,,-1734.0,-3.605323200265408,,
2016-10-31,,,,,HERITGFOOD.NS,Sold,225,217.66531372070312,2016-09-30,230.2036590576172,51795.82328796387,0.0,,2821.127700805664,5.760378225904481,,
2016-10-31,,,,,ORIENTPPR.NS,Sold,1773,27.61387062072754,2016-09-30,29.648576736450195,52566.926553726196,0.0,,3607.5339431762695,7.368420543679104,,
2016-10-31,,,,,BPL.NS,Sold,589,83.05000305175781,2016-09-30,77.80000305175781,45824.20179748535,0.0,,-3092.25,-6.321492844170197,,
2016-10-31,,,,,PCBL.NS,Sold,2015,24.809999465942383,2016-08-31,27.69499969482422,55805.4243850708,0.0,,5813.275461196899,11.628376827827763,,
2016-10-31,,,,,TIMETECHNO.NS,Sold,997,49.099998474121094,2016-09-30,48.42499923706055,48279.724239349365,0.0,,-672.9742393493652,-1.3747439063899678,,
2016-10-31,,,,,BALKRISIND.NS,Sold,96,506.95001220703125,2016-09-30,530.9000244140625,50966.40234375,0.0,,2299.201171875,4.72433408232179,,
2016-10-31,1002969.9747009277,1100447.2525920868,7024.499059677124,90452.77883148193,DELTACORP.NS,Held,322,154.85000610351562,2016-08-31,185.39999389648438,59698.79803466797,9837.096069335938,19.72876111644865,,,1269.739065170288,1082596.7401485443
2016-10-31,1002969.9747009277,1100447.2525920868,7024.499059677124,90452.77883148193,MANAPPURAM.NS,Held,586,85.30000305175781,2016-08-31,102.1500015258789,59859.90089416504,9874.099105834961,19.75380758649792,,,1269.739065170288,1082596.7401485443
2016-10-31,1002969.9747009277,1100447.2525920868,7024.499059677124,90452.77883148193,GHCL.NS,Held,198,252.10000610351562,2016-08-31,275.6499938964844,54578.698791503906,4662.8975830078125,9.341526070133774,,,1269.739065170288,1082596.7401485443
2016-10-31,1002969.9747009277,1100447.2525920868,7024.499059677124,90452.77883148193,BAJAJFINSV.NS,Held,168,296.7300109863281,2016-08-31,338.32000732421875,56837.76123046875,6987.119384765625,14.016107167470462,,,1269.739065170288,1082596.7401485443
2016-10-31,1002969.9747009277,1100447.2525920868,7024.499059677124,90452.77883148193,ESCORTS.NS,Held,153,325.45001220703125,2016-08-31,375.25,57413.25,7619.398132324219,15.301885366435036,,,1269.739065170288,1082596.7401485443
2016-10-31,1002969.9747009277,1100447.2525920868,7024.499059677124,90452.77883148193,APTECHT.NS,Held,433,113.0,2016-09-30,156.0357208251953,67563.46711730957,18634.46711730957,38.0847086948631,,,1269.739065170288,1082596.7401485443
2016-10-31,1002969.9747009277,1100447.2525920868,7024.499059677124,90452.77883148193,TIRUMALCHM.NS,Held,910,53.779998779296875,2016-09-30,87.0999984741211,79260.9986114502,30321.19972229004,61.95611835463832,,,1269.739065170288,1082596.7401485443
2016-10-31,1002969.9747009277,1100447.2525920868,7024.499059677124,90452.77883148193,IDFCFIRSTB.NS,Held,613,79.8499984741211,2016-09-30,78.75,48273.75,-674.2990646362305,-1.377581083458125,,,1269.739065170288,1082596.7401485443
2016-10-31,1002969.9747009277,1100447.2525920868,7024.499059677124,90452.77883148193,MARUTI.NS,Held,8,5477.2998046875,2016-09-30,5876.14990234375,47009.19921875,3190.80078125,7.281874497994653,,,1269.739065170288,1082596.7401485443
2016-10-31,1002969.9747009277,1100447.2525920868,7024.499059677124,90452.77883148193,ATLASCYCLE.NS,Held,256,195.39999389648438,2016-10-31,195.39999389648438,50022.3984375,0.0,0.0,,,1269.739065170288,1082596.7401485443
2016-10-31,1002969.9747009277,1100447.2525920868,7024.499059677124,90452.77883148193,VGUARD.NS,Held,335,149.42857360839844,2016-10-31,149.42857360839844,50058.57215881348,0.0,0.0,,,1269.739065170288,1082596.7401485443
2016-10-31,1002969.9747009277,1100447.2525920868,7024.499059677124,90452.77883148193,IGL.NS,Held,583,86.0,2016-10-31,86.0,50138.0,0.0,0.0,,,1269.739065170288,1082596.7401485443
2016-10-31,1002969.9747009277,1100447.2525920868,7024.499059677124,90452.77883148193,SYNGENE.NS,Held,171,292.9750061035156,2016-10-31,292.9750061035156,50098.72604370117,0.0,0.0,,,1269.739065170288,1082596.7401485443
2016-10-31,1002969.9747009277,1100447.2525920868,7024.499059677124,90452.77883148193,CUB.NS,Held,542,92.44834899902344,2016-10-31,92.44834899902344,50107.0051574707,0.0,0.0,,,1269.739065170288,1082596.7401485443
2016-10-31,1002969.9747009277,1100447.2525920868,7024.499059677124,90452.77883148193,GUJALKALI.NS,Held,124,402.04998779296875,2016-10-31,402.04998779296875,49854.198486328125,0.0,0.0,,,1269.739065170288,1082596.7401485443
2016-10-31,1002969.9747009277,1100447.2525920868,7024.499059677124,90452.77883148193,CANFINHOME.NS,Held,137,365.7900085449219,2016-10-31,365.7900085449219,50113.2311706543,0.0,0.0,,,1269.739065170288,1082596.7401485443
2016-10-31,1002969.9747009277,1100447.2525920868,7024.499059677124,90452.77883148193,JUBLPHARMA.NS,Held,97,517.3148803710938,2016-10-31,517.3148803710938,50179.543395996094,0.0,0.0,,,1269.739065170288,1082596.7401485443
2016-10-31,1002969.9747009277,1100447.2525920868,7024.499059677124,90452.77883148193,RUSHIL.NS,Held,976,51.405845642089844,2016-10-31,51.405845642089844,50172.10534667969,0.0,0.0,,,1269.739065170288,1082596.7401485443
2016-10-31,1002969.9747009277,1100447.2525920868,7024.499059677124,90452.77883148193,GNFC.NS,Held,178,280.79998779296875,2016-10-31,280.79998779296875,49982.39782714844,0.0,0.0,,,1269.739065170288,1082596.7401485443
2016-10-31,1002969.9747009277,1100447.2525920868,7024.499059677124,90452.77883148193,JKPAPER.NS,Held,550,91.0999984741211,2016-10-31,91.0999984741211,50104.9991607666,0.0,0.0,,,1269.739065170288,1082596.7401485443
2016-11-30,,,,,CUB.NS,Sold,542,92.44834899902344,2016-10-31,83.49173736572266,45252.52165222168,0.0,,-4854.483505249023,-9.688233192131309,,
2016-11-30,,,,,ESCORTS.NS,Sold,153,325.45001220703125,2016-08-31,322.70001220703125,49373.10186767578,0.0,,-420.75,-0.844983836795993,,
2016-11-30,,,,,CANFINHOME.NS,Sold,137,365.7900085449219,2016-10-31,338.54998779296875,46381.34832763672,0.0,,-3731.882843017578,-7.446901259088884,,
2016-11-30,,,,,MARUTI.NS,Sold,8,5477.2998046875,2016-09-30,5266.0,42128.0,0.0,,-1690.3984375,-3.85773669914268,,
2016-11-30,,,,,ATLASCYCLE.NS,Sold,256,195.39999389648438,2016-10-31,180.39999389648438,46182.3984375,0.0,,-3840.0,-7.67656114050159,,
2016-11-30,,,,,VGUARD.NS,Sold,335,149.42857360839844,2016-10-31,122.71428680419922,41109.28607940674,0.0,,-8949.286079406738,-17.877629531690705,,
2016-11-30,,,,,SYNGENE.NS,Sold,171,292.9750061035156,2016-10-31,292.79998779296875,50068.797912597656,0.0,,-29.928131103515625,-0.059738307671554934,,
2016-11-30,,,,,GHCL.NS,Sold,198,252.10000610351562,2016-08-31,246.60000610351562,48826.801208496094,0.0,,-1089.0,-2.181673886093294,,
2016-11-30,,,,,DELTACORP.NS,Sold,322,154.85000610351562,2016-08-31,114.8499984741211,36981.69950866699,0.0,,-12880.002456665039,-25.831453698913602,,
2016-11-30,,,,,GUJALKALI.NS,Sold,124,402.04998779296875,2016-10-31,366.20001220703125,45408.801513671875,0.0,,-4445.39697265625,-8.916795591198488,,
2016-11-30,,,,,APTECHT.NS,Sold,433,113.0,2016-09-30,116.71428680419922,50537.28618621826,0.0,,1608.2861862182617,3.2869794727426718,,
2016-11-30,,,,,MANAPPURAM.NS,Sold,586,85.30000305175781,2016-08-31,77.0,45122.0,0.0,,-4863.801788330078,-9.730366652767396,,
2016-11-30,,,,,GNFC.NS,Sold,178,280.79998779296875,2016-10-31,216.60000610351562,38554.80108642578,0.0,,-11427.596740722656,-22.863242336316333,,
2016-11-30,,,,,JKPAPER.NS,Sold,550,91.0999984741211,2016-10-31,90.75,49912.5,0.0,,-192.49916076660156,-0.38419152577759735,,
2016-11-30,1100447.2525920868,1059320.7601985931,-56806.73992919922,15680.247535705566,BAJAJFINSV.NS,Held,168,296.7300109863281,2016-08-31,299.0,50232.0,381.358154296875,0.7650014928137704,,,47305.83653831482,951017.4689235687
2016-11-30,1100447.2525920868,1059320.7601985931,-56806.73992919922,15680.247535705566,TIRUMALCHM.NS,Held,910,53.779998779296875,2016-09-30,79.50499725341797,72349.54750061035,23409.748611450195,47.83376544817658,,,47305.83653831482,951017.4689235687
2016-11-30,1100447.2525920868,1059320.7601985931,-56806.73992919922,15680.247535705566,IDFCFIRSTB.NS,Held,613,79.8499984741211,2016-09-30,68.44999694824219,41959.84812927246,-6988.2009353637695,-14.276771125516778,,,47305.83653831482,951017.4689235687
2016-11-30,1100447.2525920868,1059320.7601985931,-56806.73992919922,15680.247535705566,IGL.NS,Held,583,86.0,2016-10-31,82.90499877929688,48333.61428833008,-1804.3857116699219,-3.598838628724564,,,47305.83653831482,951017.4689235687
2016-11-30,1100447.2525920868,1059320.7601985931,-56806.73992919922,15680.247535705566,JUBLPHARMA.NS,Held,97,517.3148803710938,2016-10-31,528.7965698242188,51293.26727294922,1113.723876953125,2.219477901909308,,,47305.83653831482,951017.4689235687
2016-11-30,1100447.2525920868,1059320.7601985931,-56806.73992919922,15680.247535705566,RUSHIL.NS,Held,976,51.405845642089844,2016-10-31,50.963226318359375,49740.10888671875,-431.9964599609375,-0.8610291654614138,,,47305.83653831482,951017.4689235687
2016-11-30,1100447.2525920868,1059320.7601985931,-56806.73992919922,15680.247535705566,INDIANB.NS,Held,179,253.75,2016-11-30,253.75,45421.25,0.0,0.0,,,47305.83653831482,951017.4689235687
2016-11-30,1100447.2525920868,1059320.7601985931,-56806.73992919922,15680.247535705566,CEATLTD.NS,Held,35,1280.6500244140625,2016-11-30,1280.6500244140625,44822.75085449219,0.0,0.0,,,47305.83653831482,951017.4689235687
2016-11-30,1100447.2525920868,1059320.7601985931,-56806.73992919922,15680.247535705566,VEDL.NS,Held,197,229.85000610351562,2016-11-30,229.85000610351562,45280.45120239258,0.0,0.0,,,47305.83653831482,951017.4689235687
2016-11-30,1100447.2525920868,1059320.7601985931,-56806.73992919922,15680.247535705566,ADANIENSOL.NS,Held,781,58.25,2016-11-30,58.25,45493.25,0.0,0.0,,,47305.83653831482,951017.4689235687
2016-11-30,1100447.2525920868,1059320.7601985931,-56806.73992919922,15680.247535705566,HINDALCO.NS,Held,258,175.75,2016-11-30,175.75,45343.5,0.0,0.0,,,47305.83653831482,951017.4689235687
2016-11-30,1100447.2525920868,1059320.7601985931,-56806.73992919922,15680.247535705566,ASTEC.NS,Held,76,595.2999877929688,2016-11-30,595.2999877929688,45242.799072265625,0.0,0.0,,,47305.83653831482,951017.4689235687
2016-11-30,1100447.2525920868,1059320.7601985931,-56806.73992919922,15680.247535705566,ZEEMEDIA.NS,Held,1346,33.793094635009766,2016-11-30,33.793094635009766,45485.505378723145,0.0,0.0,,,47305.83653831482,951017.4689235687
2016-11-30,1100447.2525920868,1059320.7601985931,-56806.73992919922,15680.247535705566,RECLTD.NS,Held,443,102.67500305175781,2016-11-30,102.67500305175781,45485.02635192871,0.0,0.0,,,47305.83653831482,951017.4689235687
2016-11-30,1100447.2525920868,1059320.7601985931,-56806.73992919922,15680.247535705566,PNBGILTS.NS,Held,853,53.349998474121094,2016-11-30,53.349998474121094,45507.54869842529,0.0,0.0,,,47305.83653831482,951017.4689235687
2016-11-30,1100447.2525920868,1059320.7601985931,-56806.73992919922,15680.247535705566,MOIL.NS,Held,241,188.0500030517578,2016-11-30,188.0500030517578,45320.05073547363,0.0,0.0,,,47305.83653831482,951017.4689235687
2016-11-30,1100447.2525920868,1059320.7601985931,-56806.73992919922,15680.247535705566,HINDZINC.NS,Held,161,282.6000061035156,2016-11-30,282.6000061035156,45498.600982666016,0.0,0.0,,,47305.83653831482,951017.4689235687
2016-11-30,1100447.2525920868,1059320.7601985931,-56806.73992919922,15680.247535705566,ONGC.NS,Held,236,192.60000610351562,2016-11-30,192.60000610351562,45453.60144042969,0.0,0.0,,,47305.83653831482,951017.4689235687
2016-11-30,1100447.2525920868,1059320.7601985931,-56806.73992919922,15680.247535705566,VAKRANGEE.NS,Held,353,128.75045776367188,2016-11-30,128.75045776367188,45448.91159057617,0.0,0.0,,,47305.83653831482,951017.4689235687
2016-12-31,,,,,HINDALCO.NS,Sold,258,175.75,2016-11-30,155.0500030517578,40002.900787353516,0.0,,-5340.599212646484,-11.778092146937233,,
2016-12-31,,,,,BAJAJFINSV.NS,Sold,168,296.7300109863281,2016-08-31,289.4849853515625,48633.4775390625,0.0,,-1217.164306640625,-2.441622136798101,,
2016-12-31,,,,,RECLTD.NS,Sold,443,102.67500305175781,2016-11-30,93.63749694824219,41481.41114807129,0.0,,-4003.615203857422,-8.802050971413047,,
2016-12-31,,,,,CEATLTD.NS,Sold,35,1280.6500244140625,2016-11-30,1163.0999755859375,40708.49914550781,0.0,,-4114.251708984375,-9.178936211078263,,
2016-12-31,,,,,INDIANB.NS,Sold,179,253.75,2016-11-30,220.85000610351562,39532.1510925293,0.0,,-5889.098907470703,-12.965514836052956,,
2016-12-31,,,,,ADANIENSOL.NS,Sold,781,58.25,2016-11-30,56.75,44321.75,0.0,,-1171.5,-2.575107296137339,,
2016-12-31,,,,,ASTEC.NS,Sold,76,595.2999877929688,2016-11-30,618.5499877929688,47009.799072265625,0.0,,1767.0,3.905593898329761,,
2016-12-31,,,,,ZEEMEDIA.NS,Sold,1346,33.793094635009766,2016-11-30,36.07389450073242,48555.46199798584,0.0,,3069.9566192626953,6.749307485321985,,
2016-12-31,,,,,TIRUMALCHM.NS,Sold,910,53.779998779296875,2016-09-30,76.44000244140625,69560.40222167969,0.0,,20620.60333251953,42.13463030206048,,
2016-12-31,,,,,PNBGILTS.NS,Sold,853,53.349998474121094,2016-11-30,45.70000076293945,38982.10065078735,0.0,,-6525.448047637939,-14.339265098372,,
2016-12-31,,,,,IDFCFIRSTB.NS,Sold,613,79.8499984741211,2016-09-30,60.04999923706055,36810.649532318115,0.0,,-12137.399532318115,-24.796492943550412,,
2016-12-31,,,,,RUSHIL.NS,Sold,976,51.405845642089844,2016-10-31,43.53578186035156,42490.923095703125,0.0,,-7681.1822509765625,-15.309666991052213,,
2016-12-31,1059320.7601985931,1026190.9874629974,-22622.69921875,-10507.073516845703,IGL.NS,Held,583,86.0,2016-10-31,91.82499694824219,53533.973220825195,3395.9732208251953,6.773252265397893,,,1408.3486194610596,902207.4486522675
2016-12-31,1059320.7601985931,1026190.9874629974,-22622.69921875,-10507.073516845703,JUBLPHARMA.NS,Held,97,517.3148803710938,2016-10-31,474.42730712890625,46019.448791503906,-4160.0946044921875,-8.290419407889885,,,1408.3486194610596,902207.4486522675
2016-12-31,1059320.7601985931,1026190.9874629974,-22622.69921875,-10507.073516845703,VEDL.NS,Held,197,229.85000610351562,2016-11-30,216.14999389648438,42581.54879760742,-2698.9024047851562,-5.960414114960384,,,1408.3486194610596,902207.4486522675
2016-12-31,1059320.7601985931,1026190.9874629974,-22622.69921875,-10507.073516845703,MOIL.NS,Held,241,188.0500030517578,2016-11-30,180.02499389648438,43386.023529052734,-1934.0272064208984,-4.2674868519224,,,1408.3486194610596,902207.4486522675
2016-12-31,1059320.7601985931,1026190.9874629974,-22622.69921875,-10507.073516845703,HINDZINC.NS,Held,161,282.6000061035156,2016-11-30,255.39999389648438,41119.399017333984,-4379.201965332031,-9.624915647407297,,,1408.3486194610596,902207.4486522675
2016-12-31,1059320.7601985931,1026190.9874629974,-22622.69921875,-10507.073516845703,ONGC.NS,Held,236,192.60000610351562,2016-11-30,191.35000610351562,45158.60144042969,-295.0,-0.6490134789134792,,,1408.3486194610596,902207.4486522675
2016-12-31,1059320.7601985931,1026190.9874629974,-22622.69921875,-10507.073516845703,VAKRANGEE.NS,Held,353,128.75045776367188,2016-11-30,127.51583862304688,45013.09103393555,-435.820556640625,-0.9589240784613033,,,1408.3486194610596,902207.4486522675
2016-12-31,1059320.7601985931,1026190.9874629974,-22622.69921875,-10507.073516845703,GSFC.NS,Held,459,97.9000015258789,2016-12-31,97.9000015258789,44936.10070037842,0.0,0.0,,,1408.3486194610596,902207.4486522675
2016-12-31,1059320.7601985931,1026190.9874629974,-22622.69921875,-10507.073516845703,ENGINERSIN.NS,Held,298,151.0,2016-12-31,151.0,44998.0,0.0,0.0,,,1408.3486194610596,902207.4486522675
2016-12-31,1059320.7601985931,1026190.9874629974,-22622.69921875,-10507.073516845703,OIL.NS,Held,298,150.70004272460938,2016-12-31,150.70004272460938,44908.612731933594,0.0,0.0,,,1408.3486194610596,902207.4486522675
2016-12-31,1059320.7601985931,1026190.9874629974,-22622.69921875,-10507.073516845703,SYNGENE.NS,Held,160,280.92498779296875,2016-12-31,280.92498779296875,44947.998046875,0.0,0.0,,,1408.3486194610596,902207.4486522675
2016-12-31,1059320.7601985931,1026190.9874629974,-22622.69921875,-10507.073516845703,BALMLAWRIE.NS,Held,286,157.1999969482422,2016-12-31,157.1999969482422,44959.199127197266,0.0,0.0,,,1408.3486194610596,902207.4486522675
2016-12-31,1059320.7601985931,1026190.9874629974,-22622.69921875,-10507.073516845703,GAIL.NS,Held,546,82.35004425048828,2016-12-31,82.35004425048828,44963.1241607666,0.0,0.0,,,1408.3486194610596,902207.4486522675
2016-12-31,1059320.7601985931,1026190.9874629974,-22622.69921875,-10507.073516845703,STCINDIA.NS,Held,215,208.85000610351562,2016-12-31,208.85000610351562,44902.75131225586,0.0,0.0,,,1408.3486194610596,902207.4486522675
2016-12-31,1059320.7601985931,1026190.9874629974,-22622.69921875,-10507.073516845703,TVSELECT.NS,Held,237,189.5,2016-12-31,189.5,44911.5,0.0,0.0,,,1408.3486194610596,902207.4486522675
2016-12-31,1059320.7601985931,1026190.9874629974,-22622.69921875,-10507.073516845703,BALKRISIND.NS,Held,81,551.25,2016-12-31,551.25,44651.25,0.0,0.0,,,1408.3486194610596,902207.4486522675
2016-12-31,1059320.7601985931,1026190.9874629974,-22622.69921875,-10507.073516845703,HCC.NS,Held,1264,35.61729431152344,2016-12-31,35.61729431152344,45020.260009765625,0.0,0.0,,,1408.3486194610596,902207.4486522675
2016-12-31,1059320.7601985931,1026190.9874629974,-22622.69921875,-10507.073516845703,TATACOMM.NS,Held,115,389.6766662597656,2016-12-31,389.6766662597656,44812.81661987305,0.0,0.0,,,1408.3486194610596,902207.4486522675
2016-12-31,1059320.7601985931,1026190.9874629974,-22622.69921875,-10507.073516845703,TANLA.NS,Held,799,56.29999923706055,2016-12-31,56.29999923706055,44983.69939041138,0.0,0.0,,,1408.3486194610596,902207.4486522675
2016-12-31,1059320.7601985931,1026190.9874629974,-22622.69921875,-10507.073516845703,NATIONALUM.NS,Held,689,65.30000305175781,2016-12-31,65.30000305175781,44991.70210266113,0.0,0.0,,,1408.3486194610596,902207.4486522675
2017-01-31,,,,,GSFC.NS,Sold,459,97.9000015258789,2016-12-31,108.25,49686.75,0.0,,4750.649299621582,10.572010534019423,,
2017-01-31,,,,,ENGINERSIN.NS,Sold,298,151.0,2016-12-31,147.89999389648438,44074.198181152344,0.0,,-923.8018188476562,-2.052984174513659,,
2017-01-31,,,,,OIL.NS,Sold,298,150.70004272460938,2016-12-31,146.5111083984375,43660.310302734375,0.0,,-1248.3024291992188,-2.7796503905621126,,
2017-01-31,,,,,GAIL.NS,Sold,546,82.35004425048828,2016-12-31,87.77816772460938,47926.87957763672,0.0,,2963.755416870117,6.59152465979265,,
2017-01-31,,,,,BALKRISIND.NS,Sold,81,551.25,2016-12-31,560.9000244140625,45432.90197753906,0.0,,781.6519775390625,1.7505713222789117,,
2017-01-31,,,,,MOIL.NS,Sold,241,188.0500030517578,2016-11-30,175.875,42385.875,0.0,,-2934.175735473633,-6.474343448113018,,
2017-01-31,,,,,JUBLPHARMA.NS,Sold,97,517.3148803710938,2016-10-31,503.844482421875,48872.914794921875,0.0,,-1306.6286010742188,-2.6039069163361033,,
2017-01-31,,,,,ONGC.NS,Sold,236,192.60000610351562,2016-11-30,202.5500030517578,47801.800720214844,0.0,,2348.1992797851562,5.166145707645731,,
2017-01-31,,,,,SYNGENE.NS,Sold,160,280.92498779296875,2016-12-31,273.0249938964844,43683.9990234375,0.0,,-1263.9990234375,-2.8121364206684154,,
2017-01-31,,,,,BALMLAWRIE.NS,Sold,286,157.1999969482422,2016-12-31,149.93333435058594,42880.93362426758,0.0,,-2078.2655029296875,-4.622558994100226,,
2017-01-31,,,,,STCINDIA.NS,Sold,215,208.85000610351562,2016-12-31,173.3000030517578,37259.50065612793,0.0,,-7643.25065612793,-17.021786934560875,,
2017-01-31,,,,,TVSELECT.NS,Sold,237,189.5,2016-12-31,196.25,46511.25,0.0,,1599.75,3.562005277044855,,
2017-01-31,,,,,TANLA.NS,Sold,799,56.29999923706055,2016-12-31,59.599998474121094,47620.398780822754,0.0,,2636.699390411377,5.861455207424336,,
2017-01-31,1026190.9874629974,1057077.6309833527,-2317.718402862549,33204.36192321777,IGL.NS,Held,583,86.0,2016-10-31,93.94999694824219,54772.848220825195,4634.848220825195,9.24418249795603,,,1190.8092021942139,943601.1656894684
2017-01-31,1026190.9874629974,1057077.6309833527,-2317.718402862549,33204.36192321777,VEDL.NS,Held,197,229.85000610351562,2016-11-30,253.10000610351562,49860.70120239258,4580.25,10.115292313513837,,,1190.8092021942139,943601.1656894684
2017-01-31,1026190.9874629974,1057077.6309833527,-2317.718402862549,33204.36192321777,HINDZINC.NS,Held,161,282.6000061035156,2016-11-30,298.8999938964844,48122.899017333984,2624.2980346679688,5.767865336491928,,,1190.8092021942139,943601.1656894684
2017-01-31,1026190.9874629974,1057077.6309833527,-2317.718402862549,33204.36192321777,VAKRANGEE.NS,Held,353,128.75045776367188,2016-11-30,142.3779296875,50259.4091796875,4810.497589111328,10.58440658039605,,,1190.8092021942139,943601.1656894684
2017-01-31,1026190.9874629974,1057077.6309833527,-2317.718402862549,33204.36192321777,HCC.NS,Held,1264,35.61729431152344,2016-12-31,38.936790466308594,49216.10314941406,4195.8431396484375,9.319899837846984,,,1190.8092021942139,943601.1656894684
2017-01-31,1026190.9874629974,1057077.6309833527,-2317.718402862549,33204.36192321777,TATACOMM.NS,Held,115,389.6766662597656,2016-12-31,438.7277526855469,50453.69155883789,5640.874938964844,12.587637565417605,,,1190.8092021942139,943601.1656894684
2017-01-31,1026190.9874629974,1057077.6309833527,-2317.718402862549,33204.36192321777,NATIONALUM.NS,Held,689,65.30000305175781,2016-12-31,75.05000305175781,51709.45210266113,6717.75,14.931086591637671,,,1190.8092021942139,943601.1656894684
2017-01-31,1026190.9874629974,1057077.6309833527,-2317.718402862549,33204.36192321777,RPPINFRA.NS,Held,193,234.6976776123047,2017-01-31,234.6976776123047,45296.651779174805,0.0,0.0,,,1190.8092021942139,943601.1656894684
2017-01-31,1026190.9874629974,1057077.6309833527,-2317.718402862549,33204.36192321777,INDIANB.NS,Held,166,272.25,2017-01-31,272.25,45193.5,0.0,0.0,,,1190.8092021942139,943601.1656894684
2017-01-31,1026190.9874629974,1057077.6309833527,-2317.718402862549,33204.36192321777,CESC.NS,Held,683,66.26692962646484,2017-01-31,66.26692962646484,45260.31293487549,0.0,0.0,,,1190.8092021942139,943601.1656894684
2017-01-31,1026190.9874629974,1057077.6309833527,-2317.718402862549,33204.36192321777,DHAMPURSUG.NS,Held,254,177.9499969482422,2017-01-31,177.9499969482422,45199.299224853516,0.0,0.0,,,1190.8092021942139,943601.1656894684
2017-01-31,1026190.9874629974,1057077.6309833527,-2317.718402862549,33204.36192321777,ZUARI.NS,Held,134,335.8999938964844,2017-01-31,335.8999938964844,45010.599182128906,0.0,0.0,,,1190.8092021942139,943601.1656894684
2017-01-31,1026190.9874629974,1057077.6309833527,-2317.718402862549,33204.36192321777,POWERGRID.NS,Held,388,116.5500259399414,2017-01-31,116.5500259399414,45221.410064697266,0.0,0.0,,,1190.8092021942139,943601.1656894684
2017-01-31,1026190.9874629974,1057077.6309833527,-2317.718402862549,33204.36192321777,HINDALCO.NS,Held,238,189.9499969482422,2017-01-31,189.9499969482422,45208.09927368164,0.0,0.0,,,1190.8092021942139,943601.1656894684
2017-01-31,1026190.9874629974,1057077.6309833527,-2317.718402862549,33204.36192321777,LTFOODS.NS,Held,1020,44.400001525878906,2017-01-31,44.400001525878906,45288.001556396484,0.0,0.0,,,1190.8092021942139,943601.1656894684
2017-01-31,1026190.9874629974,1057077.6309833527,-2317.718402862549,33204.36192321777,HINDOILEXP.NS,Held,645,70.19999694824219,2017-01-31,70.19999694824219,45278.99803161621,0.0,0.0,,,1190.8092021942139,943601.1656894684
2017-01-31,1026190.9874629974,1057077.6309833527,-2317.718402862549,33204.36192321777,BIOCON.NS,Held,268,168.49166870117188,2017-01-31,168.49166870117188,45155.76721191406,0.0,0.0,,,1190.8092021942139,943601.1656894684
2017-01-31,1026190.9874629974,1057077.6309833527,-2317.718402862549,33204.36192321777,DWARKESH.NS,Held,1136,39.8650016784668,2017-01-31,39.8650016784668,45286.64190673828,0.0,0.0,,,1190.8092021942139,943601.1656894684
2017-01-31,1026190.9874629974,1057077.6309833527,-2317.718402862549,33204.36192321777,NFL.NS,Held,880,51.5,2017-01-31,51.5,45320.0,0.0,0.0,,,1190.8092021942139,943601.1656894684
2017-01-31,1026190.9874629974,1057077.6309833527,-2317.718402862549,33204.36192321777,RUSHIL.NS,Held,867,52.24448776245117,2017-01-31,52.24448776245117,45295.970890045166,0.0,0.0,,,1190.8092021942139,943601.1656894684
2017-02-28,,,,,INDIANB.NS,Sold,166,272.25,2017-01-31,288.5,47891.0,0.0,,2697.5,5.968778696051423,,
2017-02-28,,,,,VEDL.NS,Sold,197,229.85000610351562,2016-11-30,259.1000061035156,51042.70120239258,0.0,,5762.25,12.725690329904504,,
2017-02-28,,,,,POWERGRID.NS,Sold,388,116.5500259399414,2017-01-31,108.08440399169922,41936.7487487793,0.0,,-3284.6613159179688,-7.263509278500331,,
2017-02-28,,,,,HINDALCO.NS,Sold,238,189.9499969482422,2017-01-31,184.35000610351562,43875.30145263672,0.0,,-1332.7978210449219,-2.948139476018236,,
2017-02-28,,,,,HCC.NS,Sold,1264,35.61729431152344,2016-12-31,35.303287506103516,44623.355407714844,0.0,,-396.90460205078125,-0.8816133046870147,,
2017-02-28,,,,,TATACOMM.NS,Sold,115,389.6766662597656,2016-12-31,457.69622802734375,52635.06622314453,0.0,,7822.249603271484,17.45538485033,,
2017-02-28,,,,,NATIONALUM.NS,Sold,689,65.30000305175781,2016-12-31,68.94999694824219,47506.54789733887,0.0,,2514.8457946777344,5.5895769156263775,,
2017-02-28,,,,,HINDZINC.NS,Sold,161,282.6000061035156,2016-11-30,308.3500061035156,49644.350982666016,0.0,,4145.75,9.111818628400115,,
2017-02-28,,,,,RPPINFRA.NS,Sold,193,234.6976776123047,2017-01-31,230.66091918945312,44517.55740356445,0.0,,-779.0943756103516,-1.7199822614009215,,
2017-02-28,,,,,ZUARI.NS,Sold,134,335.8999938964844,2017-01-31,351.8500061035156,47147.900817871094,0.0,,2137.3016357421875,4.74844075524057,,
2017-02-28,,,,,LTFOODS.NS,Sold,1020,44.400001525878906,2017-01-31,54.349998474121094,55436.998443603516,0.0,,10148.996887207031,22.409902266428414,,
2017-02-28,,,,,HINDOILEXP.NS,Sold,645,70.19999694824219,2017-01-31,74.9000015258789,48310.500984191895,0.0,,3031.5029525756836,6.695163507061102,,
2017-02-28,,,,,RUSHIL.NS,Sold,867,52.24448776245117,2017-01-31,51.044761657714844,44255.80835723877,0.0,,-1040.1625328063965,-2.2963687771068315,,
2017-02-28,1057077.6309833527,1142746.0633068085,31426.7762260437,54241.65609741211,IGL.NS,Held,583,86.0,2016-10-31,104.31500244140625,60815.646423339844,10677.646423339844,21.296514466751454,,,2391.3660945892334,996065.2360897064
2017-02-28,1057077.6309833527,1142746.0633068085,31426.7762260437,54241.65609741211,VAKRANGEE.NS,Held,353,128.75045776367188,2016-11-30,147.78233337402344,52167.16368103027,6718.252090454102,14.781986752455323,,,2391.3660945892334,996065.2360897064
2017-02-28,1057077.6309833527,1142746.0633068085,31426.7762260437,54241.65609741211,CESC.NS,Held,683,66.26692962646484,2017-01-31,75.44635772705078,51529.86232757568,6269.549392700195,13.852200716599935,,,2391.3660945892334,996065.2360897064
2017-02-28,1057077.6309833527,1142746.0633068085,31426.7762260437,54241.65609741211,DHAMPURSUG.NS,Held,254,177.9499969482422,2017-01-31,188.0500030517578,47764.700775146484,2565.4015502929688,5.675755142863684,,,2391.3660945892334,996065.2360897064
2017-02-28,1057077.6309833527,1142746.0633068085,31426.7762260437,54241.65609741211,BIOCON.NS,Held,268,168.49166870117188,2017-01-31,187.0749969482422,50136.099182128906,4980.331970214844,11.029226780363095,,,2391.3660945892334,996065.2360897064
2017-02-28,1057077.6309833527,1142746.0633068085,31426.7762260437,54241.65609741211,DWARKESH.NS,Held,1136,39.8650016784668,2017-01-31,39.91999816894531,45349.117919921875,62.47601318359375,0.1379568246907215,,,2391.3660945892334,996065.2360897064
2017-02-28,1057077.6309833527,1142746.0633068085,31426.7762260437,54241.65609741211,NFL.NS,Held,880,51.5,2017-01-31,77.5999984741211,68287.99865722656,22967.998657226562,50.67960868761377,,,2391.3660945892334,996065.2360897064
2017-02-28,1057077.6309833527,1142746.0633068085,31426.7762260437,54241.65609741211,GSFC.NS,Held,397,119.9000015258789,2017-02-28,119.9000015258789,47600.300605773926,0.0,0.0,,,2391.3660945892334,996065.2360897064
2017-02-28,1057077.6309833527,1142746.0633068085,31426.7762260437,54241.65609741211,VENKEYS.NS,Held,55,858.5499877929688,2017-02-28,858.5499877929688,47220.24932861328,0.0,0.0,,,2391.3660945892334,996065.2360897064
2017-02-28,1057077.6309833527,1142746.0633068085,31426.7762260437,54241.65609741211,GAIL.NS,Held,492,96.9188003540039,2017-02-28,96.9188003540039,47684.04977416992,0.0,0.0,,,2391.3660945892334,996065.2360897064
2017-02-28,1057077.6309833527,1142746.0633068085,31426.7762260437,54241.65609741211,BAJAJFINSV.NS,Held,121,391.4150085449219,2017-02-28,391.4150085449219,47361.21603393555,0.0,0.0,,,2391.3660945892334,996065.2360897064
2017-02-28,1057077.6309833527,1142746.0633068085,31426.7762260437,54241.65609741211,JINDALSTEL.NS,Held,380,125.44999694824219,2017-02-28,125.44999694824219,47670.99884033203,0.0,0.0,,,2391.3660945892334,996065.2360897064
2017-02-28,1057077.6309833527,1142746.0633068085,31426.7762260437,54241.65609741211,DCBBANK.NS,Held,305,156.0,2017-02-28,156.0,47580.0,0.0,0.0,,,2391.3660945892334,996065.2360897064
2017-02-28,1057077.6309833527,1142746.0633068085,31426.7762260437,54241.65609741211,ALKEM.NS,Held,22,2141.550048828125,2017-02-28,2141.550048828125,47114.10107421875,0.0,0.0,,,2391.3660945892334,996065.2360897064
2017-02-28,1057077.6309833527,1142746.0633068085,31426.7762260437,54241.65609741211,APTECHT.NS,Held,284,167.42857360839844,2017-02-28,167.42857360839844,47549.714904785156,0.0,0.0,,,2391.3660945892334,996065.2360897064
2017-02-28,1057077.6309833527,1142746.0633068085,31426.7762260437,54241.65609741211,BALKRISIND.NS,Held,73,650.3250122070312,2017-02-28,650.3250122070312,47473.72589111328,0.0,0.0,,,2391.3660945892334,996065.2360897064
2017-02-28,1057077.6309833527,1142746.0633068085,31426.7762260437,54241.65609741211,ESCORTS.NS,Held,106,449.04998779296875,2017-02-28,449.04998779296875,47599.29870605469,0.0,0.0,,,2391.3660945892334,996065.2360897064
2017-02-28,1057077.6309833527,1142746.0633068085,31426.7762260437,54241.65609741211,RAIN.NS,Held,559,85.30000305175781,2017-02-28,85.30000305175781,47682.70170593262,0.0,0.0,,,2391.3660945892334,996065.2360897064
2017-02-28,1057077.6309833527,1142746.0633068085,31426.7762260437,54241.65609741211,HDFCBANK.NS,Held,137,347.5249938964844,2017-02-28,347.5249938964844,47610.92416381836,0.0,0.0,,,2391.3660945892334,996065.2360897064
2017-02-28,1057077.6309833527,1142746.0633068085,31426.7762260437,54241.65609741211,GNFC.NS,Held,176,269.75,2017-02-28,269.75,47476.0,0.0,0.0,,,2391.3660945892334,996065.2360897064
2017-03-31,,,,,IGL.NS,Sold,583,86.0,2016-10-31,101.49500274658203,59171.586601257324,0.0,,9033.586601257324,18.01744505416515,,
2017-03-31,,,,,GAIL.NS,Sold,492,96.9188003540039,2017-02-28,94.2375259399414,46364.86276245117,0.0,,-1319.18701171875,-2.76651630464773,,
2017-03-31,,,,,JINDALSTEL.NS,Sold,380,125.44999694824219,2017-02-28,121.0,45980.0,0.0,,-1690.9988403320312,-3.5472276257433113,,
2017-03-31,,,,,ALKEM.NS,Sold,22,2141.550048828125,2017-02-28,2204.89990234375,48507.7978515625,0.0,,1393.69677734375,2.9581308898333054,,
2017-03-31,,,,,APTECHT.NS,Sold,284,167.42857360839844,2017-02-28,164.92857360839844,46839.714904785156,0.0,,-710.0,-1.4931740419931503,,
2017-03-31,,,,,BALKRISIND.NS,Sold,73,650.3250122070312,2017-02-28,693.0750122070312,50594.47589111328,0.0,,3120.75,6.5736361354021735,,
2017-03-31,,,,,BIOCON.NS,Sold,268,168.49166870117188,2017-01-31,188.71665954589844,50576.06475830078,0.0,,5420.297546386719,12.003555428367536,,
2017-03-31,,,,,DWARKESH.NS,Sold,1136,39.8650016784668,2017-01-31,44.040000915527344,50029.44104003906,0.0,,4742.799133300781,10.472843500005885,,
2017-03-31,,,,,HDFCBANK.NS,Sold,137,347.5249938964844,2017-02-28,360.63751220703125,49407.33917236328,0.0,,1796.4150085449219,3.773115183321934,,
2017-03-31,1142746.0633068085,1257310.6177959442,21787.359214782715,92777.19527435303,VAKRANGEE.NS,Held,353,128.75045776367188,2016-11-30,153.25662231445312,54099.58767700195,8650.676086425781,19.033846540385575,,,1066.768232345581,1056388.13448143
2017-03-31,1142746.0633068085,1257310.6177959442,21787.359214782715,92777.19527435303,CESC.NS,Held,683,66.26692962646484,2017-01-31,75.51817321777344,51578.91230773926,6318.5993728637695,13.960573763498996,,,1066.768232345581,1056388.13448143
2017-03-31,1142746.0633068085,1257310.6177959442,21787.359214782715,92777.19527435303,DHAMPURSUG.NS,Held,254,177.9499969482422,2017-01-31,216.85000610351562,55079.90155029297,9880.602325439453,21.860078573975887,,,1066.768232345581,1056388.13448143
2017-03-31,1142746.0633068085,1257310.6177959442,21787.359214782715,92777.19527435303,NFL.NS,Held,880,51.5,2017-01-31,76.5999984741211,67407.99865722656,22087.998657226562,48.73786111479824,,,1066.768232345581,1056388.13448143
2017-03-31,1142746.0633068085,1257310.6177959442,21787.359214782715,92777.19527435303,GSFC.NS,Held,397,119.9000015258789,2017-02-28,131.0,52007.0,4406.699394226074,9.257713371859548,,,1066.768232345581,1056388.13448143
2017-03-31,1142746.0633068085,1257310.6177959442,21787.359214782715,92777.19527435303,VENKEYS.NS,Held,55,858.5499877929688,2017-02-28,1017.0999755859375,55940.49865722656,8720.249328613281,18.46718188192457,,,1066.768232345581,1056388.13448143
2017-03-31,1142746.0633068085,1257310.6177959442,21787.359214782715,92777.19527435303,BAJAJFINSV.NS,Held,121,391.4150085449219,2017-02-28,409.8399963378906,49590.639556884766,2229.4235229492188,4.707276775477594,,,1066.768232345581,1056388.13448143
2017-03-31,1142746.0633068085,1257310.6177959442,21787.359214782715,92777.19527435303,DCBBANK.NS,Held,305,156.0,2017-02-28,170.25,51926.25,4346.25,9.134615384615383,,,1066.768232345581,1056388.13448143
2017-03-31,1142746.0633068085,1257310.6177959442,21787.359214782715,92777.19527435303,ESCORTS.NS,Held,106,449.04998779296875,2017-02-28,538.75,57107.5,9508.201293945312,19.975507102872207,,,1066.768232345581,1056388.13448143
2017-03-31,1142746.0633068085,1257310.6177959442,21787.359214782715,92777.19527435303,RAIN.NS,Held,559,85.30000305175781,2017-02-28,109.5999984741211,61266.39914703369,13583.697441101074,28.487684118391744,,,1066.768232345581,1056388.13448143
2017-03-31,1142746.0633068085,1257310.6177959442,21787.359214782715,92777.19527435303,GNFC.NS,Held,176,269.75,2017-02-28,287.04998779296875,50520.7978515625,3044.7978515625,6.413341165141334,,,1066.768232345581,1056388.13448143
2017-03-31,1142746.0633068085,1257310.6177959442,21787.359214782715,92777.19527435303,YESBANK.NS,Held,161,309.3500061035156,2017-03-31,309.3500061035156,49805.350982666016,0.0,0.0,,,1066.768232345581,1056388.13448143
2017-03-31,1142746.0633068085,1257310.6177959442,21787.359214782715,92777.19527435303,VGUARD.NS,Held,288,173.39999389648438,2017-03-31,173.39999389648438,49939.1982421875,0.0,0.0,,,1066.768232345581,1056388.13448143
2017-03-31,1142746.0633068085,1257310.6177959442,21787.359214782715,92777.19527435303,VEDL.NS,Held,181,274.95001220703125,2017-03-31,274.95001220703125,49765.952209472656,0.0,0.0,,,1066.768232345581,1056388.13448143
2017-03-31,1142746.0633068085,1257310.6177959442,21787.359214782715,92777.19527435303,LTF.NS,Held,434,115.00859832763672,2017-03-31,115.00859832763672,49913.731674194336,0.0,0.0,,,1066.768232345581,1056388.13448143
2017-03-31,1142746.0633068085,1257310.6177959442,21787.359214782715,92777.19527435303,JSL.NS,Held,702,71.19999694824219,2017-03-31,71.19999694824219,49982.397857666016,0.0,0.0,,,1066.768232345581,1056388.13448143
2017-03-31,1142746.0633068085,1257310.6177959442,21787.359214782715,92777.19527435303,RCF.NS,Held,611,81.75,2017-03-31,81.75,49949.25,0.0,0.0,,,1066.768232345581,1056388.13448143
2017-03-31,1142746.0633068085,1257310.6177959442,21787.359214782715,92777.19527435303,RECLTD.NS,Held,368,135.75,2017-03-31,135.75,49956.0,0.0,0.0,,,1066.768232345581,1056388.13448143
2017-03-31,1142746.0633068085,1257310.6177959442,21787.359214782715,92777.19527435303,CENTENKA.NS,Held,116,427.70001220703125,2017-03-31,427.70001220703125,49613.201416015625,0.0,0.0,,,1066.768232345581,1056388.13448143
2017-03-31,1142746.0633068085,1257310.6177959442,21787.359214782715,92777.19527435303,VIPIND.NS,Held,252,197.89999389648438,2017-03-31,197.89999389648438,49870.79846191406,0.0,0.0,,,1066.768232345581,1056388.13448143
2017-04-30,,,,,GSFC.NS,Sold,397,119.9000015258789,2017-02-28,128.25,50915.25,0.0,,3314.949394226074,6.9641354193968485,,
2017-04-30,,,,,VEDL.NS,Sold,181,274.95001220703125,2017-03-31,243.5500030517578,44082.550552368164,0.0,,-5683.401657104492,-11.420261051536135,,
2017-04-30,,,,,YESBANK.NS,Sold,161,309.3500061035156,2017-03-31,326.04998779296875,52494.04803466797,0.0,,2688.697052001953,5.398410008068636,,
2017-04-30,,,,,DHAMPURSUG.NS,Sold,254,177.9499969482422,2017-01-31,236.0,59944.0,0.0,,14744.700775146484,32.62152517408697,,
2017-04-30,,,,,LTF.NS,Sold,434,115.00859832763672,2017-03-31,118.68254852294922,51508.22605895996,0.0,,1594.494384765625,3.194500453649686,,
2017-04-30,,,,,RCF.NS,Sold,611,81.75,2017-03-31,84.3499984741211,51537.84906768799,0.0,,1588.5990676879883,3.180426268038035,,
2017-04-30,,,,,VIPIND.NS,Sold,252,197.89999389648438,2017-03-31,198.8000030517578,50097.60076904297,0.0,,226.80230712890625,0.4547797791970654,,
2017-04-30,,,,,GNFC.NS,Sold,176,269.75,2017-02-28,301.95001220703125,53143.2021484375,0.0,,5667.2021484375,11.936983209279425,,
2017-04-30,,,,,NFL.NS,Sold,880,51.5,2017-01-31,78.8499984741211,69387.99865722656,0.0,,24067.998657226562,53.10679315363319,,
2017-04-30,,,,,JSL.NS,Sold,702,71.19999694824219,2017-03-31,72.19999694824219,50684.397857666016,0.0,,702.0,1.4044944422215855,,
2017-04-30,,,,,VGUARD.NS,Sold,288,173.39999389648438,2017-03-31,190.39999389648438,54835.1982421875,0.0,,4896.0,9.80392191371621,,
2017-04-30,,,,,CENTENKA.NS,Sold,116,427.70001220703125,2017-03-31,423.6000061035156,49137.60070800781,0.0,,-475.6007080078125,-0.9586172519282014,,
2017-04-30,1257310.6177959442,1403711.3917064667,53332.44142150879,93068.33248901367,VAKRANGEE.NS,Held,353,128.75045776367188,2016-11-30,159.4064483642578,56270.47627258301,10821.564682006836,23.810393479809285,,,3435.3921184539795,1110011.7131175995
2017-04-30,1257310.6177959442,1403711.3917064667,53332.44142150879,93068.33248901367,CESC.NS,Held,683,66.26692962646484,2017-01-31,84.80084228515625,57918.97528076172,12658.66234588623,27.9685700894305,,,3435.3921184539795,1110011.7131175995
2017-04-30,1257310.6177959442,1403711.3917064667,53332.44142150879,93068.33248901367,VENKEYS.NS,Held,55,858.5499877929688,2017-02-28,1253.550048828125,68945.25268554688,21725.003356933594,46.007811618582984,,,3435.3921184539795,1110011.7131175995
2017-04-30,1257310.6177959442,1403711.3917064667,53332.44142150879,93068.33248901367,BAJAJFINSV.NS,Held,121,391.4150085449219,2017-02-28,457.56500244140625,55365.365295410156,8004.149261474609,16.900219064771115,,,3435.3921184539795,1110011.7131175995
2017-04-30,1257310.6177959442,1403711.3917064667,53332.44142150879,93068.33248901367,DCBBANK.NS,Held,305,156.0,2017-02-28,183.85000610351562,56074.251861572266,8494.251861572266,17.85256801507412,,,3435.3921184539795,1110011.7131175995
2017-04-30,1257310.6177959442,1403711.3917064667,53332.44142150879,93068.33248901367,ESCORTS.NS,Held,106,449.04998779296875,2017-02-28,547.5,58035.0,10435.701293945312,21.924065222872454,,,3435.3921184539795,1110011.7131175995
2017-04-30,1257310.6177959442,1403711.3917064667,53332.44142150879,93068.33248901367,RAIN.NS,Held,559,85.30000305175781,2017-02-28,112.0999984741211,62663.89914703369,14981.197441101074,31.41851636992527,,,3435.3921184539795,1110011.7131175995
2017-04-30,1257310.6177959442,1403711.3917064667,53332.44142150879,93068.33248901367,RECLTD.NS,Held,368,135.75,2017-03-31,151.91250610351562,55903.80224609375,5947.80224609375,11.906081844210405,,,3435.3921184539795,1110011.7131175995
2017-04-30,1257310.6177959442,1403711.3917064667,53332.44142150879,93068.33248901367,IIFL.NS,Held,205,259.359130859375,2017-04-30,259.359130859375,53168.621826171875,0.0,0.0,,,3435.3921184539795,1110011.7131175995
2017-04-30,1257310.6177959442,1403711.3917064667,53332.44142150879,93068.33248901367,ITI.NS,Held,462,115.1500015258789,2017-04-30,115.1500015258789,53199.300704956055,0.0,0.0,,,3435.3921184539795,1110011.7131175995
2017-04-30,1257310.6177959442,1403711.3917064667,53332.44142150879,93068.33248901367,BANKINDIA.NS,Held,284,186.8000030517578,2017-04-30,186.8000030517578,53051.20086669922,0.0,0.0,,,3435.3921184539795,1110011.7131175995
2017-04-30,1257310.6177959442,1403711.3917064667,53332.44142150879,93068.33248901367,PCBL.NS,Held,1254,42.42499923706055,2017-04-30,42.42499923706055,53200.949043273926,0.0,0.0,,,3435.3921184539795,1110011.7131175995
2017-04-30,1257310.6177959442,1403711.3917064667,53332.44142150879,93068.33248901367,SUNTV.NS,Held,57,921.75,2017-04-30,921.75,52539.75,0.0,0.0,,,3435.3921184539795,1110011.7131175995
2017-04-30,1257310.6177959442,1403711.3917064667,53332.44142150879,93068.33248901367,NATCOPHARM.NS,Held,57,923.9500122070312,2017-04-30,923.9500122070312,52665.15069580078,0.0,0.0,,,3435.3921184539795,1110011.7131175995
2017-04-30,1257310.6177959442,1403711.3917064667,53332.44142150879,93068.33248901367,BBTC.NS,Held,56,941.2999877929688,2017-04-30,941.2999877929688,52712.79931640625,0.0,0.0,,,3435.3921184539795,1110011.7131175995
2017-04-30,1257310.6177959442,1403711.3917064667,53332.44142150879,93068.33248901367,BALKRISIND.NS,Held,69,761.5499877929688,2017-04-30,761.5499877929688,52546.949157714844,0.0,0.0,,,3435.3921184539795,1110011.7131175995
2017-04-30,1257310.6177959442,1403711.3917064667,53332.44142150879,93068.33248901367,MOTILALOFS.NS,Held,63,843.9500122070312,2017-04-30,843.9500122070312,53168.85076904297,0.0,0.0,,,3435.3921184539795,1110011.7131175995
2017-04-30,1257310.6177959442,1403711.3917064667,53332.44142150879,93068.33248901367,GICHSGFIN.NS,Held,106,500.8999938964844,2017-04-30,500.8999938964844,53095.399353027344,0.0,0.0,,,3435.3921184539795,1110011.7131175995
2017-04-30,1257310.6177959442,1403711.3917064667,53332.44142150879,93068.33248901367,KEC.NS,Held,242,219.35000610351562,2017-04-30,219.35000610351562,53082.70147705078,0.0,0.0,,,3435.3921184539795,1110011.7131175995
2017-04-30,1257310.6177959442,1403711.3917064667,53332.44142150879,93068.33248901367,HDFCBANK.NS,Held,137,386.625,2017-04-30,386.625,52967.625,0.0,0.0,,,3435.3921184539795,1110011.7131175995
2017-05-31,,,,,CESC.NS,Sold,683,66.26692962646484,2017-01-31,82.3904037475586,56272.64575958252,0.0,,11012.332824707031,24.331101821042516,,
2017-05-31,,,,,BAJAJFINSV.NS,Sold,121,391.4150085449219,2017-02-28,419.20001220703125,50723.20147705078,0.0,,3361.9854431152344,7.09860456434709,,
2017-05-31,,,,,SUNTV.NS,Sold,57,921.75,2017-04-30,798.0,45486.0,0.0,,-7053.75,-13.425549227013834,,
2017-05-31,,,,,NATCOPHARM.NS,Sold,57,923.9500122070312,2017-04-30,933.7000122070312,53220.90069580078,0.0,,555.75,1.0552518936289919,,
2017-05-31,,,,,BALKRISIND.NS,Sold,69,761.5499877929688,2017-04-30,736.5750122070312,50823.675842285156,0.0,,-1723.2733154296875,-3.2794926119448737,,
2017-05-31,,,,,RECLTD.NS,Sold,368,135.75,2017-03-31,144.9375,53337.0,0.0,,3381.0,6.767955801104971,,
2017-05-31,,,,,RAIN.NS,Sold,559,85.30000305175781,2017-02-28,103.4000015258789,57800.60085296631,0.0,,10117.899147033691,21.219223712264686,,
2017-05-31,,,,,BANKINDIA.NS,Sold,284,186.8000030517578,2017-04-30,141.35000610351562,40143.40173339844,0.0,,-12907.799133300781,-24.330833086576064,,
2017-05-31,,,,,VENKEYS.NS,Sold,55,858.5499877929688,2017-02-28,1213.3499755859375,66734.24865722656,0.0,,19513.99932861328,41.325489818599294,,
2017-05-31,,,,,ITI.NS,Sold,462,115.1500015258789,2017-04-30,74.44999694824219,34395.89859008789,0.0,,-18803.402114868164,-35.345205417552485,,
2017-05-31,1403711.3917064667,1491856.8949108124,7454.7421798706055,80690.7610244751,VAKRANGEE.NS,Held,353,128.75045776367188,2016-11-30,170.00558471679688,60011.9714050293,14563.059814453125,32.04270312487038,,,1935.6388835906982,1105088.8838329315
2017-05-31,1403711.3917064667,1491856.8949108124,7454.7421798706055,80690.7610244751,DCBBANK.NS,Held,305,156.0,2017-02-28,191.10000610351562,58285.501861572266,10705.501861572266,22.500003912510017,,,1935.6388835906982,1105088.8838329315
2017-05-31,1403711.3917064667,1491856.8949108124,7454.7421798706055,80690.7610244751,ESCORTS.NS,Held,106,449.04998779296875,2017-02-28,692.9500122070312,73452.70129394531,25853.402587890625,54.31467120460336,,,1935.6388835906982,1105088.8838329315
2017-05-31,1403711.3917064667,1491856.8949108124,7454.7421798706055,80690.7610244751,IIFL.NS,Held,205,259.359130859375,2017-04-30,270.2795104980469,55407.29965209961,2238.6778259277344,4.210524457915818,,,1935.6388835906982,1105088.8838329315
2017-05-31,1403711.3917064667,1491856.8949108124,7454.7421798706055,80690.7610244751,PCBL.NS,Held,1254,42.42499923706055,2017-04-30,43.834999084472656,54969.08885192871,1768.1398086547852,3.323511780243941,,,1935.6388835906982,1105088.8838329315
2017-05-31,1403711.3917064667,1491856.8949108124,7454.7421798706055,80690.7610244751,BBTC.NS,Held,56,941.2999877929688,2017-04-30,882.2000122070312,49403.20068359375,-3309.5986328125,-6.27854842795728,,,1935.6388835906982,1105088.8838329315
2017-05-31,1403711.3917064667,1491856.8949108124,7454.7421798706055,80690.7610244751,MOTILALOFS.NS,Held,63,843.9500122070312,2017-04-30,1031.300048828125,64971.903076171875,11803.052307128906,22.199186434176447,,,1935.6388835906982,1105088.8838329315
2017-05-31,1403711.3917064667,1491856.8949108124,7454.7421798706055,80690.7610244751,GICHSGFIN.NS,Held,106,500.8999938964844,2017-04-30,540.25,57266.5,4171.100646972656,7.855860767218868,,,1935.6388835906982,1105088.8838329315
2017-05-31,1403711.3917064667,1491856.8949108124,7454.7421798706055,80690.7610244751,KEC.NS,Held,242,219.35000610351562,2017-04-30,259.95001220703125,62907.90295410156,9825.201477050781,18.509234088808586,,,1935.6388835906982,1105088.8838329315
2017-05-31,1403711.3917064667,1491856.8949108124,7454.7421798706055,80690.7610244751,HDFCBANK.NS,Held,137,386.625,2017-04-30,409.04998779296875,56039.84832763672,3072.2233276367188,5.80019082908988,,,1935.6388835906982,1105088.8838329315
2017-05-31,1403711.3917064667,1491856.8949108124,7454.7421798706055,80690.7610244751,SHAKTIPUMP.NS,Held,758,67.57499694824219,2017-05-31,67.57499694824219,51221.84768676758,0.0,0.0,,,1935.6388835906982,1105088.8838329315
2017-05-31,1403711.3917064667,1491856.8949108124,7454.7421798706055,80690.7610244751,ADANIENSOL.NS,Held,423,121.0,2017-05-31,121.0,51183.0,0.0,0.0,,,1935.6388835906982,1105088.8838329315
2017-05-31,1403711.3917064667,1491856.8949108124,7454.7421798706055,80690.7610244751,MOTHERSON.NS,Held,936,54.710140228271484,2017-05-31,54.710140228271484,51208.69125366211,0.0,0.0,,,1935.6388835906982,1105088.8838329315
2017-05-31,1403711.3917064667,1491856.8949108124,7454.7421798706055,80690.7610244751,ADFFOODS.NS,Held,935,54.779998779296875,2017-05-31,54.779998779296875,51219.29885864258,0.0,0.0,,,1935.6388835906982,1105088.8838329315
2017-05-31,1403711.3917064667,1491856.8949108124,7454.7421798706055,80690.7610244751,UNOMINDA.NS,Held,492,104.02664184570312,2017-05-31,104.02664184570312,51181.10778808594,0.0,0.0,,,1935.6388835906982,1105088.8838329315
2017-05-31,1403711.3917064667,1491856.8949108124,7454.7421798706055,80690.7610244751,TVSMOTOR.NS,Held,95,538.2999877929688,2017-05-31,538.2999877929688,51138.49884033203,0.0,0.0,,,1935.6388835906982,1105088.8838329315
2017-05-31,1403711.3917064667,1491856.8949108124,7454.7421798706055,80690.7610244751,RAJESHEXPO.NS,Held,78,650.75,2017-05-31,650.75,50758.5,0.0,0.0,,,1935.6388835906982,1105088.8838329315
2017-05-31,1403711.3917064667,1491856.8949108124,7454.7421798706055,80690.7610244751,AVANTIFEED.NS,Held,109,467.1833190917969,2017-05-31,467.1833190917969,50922.98178100586,0.0,0.0,,,1935.6388835906982,1105088.8838329315
2017-05-31,1403711.3917064667,1491856.8949108124,7454.7421798706055,80690.7610244751,JMFINANCIL.NS,Held,416,122.9000015258789,2017-05-31,122.9000015258789,51126.400634765625,0.0,0.0,,,1935.6388835906982,1105088.8838329315
2017-05-31,1403711.3917064667,1491856.8949108124,7454.7421798706055,80690.7610244751,MARUTI.NS,Held,7,7211.0,2017-05-31,7211.0,50477.0,0.0,0.0,,,1935.6388835906982,1105088.8838329315
2017-06-30,,,,,MOTHERSON.NS,Sold,936,54.710140228271484,2017-05-31,56.10050964355469,52510.07702636719,0.0,,1301.3857727050781,2.541337692577745,,
2017-06-30,,,,,DCBBANK.NS,Sold,305,156.0,2017-02-28,198.60000610351562,60573.001861572266,0.0,,12993.001861572266,27.30769622020232,,
2017-06-30,,,,,BBTC.NS,Sold,56,941.2999877929688,2017-04-30,880.9500122070312,49333.20068359375,0.0,,-3379.5986328125,-6.411343500326379,,
2017-06-30,,,,,ADFFOODS.NS,Sold,935,54.779998779296875,2017-05-31,49.58000183105469,46357.30171203613,0.0,,-4861.997146606445,-9.4925101572062,,
2017-06-30,,,,,JMFINANCIL.NS,Sold,416,122.9000015258789,2017-05-31,117.5,48880.0,0.0,,-2246.400634765625,-4.39381729766849,,
2017-06-30,,,,,KEC.NS,Sold,242,219.35000610351562,2017-04-30,257.75,62375.5,0.0,,9292.798522949219,17.506265250962727,,
2017-06-30,,,,,UNOMINDA.NS,Sold,492,104.02664184570312,2017-05-31,106.19075775146484,52245.8528137207,0.0,,1064.7450256347656,2.0803477526186325,,
2017-06-30,1491856.8949108124,1635855.3613109589,14163.934768676758,129834.53163146973,VAKRANGEE.NS,Held,353,128.75045776367188,2016-11-30,200.70816040039062,70849.98062133789,25401.06903076172,55.889279064778805,,,1592.5094966888428,1168396.589208603
2017-06-30,1491856.8949108124,1635855.3613109589,14163.934768676758,129834.53163146973,ESCORTS.NS,Held,106,449.04998779296875,2017-02-28,645.1500244140625,68385.90258789062,20786.603881835938,43.66997927890029,,,1592.5094966888428,1168396.589208603
2017-06-30,1491856.8949108124,1635855.3613109589,14163.934768676758,129834.53163146973,IIFL.NS,Held,205,259.359130859375,2017-04-30,328.7738342285156,67398.6360168457,14230.014190673828,26.763932751909707,,,1592.5094966888428,1168396.589208603
2017-06-30,1491856.8949108124,1635855.3613109589,14163.934768676758,129834.53163146973,PCBL.NS,Held,1254,42.42499923706055,2017-04-30,61.060001373291016,76569.24172210693,23368.292678833008,43.92457860070338,,,1592.5094966888428,1168396.589208603
2017-06-30,1491856.8949108124,1635855.3613109589,14163.934768676758,129834.53163146973,MOTILALOFS.NS,Held,63,843.9500122070312,2017-04-30,1146.4000244140625,72223.20153808594,19054.35076904297,35.83743205549437,,,1592.5094966888428,1168396.589208603
2017-06-30,1491856.8949108124,1635855.3613109589,14163.934768676758,129834.53163146973,GICHSGFIN.NS,Held,106,500.8999938964844,2017-04-30,568.5,60261.0,7165.600646972656,13.495709109049377,,,1592.5094966888428,1168396.589208603
2017-06-30,1491856.8949108124,1635855.3613109589,14163.934768676758,129834.53163146973,HDFCBANK.NS,Held,137,386.625,2017-04-30,413.01251220703125,56582.71417236328,3615.0891723632812,6.825092067774007,,,1592.5094966888428,1168396.589208603
2017-06-30,1491856.8949108124,1635855.3613109589,14163.934768676758,129834.53163146973,SHAKTIPUMP.NS,Held,758,67.57499694824219,2017-05-31,77.33333587646484,58618.66859436035,7396.820907592773,14.440753783084704,,,1592.5094966888428,1168396.589208603
2017-06-30,1491856.8949108124,1635855.3613109589,14163.934768676758,129834.53163146973,ADANIENSOL.NS,Held,423,121.0,2017-05-31,124.05000305175781,52473.151290893555,1290.1512908935547,2.5206636791386883,,,1592.5094966888428,1168396.589208603
2017-06-30,1491856.8949108124,1635855.3613109589,14163.934768676758,129834.53163146973,TVSMOTOR.NS,Held,95,538.2999877929688,2017-05-31,549.2000122070312,52174.00115966797,1035.5023193359375,2.0248977635598,,,1592.5094966888428,1168396.589208603
2017-06-30,1491856.8949108124,1635855.3613109589,14163.934768676758,129834.53163146973,RAJESHEXPO.NS,Held,78,650.75,2017-05-31,689.4500122070312,53777.10095214844,3018.6009521484375,5.946986124783903,,,1592.5094966888428,1168396.589208603
2017-06-30,1491856.8949108124,1635855.3613109589,14163.934768676758,129834.53163146973,AVANTIFEED.NS,Held,109,467.1833190917969,2017-05-31,498.6166687011719,54349.216888427734,3426.235107421875,6.728268823998543,,,1592.5094966888428,1168396.589208603
2017-06-30,1491856.8949108124,1635855.3613109589,14163.934768676758,129834.53163146973,MARUTI.NS,Held,7,7211.0,2017-05-31,7217.60009765625,50523.20068359375,46.20068359375,0.09152818827139093,,,1592.5094966888428,1168396.589208603
2017-06-30,1491856.8949108124,1635855.3613109589,14163.934768676758,129834.53163146973,VENKEYS.NS,Held,31,1698.6500244140625,2017-06-30,1698.6500244140625,52658.15075683594,0.0,0.0,,,1592.5094966888428,1168396.589208603
2017-06-30,1491856.8949108124,1635855.3613109589,14163.934768676758,129834.53163146973,MEP.NS,Held,482,110.69999694824219,2017-06-30,110.69999694824219,53357.398529052734,0.0,0.0,,,1592.5094966888428,1168396.589208603
2017-06-30,1491856.8949108124,1635855.3613109589,14163.934768676758,129834.53163146973,GOACARBON.NS,Held,206,258.75,2017-06-30,258.75,53302.5,0.0,0.0,,,1592.5094966888428,1168396.589208603
2017-06-30,1491856.8949108124,1635855.3613109589,14163.934768676758,129834.53163146973,NATHBIOGEN.NS,Held,167,319.8999938964844,2017-06-30,319.8999938964844,53423.29898071289,0.0,0.0,,,1592.5094966888428,1168396.589208603
2017-06-30,1491856.8949108124,1635855.3613109589,14163.934768676758,129834.53163146973,KARURVYSYA.NS,Held,523,102.12969207763672,2017-06-30,102.12969207763672,53413.828956604004,0.0,0.0,,,1592.5094966888428,1168396.589208603
2017-06-30,1491856.8949108124,1635855.3613109589,14163.934768676758,129834.53163146973,CANFINHOME.NS,Held,82,646.510009765625,2017-06-30,646.510009765625,53013.82080078125,0.0,0.0,,,1592.5094966888428,1168396.589208603
2017-06-30,1491856.8949108124,1635855.3613109589,14163.934768676758,129834.53163146973,BEPL.NS,Held,1186,45.06666564941406,2017-06-30,45.06666564941406,53449.06546020508,0.0,0.0,,,1592.5094966888428,1168396.589208603
2017-07-31,,,,,MOTILALOFS.NS,Sold,63,843.9500122070312,2017-04-30,1067.6500244140625,67261.95153808594,0.0,,14093.100769042969,26.506310678523327,,
2017-07-31,,,,,KARURVYSYA.NS,Sold,523,102.12969207763672,2017-06-30,98.9888687133789,51771.17833709717,0.0,,-1642.650619506836,-3.0753283402345213,,
2017-07-31,,,,,CANFINHOME.NS,Sold,82,646.510009765625,2017-06-30,617.780029296875,50657.96240234375,0.0,,-2355.8583984375,-4.443857022285748,,
2017-07-31,,,,,ADANIENSOL.NS,Sold,423,121.0,2017-05-31,125.05000305175781,52896.151290893555,0.0,,1713.1512908935547,3.3471099601304233,,
2017-07-31,,,,,GICHSGFIN.NS,Sold,106,500.8999938964844,2017-04-30,518.0,54908.0,0.0,,1812.6006469726562,3.4138563209983785,,
2017-07-31,,,,,IIFL.NS,Sold,205,259.359130859375,2017-04-30,323.3947448730469,66295.92269897461,0.0,,13127.300872802734,24.689940084813173,,
2017-07-31,,,,,NATHBIOGEN.NS,Sold,167,319.8999938964844,2017-06-30,398.29998779296875,66516.09796142578,0.0,,13092.79898071289,24.50765720297376,,
2017-07-31,1635855.3613109589,1812606.1149349213,39840.44354248047,136910.31008148193,VAKRANGEE.NS,Held,353,128.75045776367188,2016-11-30,205.5767822265625,72568.60412597656,27119.69253540039,59.67071946564207,,,599.892255783081,1215312.8112010956
2017-07-31,1635855.3613109589,1812606.1149349213,39840.44354248047,136910.31008148193,ESCORTS.NS,Held,106,449.04998779296875,2017-02-28,669.3499755859375,70951.09741210938,23351.798706054688,49.059123434279314,,,599.892255783081,1215312.8112010956
2017-07-31,1635855.3613109589,1812606.1149349213,39840.44354248047,136910.31008148193,PCBL.NS,Held,1254,42.42499923706055,2017-04-30,58.334999084472656,73152.08885192871,19951.139808654785,37.50147350271219,,,599.892255783081,1215312.8112010956
2017-07-31,1635855.3613109589,1812606.1149349213,39840.44354248047,136910.31008148193,HDFCBANK.NS,Held,137,386.625,2017-04-30,446.1000061035156,61115.70083618164,8148.075836181641,15.383124760042838,,,599.892255783081,1215312.8112010956
2017-07-31,1635855.3613109589,1812606.1149349213,39840.44354248047,136910.31008148193,SHAKTIPUMP.NS,Held,758,67.57499694824219,2017-05-31,80.57499694824219,61075.84768676758,9854.0,19.237884701581425,,,599.892255783081,1215312.8112010956
2017-07-31,1635855.3613109589,1812606.1149349213,39840.44354248047,136910.31008148193,TVSMOTOR.NS,Held,95,538.2999877929688,2017-05-31,582.0999755859375,55299.49768066406,4160.998840332031,8.136724649121543,,,599.892255783081,1215312.8112010956
2017-07-31,1635855.3613109589,1812606.1149349213,39840.44354248047,136910.31008148193,RAJESHEXPO.NS,Held,78,650.75,2017-05-31,711.2000122070312,55473.60095214844,4715.1009521484375,9.28928347399635,,,599.892255783081,1215312.8112010956
2017-07-31,1635855.3613109589,1812606.1149349213,39840.44354248047,136910.31008148193,AVANTIFEED.NS,Held,109,467.1833190917969,2017-05-31,545.25,59432.25,8509.26821899414,16.710074550599227,,,599.892255783081,1215312.8112010956
2017-07-31,1635855.3613109589,1812606.1149349213,39840.44354248047,136910.31008148193,MARUTI.NS,Held,7,7211.0,2017-05-31,7750.0498046875,54250.3486328125,3773.3486328125,7.475382120198308,,,599.892255783081,1215312.8112010956
2017-07-31,1635855.3613109589,1812606.1149349213,39840.44354248047,136910.31008148193,VENKEYS.NS,Held,31,1698.6500244140625,2017-06-30,2114.89990234375,65561.89697265625,12903.746215820312,24.504746236545692,,,599.892255783081,1215312.8112010956
2017-07-31,1635855.3613109589,1812606.1149349213,39840.44354248047,136910.31008148193,MEP.NS,Held,482,110.69999694824219,2017-06-30,117.75,56755.5,3398.1014709472656,6.368566617986487,,,599.892255783081,1215312.8112010956
2017-07-31,1635855.3613109589,1812606.1149349213,39840.44354248047,136910.31008148193,GOACARBON.NS,Held,206,258.75,2017-06-30,290.20001220703125,59781.20251464844,6478.7025146484375,12.154594089673914,,,599.892255783081,1215312.8112010956
2017-07-31,1635855.3613109589,1812606.1149349213,39840.44354248047,136910.31008148193,BEPL.NS,Held,1186,45.06666564941406,2017-06-30,48.900001525878906,57995.40180969238,4546.336349487305,8.505922994803774,,,599.892255783081,1215312.8112010956
2017-07-31,1635855.3613109589,1812606.1149349213,39840.44354248047,136910.31008148193,LTF.NS,Held,361,162.76995849609375,2017-07-31,162.76995849609375,58759.955017089844,0.0,0.0,,,599.892255783081,1215312.8112010956
2017-07-31,1635855.3613109589,1812606.1149349213,39840.44354248047,136910.31008148193,PRAKASH.NS,Held,477,123.11488342285156,2017-07-31,123.11488342285156,58725.799392700195,0.0,0.0,,,599.892255783081,1215312.8112010956
2017-07-31,1635855.3613109589,1812606.1149349213,39840.44354248047,136910.31008148193,BAJFINANCE.NS,Held,345,170.30999755859375,2017-07-31,170.30999755859375,58756.949157714844,0.0,0.0,,,599.892255783081,1215312.8112010956
2017-07-31,1635855.3613109589,1812606.1149349213,39840.44354248047,136910.31008148193,GRAPHITE.NS,Held,285,205.9499969482422,2017-07-31,205.9499969482422,58695.74913024902,0.0,0.0,,,599.892255783081,1215312.8112010956
2017-07-31,1635855.3613109589,1812606.1149349213,39840.44354248047,136910.31008148193,UNOMINDA.NS,Held,448,131.25631713867188,2017-07-31,131.25631713867188,58802.830078125,0.0,0.0,,,599.892255783081,1215312.8112010956
2017-07-31,1635855.3613109589,1812606.1149349213,39840.44354248047,136910.31008148193,NOCIL.NS,Held,407,144.39999389648438,2017-07-31,144.39999389648438,58770.79751586914,0.0,0.0,,,599.892255783081,1215312.8112010956
2017-07-31,1635855.3613109589,1812606.1149349213,39840.44354248047,136910.31008148193,KEC.NS,Held,193,304.6000061035156,2017-07-31,304.6000061035156,58787.801177978516,0.0,0.0,,,599.892255783081,1215312.8112010956
2017-08-31,,,,,MEP.NS,Sold,482,110.69999694824219,2017-06-30,115.3499984741211,55598.69926452637,0.0,,2241.300735473633,4.200543499610949,,
2017-08-31,,,,,PRAKASH.NS,Sold,477,123.11488342285156,2017-07-31,103.43207550048828,49337.10001373291,0.0,,-9388.699378967285,-15.987350493409085,,
2017-08-31,,,,,VENKEYS.NS,Sold,31,1698.6500244140625,2017-06-30,1991.6500244140625,61741.15075683594,0.0,,9083.0,17.248991598552994,,
2017-08-31,,,,,TVSMOTOR.NS,Sold,95,538.2999877929688,2017-05-31,603.7000122070312,57351.50115966797,0.0,,6213.0023193359375,12.14936390435429,,
2017-08-31,,,,,ESCORTS.NS,Sold,106,449.04998779296875,2017-02-28,647.2999877929688,68613.79870605469,0.0,,21014.5,44.14875969029126,,
2017-08-31,,,,,KEC.NS,Sold,193,304.6000061035156,2017-07-31,312.6000061035156,60331.801177978516,0.0,,1544.0,2.6263952198613123,,
2017-08-31,,,,,NOCIL.NS,Sold,407,144.39999389648438,2017-07-31,142.25,57895.75,0.0,,-875.0475158691406,-1.488915503712303,,
2017-08-31,,,,,MARUTI.NS,Sold,7,7211.0,2017-05-31,7700.2998046875,53902.0986328125,0.0,,3425.0986328125,6.7854639396408265,,
2017-08-31,,,,,UNOMINDA.NS,Sold,448,131.25631713867188,2017-07-31,140.1034698486328,62766.3544921875,0.0,,3963.5244140625,6.740363361417454,,
2017-08-31,,,,,GOACARBON.NS,Sold,206,258.75,2017-06-30,355.3500061035156,73202.10125732422,0.0,,19899.60125732422,37.33333569217995,,
2017-08-31,1812606.1149349213,2033173.7441158295,57120.28046417236,163447.34871673584,VAKRANGEE.NS,Held,353,128.75045776367188,2016-11-30,238.5389404296875,84204.24597167969,38755.334381103516,85.27230471486017,,,3174.291479110718,1298970.1303005219
2017-08-31,1812606.1149349213,2033173.7441158295,57120.28046417236,163447.34871673584,PCBL.NS,Held,1254,42.42499923706055,2017-04-30,70.81500244140625,88802.01306152344,35601.06401824951,66.91809950475023,,,3174.291479110718,1298970.1303005219
2017-08-31,1812606.1149349213,2033173.7441158295,57120.28046417236,163447.34871673584,HDFCBANK.NS,Held,137,386.625,2017-04-30,444.11248779296875,60843.41082763672,7875.785827636719,14.86905600852732,,,3174.291479110718,1298970.1303005219
2017-08-31,1812606.1149349213,2033173.7441158295,57120.28046417236,163447.34871673584,SHAKTIPUMP.NS,Held,758,67.57499694824219,2017-05-31,89.11666870117188,67550.43487548828,16328.587188720703,31.878169035551906,,,3174.291479110718,1298970.1303005219
2017-08-31,1812606.1149349213,2033173.7441158295,57120.28046417236,163447.34871673584,RAJESHEXPO.NS,Held,78,650.75,2017-05-31,744.0,58032.0,7273.5,14.329619669611986,,,3174.291479110718,1298970.1303005219
2017-08-31,1812606.1149349213,2033173.7441158295,57120.28046417236,163447.34871673584,AVANTIFEED.NS,Held,109,467.1833190917969,2017-05-31,615.816650390625,67124.01489257812,16201.033111572266,31.814777031802187,,,3174.291479110718,1298970.1303005219
2017-08-31,1812606.1149349213,2033173.7441158295,57120.28046417236,163447.34871673584,BEPL.NS,Held,1186,45.06666564941406,2017-06-30,57.0,67602.0,14152.934539794922,26.4792927957409,,,3174.291479110718,1298970.1303005219
2017-08-31,1812606.1149349213,2033173.7441158295,57120.28046417236,163447.34871673584,LTF.NS,Held,361,162.76995849609375,2017-07-31,186.3018341064453,67254.96211242676,8495.007095336914,14.457136825353615,,,3174.291479110718,1298970.1303005219
2017-08-31,1812606.1149349213,2033173.7441158295,57120.28046417236,163447.34871673584,BAJFINANCE.NS,Held,345,170.30999755859375,2017-07-31,178.19000244140625,61475.550842285156,2718.6016845703125,4.626859841332244,,,3174.291479110718,1298970.1303005219
2017-08-31,1812606.1149349213,2033173.7441158295,57120.28046417236,163447.34871673584,GRAPHITE.NS,Held,285,205.9499969482422,2017-07-31,262.25,74741.25,16045.500869750977,27.3367341034274,,,3174.291479110718,1298970.1303005219
2017-08-31,1812606.1149349213,2033173.7441158295,57120.28046417236,163447.34871673584,V2RETAIL.NS,Held,1552,38.7400016784668,2017-08-31,38.7400016784668,60124.48260498047,0.0,0.0,,,3174.291479110718,1298970.1303005219
2017-08-31,1812606.1149349213,2033173.7441158295,57120.28046417236,163447.34871673584,HEG.NS,Held,436,137.82000732421875,2017-08-31,137.82000732421875,60089.523193359375,0.0,0.0,,,3174.291479110718,1298970.1303005219
2017-08-31,1812606.1149349213,2033173.7441158295,57120.28046417236,163447.34871673584,GRASIM.NS,Held,50,1190.4664306640625,2017-08-31,1190.4664306640625,59523.321533203125,0.0,0.0,,,3174.291479110718,1298970.1303005219
2017-08-31,1812606.1149349213,2033173.7441158295,57120.28046417236,163447.34871673584,DBL.NS,Held,99,604.0499877929688,2017-08-31,604.0499877929688,59800.948791503906,0.0,0.0,,,3174.291479110718,1298970.1303005219
2017-08-31,1812606.1149349213,2033173.7441158295,57120.28046417236,163447.34871673584,VISAKAIND.NS,Held,440,136.57000732421875,2017-08-31,136.57000732421875,60090.80322265625,0.0,0.0,,,3174.291479110718,1298970.1303005219
2017-08-31,1812606.1149349213,2033173.7441158295,57120.28046417236,163447.34871673584,BAJAJHLDNG.NS,Held,20,2904.800048828125,2017-08-31,2904.800048828125,58096.0009765625,0.0,0.0,,,3174.291479110718,1298970.1303005219
2017-08-31,1812606.1149349213,2033173.7441158295,57120.28046417236,163447.34871673584,SARDAEN.NS,Held,1340,44.869998931884766,2017-08-31,44.869998931884766,60125.798568725586,0.0,0.0,,,3174.291479110718,1298970.1303005219
2017-08-31,1812606.1149349213,2033173.7441158295,57120.28046417236,163447.34871673584,JINDWORLD.NS,Held,3374,17.81999969482422,2017-08-31,17.81999969482422,60124.678970336914,0.0,0.0,,,3174.291479110718,1298970.1303005219
2017-08-31,1812606.1149349213,2033173.7441158295,57120.28046417236,163447.34871673584,HSCL.NS,Held,572,105.0999984741211,2017-08-31,105.0999984741211,60117.199127197266,0.0,0.0,,,3174.291479110718,1298970.1303005219
2017-08-31,1812606.1149349213,2033173.7441158295,57120.28046417236,163447.34871673584,GRAVITA.NS,Held,492,122.0999984741211,2017-08-31,122.0999984741211,60073.19924926758,0.0,0.0,,,3174.291479110718,1298970.1303005219
2017-09-30,,,,,GRASIM.NS,Sold,50,1190.4664306640625,2017-08-31,1129.458984375,56472.94921875,0.0,,-3050.372314453125,-5.124667501546558,,
2017-09-30,,,,,DBL.NS,Sold,99,604.0499877929688,2017-08-31,599.3499755859375,59335.64758300781,0.0,,-465.30120849609375,-0.7780833212502481,,
2017-09-30,,,,,BAJFINANCE.NS,Sold,345,170.30999755859375,2017-07-31,183.80499267578125,63412.72247314453,0.0,,4655.7733154296875,7.9237832837996836,,
2017-09-30,,,,,BAJAJHLDNG.NS,Sold,20,2904.800048828125,2017-08-31,2796.449951171875,55928.9990234375,0.0,,-2167.001953125,-3.7300363479393828,,
2017-09-30,,,,,BEPL.NS,Sold,1186,45.06666564941406,2017-06-30,54.400001525878906,64518.40180969238,0.0,,11069.336349487305,20.710065282112105,,
2017-09-30,,,,,SHAKTIPUMP.NS,Sold,758,67.57499694824219,2017-05-31,81.30000305175781,61625.40231323242,0.0,,10403.554626464844,20.310775765225767,,
2017-09-30,,,,,SARDAEN.NS,Sold,1340,44.869998931884766,2017-08-31,41.54499816894531,55670.29754638672,0.0,,-4455.501022338867,-7.4102982885892095,,
2017-09-30,,,,,VISAKAIND.NS,Sold,440,136.57000732421875,2017-08-31,118.79000091552734,52267.60040283203,0.0,,-7823.202819824219,-13.018968627922431,,
2017-09-30,2033173.7441158295,2272507.3797359467,8167.284973144531,231166.35064697266,VAKRANGEE.NS,Held,353,128.75045776367188,2016-11-30,230.15281677246094,81243.94432067871,35795.03273010254,78.7588337704541,,,1440.1765727996826,1374856.4172039032
2017-09-30,2033173.7441158295,2272507.3797359467,8167.284973144531,231166.35064697266,PCBL.NS,Held,1254,42.42499923706055,2017-04-30,80.53500366210938,100990.89459228516,47789.94554901123,89.82912224016651,,,1440.1765727996826,1374856.4172039032
2017-09-30,2033173.7441158295,2272507.3797359467,8167.284973144531,231166.35064697266,HDFCBANK.NS,Held,137,386.625,2017-04-30,451.42498779296875,61845.22332763672,8877.598327636719,16.760423612795023,,,1440.1765727996826,1374856.4172039032
2017-09-30,2033173.7441158295,2272507.3797359467,8167.284973144531,231166.35064697266,RAJESHEXPO.NS,Held,78,650.75,2017-05-31,819.4000244140625,63913.201904296875,13154.701904296875,25.91625423189589,,,1440.1765727996826,1374856.4172039032
2017-09-30,2033173.7441158295,2272507.3797359467,8167.284973144531,231166.35064697266,AVANTIFEED.NS,Held,109,467.1833190917969,2017-05-31,676.566650390625,73745.76489257812,22822.783111572266,44.81823788269426,,,1440.1765727996826,1374856.4172039032
2017-09-30,2033173.7441158295,2272507.3797359467,8167.284973144531,231166.35064697266,LTF.NS,Held,361,162.76995849609375,2017-07-31,181.46524047851562,65508.95181274414,6748.996795654297,11.48570790037434,,,1440.1765727996826,1374856.4172039032
2017-09-30,2033173.7441158295,2272507.3797359467,8167.284973144531,231166.35064697266,GRAPHITE.NS,Held,285,205.9499969482422,2017-07-31,371.70001220703125,105934.5034790039,47238.75434875488,80.48070780037162,,,1440.1765727996826,1374856.4172039032
2017-09-30,2033173.7441158295,2272507.3797359467,8167.284973144531,231166.35064697266,V2RETAIL.NS,Held,1552,38.7400016784668,2017-08-31,40.790000915527344,63306.08142089844,3181.5988159179688,5.291685978939997,,,1440.1765727996826,1374856.4172039032
2017-09-30,2033173.7441158295,2272507.3797359467,8167.284973144531,231166.35064697266,HEG.NS,Held,436,137.82000732421875,2017-08-31,186.63999938964844,81375.03973388672,21285.516540527344,35.423007887803735,,,1440.1765727996826,1374856.4172039032
2017-09-30,2033173.7441158295,2272507.3797359467,8167.284973144531,231166.35064697266,JINDWORLD.NS,Held,3374,17.81999969482422,2017-08-31,17.82699966430664,60148.296867370605,23.617897033691406,0.039281535366439996,,,1440.1765727996826,1374856.4172039032
2017-09-30,2033173.7441158295,2272507.3797359467,8167.284973144531,231166.35064697266,HSCL.NS,Held,572,105.0999984741211,2017-08-31,139.75,79937.0,19819.800872802734,32.96860326254983,,,1440.1765727996826,1374856.4172039032
2017-09-30,2033173.7441158295,2272507.3797359467,8167.284973144531,231166.35064697266,GRAVITA.NS,Held,492,122.0999984741211,2017-08-31,131.10000610351562,64501.20300292969,4428.003753662109,7.37101371160301,,,1440.1765727996826,1374856.4172039032
2017-09-30,2033173.7441158295,2272507.3797359467,8167.284973144531,231166.35064697266,FEL.NS,Held,1155,51.099998474121094,2017-09-30,51.099998474121094,59020.49823760986,0.0,0.0,,,1440.1765727996826,1374856.4172039032
2017-09-30,2033173.7441158295,2272507.3797359467,8167.284973144531,231166.35064697266,IGL.NS,Held,401,147.19000244140625,2017-09-30,147.19000244140625,59023.190979003906,0.0,0.0,,,1440.1765727996826,1374856.4172039032
2017-09-30,2033173.7441158295,2272507.3797359467,8167.284973144531,231166.35064697266,GOACARBON.NS,Held,126,465.54998779296875,2017-09-30,465.54998779296875,58659.29846191406,0.0,0.0,,,1440.1765727996826,1374856.4172039032
2017-09-30,2033173.7441158295,2272507.3797359467,8167.284973144531,231166.35064697266,ADANIENSOL.NS,Held,386,152.8000030517578,2017-09-30,152.8000030517578,58980.801177978516,0.0,0.0,,,1440.1765727996826,1374856.4172039032
2017-09-30,2033173.7441158295,2272507.3797359467,8167.284973144531,231166.35064697266,GUJALKALI.NS,Held,105,559.75,2017-09-30,559.75,58773.75,0.0,0.0,,,1440.1765727996826,1374856.4172039032
2017-09-30,2033173.7441158295,2272507.3797359467,8167.284973144531,231166.35064697266,TVSMOTOR.NS,Held,89,657.0499877929688,2017-09-30,657.0499877929688,58477.44891357422,0.0,0.0,,,1440.1765727996826,1374856.4172039032
2017-09-30,2033173.7441158295,2272507.3797359467,8167.284973144531,231166.35064697266,SUNFLAG.NS,Held,817,72.19999694824219,2017-09-30,72.19999694824219,58987.39750671387,0.0,0.0,,,1440.1765727996826,1374856.4172039032
2017-09-30,2033173.7441158295,2272507.3797359467,8167.284973144531,231166.35064697266,BOMDYEING.NS,Held,335,176.25,2017-09-30,176.25,59043.75,0.0,0.0,,,1440.1765727996826,1374856.4172039032
2017-10-31,,,,,IGL.NS,Sold,401,147.19000244140625,2017-09-30,158.51499938964844,63564.51475524902,0.0,,4541.323776245117,7.694134628980979,,
2017-10-31,,,,,LTF.NS,Sold,361,162.76995849609375,2017-07-31,187.09243774414062,67540.37002563477,0.0,,8780.415008544922,14.942855225112428,,
2017-10-31,,,,,TVSMOTOR.NS,Sold,89,657.0499877929688,2017-09-30,723.2999877929688,64373.69891357422,0.0,,5896.25,10.082946690636703,,
2017-10-31,,,,,RAJESHEXPO.NS,Sold,78,650.75,2017-05-31,782.25,61015.5,0.0,,10257.0,20.207452938916635,,
2017-10-31,,,,,HDFCBANK.NS,Sold,137,386.625,2017-04-30,452.125,61941.125,0.0,,8973.5,16.941480763013256,,
2017-10-31,,,,,FEL.NS,Sold,1155,51.099998474121094,2017-09-30,51.599998474121094,59597.99823760986,0.0,,577.5,0.9784736104311593,,
2017-10-31,,,,,SUNFLAG.NS,Sold,817,72.19999694824219,2017-09-30,80.44999694824219,65727.64750671387,0.0,,6740.25,11.426593280764479,,
2017-10-31,2272507.3797359467,2839134.622198105,45766.23878479004,520861.00367736816,VAKRANGEE.NS,Held,353,128.75045776367188,2016-11-30,261.9735412597656,92476.66006469727,47027.748474121094,103.47387171285372,,,2393.145106315613,1710317.3090190887
2017-10-31,2272507.3797359467,2839134.622198105,45766.23878479004,520861.00367736816,PCBL.NS,Held,1254,42.42499923706055,2017-04-30,92.42500305175781,115900.9538269043,62700.00478363037,117.8550494139303,,,2393.145106315613,1710317.3090190887
2017-10-31,2272507.3797359467,2839134.622198105,45766.23878479004,520861.00367736816,AVANTIFEED.NS,Held,109,467.1833190917969,2017-05-31,940.4833374023438,102512.68377685547,51589.70199584961,101.30927175025018,,,2393.145106315613,1710317.3090190887
2017-10-31,2272507.3797359467,2839134.622198105,45766.23878479004,520861.00367736816,GRAPHITE.NS,Held,285,205.9499969482422,2017-07-31,496.8999938964844,141616.49826049805,82920.74913024902,141.27215404686874,,,2393.145106315613,1710317.3090190887
2017-10-31,2272507.3797359467,2839134.622198105,45766.23878479004,520861.00367736816,V2RETAIL.NS,Held,1552,38.7400016784668,2017-08-31,51.380001068115234,79741.76165771484,19617.279052734375,32.62777192050108,,,2393.145106315613,1710317.3090190887
2017-10-31,2272507.3797359467,2839134.622198105,45766.23878479004,520861.00367736816,HEG.NS,Held,436,137.82000732421875,2017-08-31,342.19000244140625,149194.84106445312,89105.31787109375,148.28761011194206,,,2393.145106315613,1710317.3090190887
2017-10-31,2272507.3797359467,2839134.622198105,45766.23878479004,520861.00367736816,JINDWORLD.NS,Held,3374,17.81999969482422,2017-08-31,25.048999786376953,84515.32527923584,24390.646308898926,40.56678010860114,,,2393.145106315613,1710317.3090190887
2017-10-31,2272507.3797359467,2839134.622198105,45766.23878479004,520861.00367736816,HSCL.NS,Held,572,105.0999984741211,2017-08-31,173.4499969482422,99213.39825439453,39096.199127197266,65.03330110984825,,,2393.145106315613,1710317.3090190887
2017-10-31,2272507.3797359467,2839134.622198105,45766.23878479004,520861.00367736816,GRAVITA.NS,Held,492,122.0999984741211,2017-08-31,156.85000610351562,77170.20300292969,17097.00375366211,28.460285064425893,,,2393.145106315613,1710317.3090190887
2017-10-31,2272507.3797359467,2839134.622198105,45766.23878479004,520861.00367736816,GOACARBON.NS,Held,126,465.54998779296875,2017-09-30,756.2000122070312,95281.20153808594,36621.903076171875,62.43153947698422,,,2393.145106315613,1710317.3090190887
2017-10-31,2272507.3797359467,2839134.622198105,45766.23878479004,520861.00367736816,ADANIENSOL.NS,Held,386,152.8000030517578,2017-09-30,208.0,80288.0,21307.198822021484,36.125651731528,,,2393.145106315613,1710317.3090190887
2017-10-31,2272507.3797359467,2839134.622198105,45766.23878479004,520861.00367736816,GUJALKALI.NS,Held,105,559.75,2017-09-30,782.2000122070312,82131.00128173828,23357.25128173828,39.74095796463265,,,2393.145106315613,1710317.3090190887
2017-10-31,2272507.3797359467,2839134.622198105,45766.23878479004,520861.00367736816,BOMDYEING.NS,Held,335,176.25,2017-09-30,194.25,65073.75,6030.0,10.212765957446807,,,2393.145106315613,1710317.3090190887
2017-10-31,2272507.3797359467,2839134.622198105,45766.23878479004,520861.00367736816,DBL.NS,Held,74,853.0999755859375,2017-10-31,853.0999755859375,63129.398193359375,0.0,0.0,,,2393.145106315613,1710317.3090190887
2017-10-31,2272507.3797359467,2839134.622198105,45766.23878479004,520861.00367736816,SANWARIA.NS,Held,2807,22.649999618530273,2017-10-31,22.649999618530273,63578.54892921448,0.0,0.0,,,2393.145106315613,1710317.3090190887
2017-10-31,2272507.3797359467,2839134.622198105,45766.23878479004,520861.00367736816,BBTC.NS,Held,37,1677.8499755859375,2017-10-31,1677.8499755859375,62080.44909667969,0.0,0.0,,,2393.145106315613,1710317.3090190887
2017-10-31,2272507.3797359467,2839134.622198105,45766.23878479004,520861.00367736816,TIRUMALCHM.NS,Held,338,187.72999572753906,2017-10-31,187.72999572753906,63452.7385559082,0.0,0.0,,,2393.145106315613,1710317.3090190887
2017-10-31,2272507.3797359467,2839134.622198105,45766.23878479004,520861.00367736816,BEPL.NS,Held,684,92.96666717529297,2017-10-31,92.96666717529297,63589.20034790039,0.0,0.0,,,2393.145106315613,1710317.3090190887
2017-10-31,2272507.3797359467,2839134.622198105,45766.23878479004,520861.00367736816,RAIN.NS,Held,234,270.8500061035156,2017-10-31,270.8500061035156,63378.901428222656,0.0,0.0,,,2393.145106315613,1710317.3090190887
2017-10-31,2272507.3797359467,2839134.622198105,45766.23878479004,520861.00367736816,SAKUMA.NS,Held,15341,4.145665168762207,2017-10-31,4.145665168762207,63598.64935398102,0.0,0.0,,,2393.145106315613,1710317.3090190887
2017-11-30,,,,,ADANIENSOL.NS,Sold,386,152.8000030517578,2017-09-30,183.6999969482422,70908.19882202148,0.0,,11927.397644042969,20.2225086906691,,
2017-11-30,,,,,PCBL.NS,Sold,1254,42.42499923706055,2017-04-30,94.36499786376953,118333.70732116699,0.0,,65132.75827789307,122.42781275370436,,
2017-11-30,,,,,GUJALKALI.NS,Sold,105,559.75,2017-09-30,779.1500244140625,81810.75256347656,0.0,,23037.002563476562,39.19607403556275,,
2017-11-30,,,,,BBTC.NS,Sold,37,1677.8499755859375,2017-10-31,1527.699951171875,56524.898193359375,0.0,,-5555.5509033203125,-8.948954113828158,,
2017-11-30,,,,,TIRUMALCHM.NS,Sold,338,187.72999572753906,2017-10-31,193.13499450683594,65279.62814331055,0.0,,1826.8895874023438,2.879134343102735,,
2017-11-30,,,,,V2RETAIL.NS,Sold,1552,38.7400016784668,2017-08-31,50.04999923706055,77677.59881591797,0.0,,17553.1162109375,29.194623305554185,,
2017-11-30,,,,,JINDWORLD.NS,Sold,3374,17.81999969482422,2017-08-31,23.49799919128418,79282.24927139282,0.0,,19157.57030105591,31.863072916376783,,
2017-11-30,,,,,SANWARIA.NS,Sold,2807,22.649999618530273,2017-10-31,22.049999237060547,61894.347858428955,0.0,,-1684.2010707855225,-2.6490083513240243,,
2017-11-30,,,,,GRAVITA.NS,Sold,492,122.0999984741211,2017-08-31,153.14999389648438,75349.79699707031,0.0,,15276.597747802734,25.429971998684568,,
2017-11-30,,,,,SAKUMA.NS,Sold,15341,4.145665168762207,2017-10-31,3.780806064605713,58001.34583711624,0.0,,-5597.303516864777,-8.800978595804736,,
2017-11-30,,,,,VAKRANGEE.NS,Sold,353,128.75045776367188,2016-11-30,332.4170837402344,117343.23056030273,0.0,,71894.31896972656,158.1871082356873,,
2017-11-30,2839134.622198105,3452023.2757029533,212968.59581136703,399920.05769348145,AVANTIFEED.NS,Held,109,467.1833190917969,2017-05-31,870.6333618164062,94899.03643798828,43976.05465698242,86.35797260675214,,,5516.27917432785,1802344.958846569
2017-11-30,2839134.622198105,3452023.2757029533,212968.59581136703,399920.05769348145,GRAPHITE.NS,Held,285,205.9499969482422,2017-07-31,597.0999755859375,170173.4930419922,111477.74391174316,189.92473145605152,,,5516.27917432785,1802344.958846569
2017-11-30,2839134.622198105,3452023.2757029533,212968.59581136703,399920.05769348145,HEG.NS,Held,436,137.82000732421875,2017-08-31,349.8399963378906,152530.2384033203,92440.71520996094,153.83832371659884,,,5516.27917432785,1802344.958846569
2017-11-30,2839134.622198105,3452023.2757029533,212968.59581136703,399920.05769348145,HSCL.NS,Held,572,105.0999984741211,2017-08-31,164.39999389648438,94036.79650878906,33919.5973815918,56.42245126860283,,,5516.27917432785,1802344.958846569
2017-11-30,2839134.622198105,3452023.2757029533,212968.59581136703,399920.05769348145,GOACARBON.NS,Held,126,465.54998779296875,2017-09-30,862.8499755859375,108719.09692382812,50059.79846191406,85.3399201397142,,,5516.27917432785,1802344.958846569
2017-11-30,2839134.622198105,3452023.2757029533,212968.59581136703,399920.05769348145,BOMDYEING.NS,Held,335,176.25,2017-09-30,221.60000610351562,74236.00204467773,15192.252044677734,25.7304999168883,,,5516.27917432785,1802344.958846569
2017-11-30,2839134.622198105,3452023.2757029533,212968.59581136703,399920.05769348145,DBL.NS,Held,74,853.0999755859375,2017-10-31,975.4500122070312,72183.30090332031,9053.902709960938,14.341816917420456,,,5516.27917432785,1802344.958846569
2017-11-30,2839134.622198105,3452023.2757029533,212968.59581136703,399920.05769348145,BEPL.NS,Held,684,92.96666717529297,2017-10-31,128.3333282470703,87779.9965209961,24190.796173095703,38.04230284505291,,,5516.27917432785,1802344.958846569
2017-11-30,2839134.622198105,3452023.2757029533,212968.59581136703,399920.05769348145,RAIN.NS,Held,234,270.8500061035156,2017-10-31,354.6499938964844,82988.09857177734,19609.197143554688,30.939629279883196,,,5516.27917432785,1802344.958846569
2017-11-30,2839134.622198105,3452023.2757029533,212968.59581136703,399920.05769348145,SUNTECK.NS,Held,193,406.25,2017-11-30,406.25,78406.25,0.0,0.0,,,5516.27917432785,1802344.958846569
2017-11-30,2839134.622198105,3452023.2757029533,212968.59581136703,399920.05769348145,IFBIND.NS,Held,55,1407.449951171875,2017-11-30,1407.449951171875,77409.74731445312,0.0,0.0,,,5516.27917432785,1802344.958846569
2017-11-30,2839134.622198105,3452023.2757029533,212968.59581136703,399920.05769348145,BRITANNIA.NS,Held,32,2407.800048828125,2017-11-30,2407.800048828125,77049.6015625,0.0,0.0,,,5516.27917432785,1802344.958846569
2017-11-30,2839134.622198105,3452023.2757029533,212968.59581136703,399920.05769348145,AUTOAXLES.NS,Held,54,1438.5999755859375,2017-11-30,1438.5999755859375,77684.39868164062,0.0,0.0,,,5516.27917432785,1802344.958846569
2017-11-30,2839134.622198105,3452023.2757029533,212968.59581136703,399920.05769348145,SAREGAMA.NS,Held,939,83.65101623535156,2017-11-30,83.65101623535156,78548.30424499512,0.0,0.0,,,5516.27917432785,1802344.958846569
2017-11-30,2839134.622198105,3452023.2757029533,212968.59581136703,399920.05769348145,UNOMINDA.NS,Held,381,206.2291259765625,2017-11-30,206.2291259765625,78573.29699707031,0.0,0.0,,,5516.27917432785,1802344.958846569
2017-11-30,2839134.622198105,3452023.2757029533,212968.59581136703,399920.05769348145,INDIAGLYCO.NS,Held,349,225.125,2017-11-30,225.125,78568.625,0.0,0.0,,,5516.27917432785,1802344.958846569
2017-11-30,2839134.622198105,3452023.2757029533,212968.59581136703,399920.05769348145,TEAMLEASE.NS,Held,35,2226.89990234375,2017-11-30,2226.89990234375,77941.49658203125,0.0,0.0,,,5516.27917432785,1802344.958846569
2017-11-30,2839134.622198105,3452023.2757029533,212968.59581136703,399920.05769348145,PURVA.NS,Held,568,138.1999969482422,2017-11-30,138.1999969482422,78497.59826660156,0.0,0.0,,,5516.27917432785,1802344.958846569
2017-11-30,2839134.622198105,3452023.2757029533,212968.59581136703,399920.05769348145,NUCLEUS.NS,Held,140,558.75,2017-11-30,558.75,78225.0,0.0,0.0,,,5516.27917432785,1802344.958846569
2017-11-30,2839134.622198105,3452023.2757029533,212968.59581136703,399920.05769348145,TATACONSUM.NS,Held,273,287.1000061035156,2017-11-30,287.1000061035156,78378.30166625977,0.0,0.0,,,5516.27917432785,1802344.958846569
2017-12-31,,,,,BRITANNIA.NS,Sold,32,2407.800048828125,2017-11-30,2354.625,75348.0,0.0,,-1701.6015625,-2.2084495286062173,,
2017-12-31,,,,,SAREGAMA.NS,Sold,939,83.65101623535156,2017-11-30,80.65237426757812,75732.57943725586,0.0,,-2815.724807739258,-3.584704768363816,,
2017-12-31,,,,,INDIAGLYCO.NS,Sold,349,225.125,2017-11-30,230.5500030517578,80461.95106506348,0.0,,1893.3260650634766,2.409773704278873,,
2017-12-31,,,,,HSCL.NS,Sold,572,105.0999984741211,2017-08-31,153.75,87945.0,0.0,,27827.800872802734,46.28925045879811,,
2017-12-31,,,,,AVANTIFEED.NS,Sold,109,467.1833190917969,2017-05-31,844.7166748046875,92074.11755371094,0.0,,41151.13577270508,80.81053845133309,,
2017-12-31,,,,,SUNTECK.NS,Sold,193,406.25,2017-11-30,418.04998779296875,80683.64764404297,0.0,,2277.3976440429688,2.9046123798076926,,
2017-12-31,,,,,IFBIND.NS,Sold,55,1407.449951171875,2017-11-30,1362.199951171875,74920.99731445312,0.0,,-2488.75,-3.2150343933952192,,
2017-12-31,,,,,AUTOAXLES.NS,Sold,54,1438.5999755859375,2017-11-30,1428.5,77139.0,0.0,,-545.398681640625,-0.7020697732059817,,
2017-12-31,,,,,NUCLEUS.NS,Sold,140,558.75,2017-11-30,520.5999755859375,72883.99658203125,0.0,,-5341.00341796875,-6.827744861577181,,
2017-12-31,,,,,TEAMLEASE.NS,Sold,35,2226.89990234375,2017-11-30,2438.949951171875,85363.24829101562,0.0,,7421.751708984375,9.522208367109283,,
2017-12-31,3452023.2757029533,3975383.799674511,67678.93359375,455681.5903778076,GRAPHITE.NS,Held,285,205.9499969482422,2017-07-31,710.2000122070312,202407.0034790039,143711.25434875488,244.84099185760778,,,5206.094817638397,1925785.4251246452
2017-12-31,3452023.2757029533,3975383.799674511,67678.93359375,455681.5903778076,HEG.NS,Held,436,137.82000732421875,2017-08-31,467.2699890136719,203729.71520996094,143640.19201660156,239.04365417310478,,,5206.094817638397,1925785.4251246452
2017-12-31,3452023.2757029533,3975383.799674511,67678.93359375,455681.5903778076,GOACARBON.NS,Held,126,465.54998779296875,2017-09-30,875.2000122070312,110275.20153808594,51615.903076171875,87.9927043615851,,,5206.094817638397,1925785.4251246452
2017-12-31,3452023.2757029533,3975383.799674511,67678.93359375,455681.5903778076,BOMDYEING.NS,Held,335,176.25,2017-09-30,277.8999938964844,93096.49795532227,34052.747955322266,57.67375540226064,,,5206.094817638397,1925785.4251246452
2017-12-31,3452023.2757029533,3975383.799674511,67678.93359375,455681.5903778076,DBL.NS,Held,74,853.0999755859375,2017-10-31,989.7999877929688,73245.19909667969,10115.800903320312,16.023914678129152,,,5206.094817638397,1925785.4251246452
2017-12-31,3452023.2757029533,3975383.799674511,67678.93359375,455681.5903778076,BEPL.NS,Held,684,92.96666717529297,2017-10-31,125.30000305175781,85705.20208740234,22116.001739501953,34.779493402187725,,,5206.094817638397,1925785.4251246452
2017-12-31,3452023.2757029533,3975383.799674511,67678.93359375,455681.5903778076,RAIN.NS,Held,234,270.8500061035156,2017-10-31,370.3500061035156,86661.90142822266,23283.0,36.73620002134033,,,5206.094817638397,1925785.4251246452
2017-12-31,3452023.2757029533,3975383.799674511,67678.93359375,455681.5903778076,UNOMINDA.NS,Held,381,206.2291259765625,2017-11-30,213.32675170898438,81277.49240112305,2704.1954040527344,3.4416213998931,,,5206.094817638397,1925785.4251246452
2017-12-31,3452023.2757029533,3975383.799674511,67678.93359375,455681.5903778076,PURVA.NS,Held,568,138.1999969482422,2017-11-30,167.14999389648438,94941.19653320312,16443.598266601562,20.947899846252792,,,5206.094817638397,1925785.4251246452
2017-12-31,3452023.2757029533,3975383.799674511,67678.93359375,455681.5903778076,TATACONSUM.NS,Held,273,287.1000061035156,2017-11-30,316.3999938964844,86377.19833374023,7998.896667480469,10.205498840151353,,,5206.094817638397,1925785.4251246452
2017-12-31,3452023.2757029533,3975383.799674511,67678.93359375,455681.5903778076,SONATSOFTW.NS,Held,773,104.41874694824219,2017-12-31,104.41874694824219,80715.69139099121,0.0,0.0,,,5206.094817638397,1925785.4251246452
2017-12-31,3452023.2757029533,3975383.799674511,67678.93359375,455681.5903778076,GPIL.NS,Held,941,85.8125,2017-12-31,85.8125,80749.5625,0.0,0.0,,,5206.094817638397,1925785.4251246452
2017-12-31,3452023.2757029533,3975383.799674511,67678.93359375,455681.5903778076,TVSMOTOR.NS,Held,104,770.7000122070312,2017-12-31,770.7000122070312,80152.80126953125,0.0,0.0,,,5206.094817638397,1925785.4251246452
2017-12-31,3452023.2757029533,3975383.799674511,67678.93359375,455681.5903778076,RAMKY.NS,Held,362,223.0500030517578,2017-12-31,223.0500030517578,80744.10110473633,0.0,0.0,,,5206.094817638397,1925785.4251246452
2017-12-31,3452023.2757029533,3975383.799674511,67678.93359375,455681.5903778076,BBTC.NS,Held,47,1702.550048828125,2017-12-31,1702.550048828125,80019.85229492188,0.0,0.0,,,5206.094817638397,1925785.4251246452
2017-12-31,3452023.2757029533,3975383.799674511,67678.93359375,455681.5903778076,MAITHANALL.NS,Held,101,799.8499755859375,2017-12-31,799.8499755859375,80784.84753417969,0.0,0.0,,,5206.094817638397,1925785.4251246452
2017-12-31,3452023.2757029533,3975383.799674511,67678.93359375,455681.5903778076,ENDURANCE.NS,Held,59,1363.300048828125,2017-12-31,1363.300048828125,80434.70288085938,0.0,0.0,,,5206.094817638397,1925785.4251246452
2017-12-31,3452023.2757029533,3975383.799674511,67678.93359375,455681.5903778076,TIRUMALCHM.NS,Held,368,219.39500427246094,2017-12-31,219.39500427246094,80737.36157226562,0.0,0.0,,,5206.094817638397,1925785.4251246452
2017-12-31,3452023.2757029533,3975383.799674511,67678.93359375,455681.5903778076,ZENTEC.NS,Held,534,151.10000610351562,2017-12-31,151.10000610351562,80687.40325927734,0.0,0.0,,,5206.094817638397,1925785.4251246452
2017-12-31,3452023.2757029533,3975383.799674511,67678.93359375,455681.5903778076,MARUTI.NS,Held,8,9729.5498046875,2017-12-31,9729.5498046875,77836.3984375,0.0,0.0,,,5206.094817638397,1925785.4251246452
2018-01-31,,,,,DBL.NS,Sold,74,853.0999755859375,2017-10-31,909.75,67321.5,0.0,,4192.101806640625,6.64049068518064,,
2018-01-31,,,,,TVSMOTOR.NS,Sold,104,770.7000122070312,2017-12-31,696.7999877929688,72467.19873046875,0.0,,-7685.6025390625,-9.588688626387478,,
2018-01-31,,,,,BBTC.NS,Sold,47,1702.550048828125,2017-12-31,1399.949951171875,65797.64770507812,0.0,,-14222.20458984375,-17.773345216167442,,
2018-01-31,,,,,MAITHANALL.NS,Sold,101,799.8499755859375,2017-12-31,877.4000244140625,88617.40246582031,0.0,,7832.554931640625,9.695574319585994,,
2018-01-31,,,,,TIRUMALCHM.NS,Sold,368,219.39500427246094,2017-12-31,199.55999755859375,73438.0791015625,0.0,,-7299.282470703125,-9.04077409585617,,
2018-01-31,,,,,RAMKY.NS,Sold,362,223.0500030517578,2017-12-31,219.6999969482422,79531.39889526367,0.0,,-1212.7022094726562,-1.501908118216107,,
2018-01-31,,,,,ENDURANCE.NS,Sold,59,1363.300048828125,2017-12-31,1194.8499755859375,70496.14855957031,0.0,,-9938.554321289062,-12.3560527550032,,
2018-01-31,,,,,PURVA.NS,Sold,568,138.1999969482422,2017-11-30,150.60000610351562,85540.80346679688,0.0,,7043.2052001953125,8.972510440732798,,
2018-01-31,,,,,ZENTEC.NS,Sold,534,151.10000610351562,2017-12-31,121.0,64614.0,0.0,,-16073.403259277344,-19.920585630482837,,
2018-01-31,,,,,BOMDYEING.NS,Sold,335,176.25,2017-09-30,228.14999389648438,76430.24795532227,0.0,,17386.497955322266,29.44680504765071,,
2018-01-31,3975383.799674511,4434150.180289745,-19977.38949584961,478743.770111084,GRAPHITE.NS,Held,285,205.9499969482422,2017-07-31,758.5999755859375,216200.9930419922,157505.24391174316,268.3418241451021,,,2920.5870509147644,1928870.215362072
2018-01-31,3975383.799674511,4434150.180289745,-19977.38949584961,478743.770111084,HEG.NS,Held,436,137.82000732421875,2017-08-31,543.02001953125,236756.728515625,176667.20532226562,294.00666860639944,,,2920.5870509147644,1928870.215362072
2018-01-31,3975383.799674511,4434150.180289745,-19977.38949584961,478743.770111084,GOACARBON.NS,Held,126,465.54998779296875,2017-09-30,915.8499755859375,115397.09692382812,56737.79846191406,96.72430450008265,,,2920.5870509147644,1928870.215362072
2018-01-31,3975383.799674511,4434150.180289745,-19977.38949584961,478743.770111084,BEPL.NS,Held,684,92.96666717529297,2017-10-31,112.96666717529297,77269.20034790039,13680.0,21.513087010303458,,,2920.5870509147644,1928870.215362072
2018-01-31,3975383.799674511,4434150.180289745,-19977.38949584961,478743.770111084,RAIN.NS,Held,234,270.8500061035156,2017-10-31,380.54998779296875,89048.69714355469,25669.79571533203,40.50211527317711,,,2920.5870509147644,1928870.215362072
2018-01-31,3975383.799674511,4434150.180289745,-19977.38949584961,478743.770111084,UNOMINDA.NS,Held,381,206.2291259765625,2017-11-30,204.5376434326172,77928.84214782715,-644.4548492431641,-0.8201957584485645,,,2920.5870509147644,1928870.215362072
2018-01-31,3975383.799674511,4434150.180289745,-19977.38949584961,478743.770111084,TATACONSUM.NS,Held,273,287.1000061035156,2017-11-30,290.6499938964844,79347.44833374023,969.1466674804688,1.236498682514406,,,2920.5870509147644,1928870.215362072
2018-01-31,3975383.799674511,4434150.180289745,-19977.38949584961,478743.770111084,SONATSOFTW.NS,Held,773,104.41874694824219,2017-12-31,113.04374694824219,87382.81639099121,6667.125,8.2600110153354,,,2920.5870509147644,1928870.215362072
2018-01-31,3975383.799674511,4434150.180289745,-19977.38949584961,478743.770111084,GPIL.NS,Held,941,85.8125,2017-12-31,131.77499389648438,124000.2692565918,43250.7067565918,53.56153695147488,,,2920.5870509147644,1928870.215362072
2018-01-31,3975383.799674511,4434150.180289745,-19977.38949584961,478743.770111084,MARUTI.NS,Held,8,9729.5498046875,2017-12-31,9509.7001953125,76077.6015625,-1758.796875,-2.25960721501298,,,2920.5870509147644,1928870.215362072
2018-01-31,3975383.799674511,4434150.180289745,-19977.38949584961,478743.770111084,SUNTECK.NS,Held,177,422.3500061035156,2018-01-31,422.3500061035156,74755.95108032227,0.0,0.0,,,2920.5870509147644,1928870.215362072
2018-01-31,3975383.799674511,4434150.180289745,-19977.38949584961,478743.770111084,JINDALSTEL.NS,Held,281,266.45001220703125,2018-01-31,266.45001220703125,74872.45343017578,0.0,0.0,,,2920.5870509147644,1928870.215362072
2018-01-31,3975383.799674511,4434150.180289745,-19977.38949584961,478743.770111084,MPHASIS.NS,Held,83,894.8499755859375,2018-01-31,894.8499755859375,74272.54797363281,0.0,0.0,,,2920.5870509147644,1928870.215362072
2018-01-31,3975383.799674511,4434150.180289745,-19977.38949584961,478743.770111084,KOLTEPATIL.NS,Held,205,365.45001220703125,2018-01-31,365.45001220703125,74917.2525024414,0.0,0.0,,,2920.5870509147644,1928870.215362072
2018-01-31,3975383.799674511,4434150.180289745,-19977.38949584961,478743.770111084,LUXIND.NS,Held,43,1713.050048828125,2018-01-31,1713.050048828125,73661.15209960938,0.0,0.0,,,2920.5870509147644,1928870.215362072
2018-01-31,3975383.799674511,4434150.180289745,-19977.38949584961,478743.770111084,DEEPAKNTR.NS,Held,269,278.1000061035156,2018-01-31,278.1000061035156,74808.9016418457,0.0,0.0,,,2920.5870509147644,1928870.215362072
2018-01-31,3975383.799674511,4434150.180289745,-19977.38949584961,478743.770111084,RADICO.NS,Held,207,361.5,2018-01-31,361.5,74830.5,0.0,0.0,,,2920.5870509147644,1928870.215362072
2018-01-31,3975383.799674511,4434150.180289745,-19977.38949584961,478743.770111084,HDFCBANK.NS,Held,149,501.42498779296875,2018-01-31,501.42498779296875,74712.32318115234,0.0,0.0,,,2920.5870509147644,1928870.215362072
2018-01-31,3975383.799674511,4434150.180289745,-19977.38949584961,478743.770111084,EMAMIREAL.NS,Held,231,324.1000061035156,2018-01-31,324.1000061035156,74867.10140991211,0.0,0.0,,,2920.5870509147644,1928870.215362072
2018-01-31,3975383.799674511,4434150.180289745,-19977.38949584961,478743.770111084,ACE.NS,Held,435,172.0500030517578,2018-01-31,172.0500030517578,74841.75132751465,0.0,0.0,,,2920.5870509147644,1928870.215362072
2018-02-28,,,,,TATACONSUM.NS,Sold,273,287.1000061035156,2017-11-30,275.5,75211.5,0.0,,-3166.8016662597656,-4.040406080428007,,
2018-02-28,,,,,MPHASIS.NS,Sold,83,894.8499755859375,2018-01-31,859.7000122070312,71355.1010131836,0.0,,-2917.4469604492188,-3.928028645906869,,
2018-02-28,,,,,UNOMINDA.NS,Sold,381,206.2291259765625,2017-11-30,187.15011596679688,71304.19418334961,0.0,,-7269.102813720703,-9.251365402156587,,
2018-02-28,,,,,RADICO.NS,Sold,207,361.5,2018-01-31,346.79998779296875,71787.59747314453,0.0,,-3042.9025268554688,-4.066393418265906,,
2018-02-28,,,,,MARUTI.NS,Sold,8,9729.5498046875,2017-12-31,8850.9501953125,70807.6015625,0.0,,-7028.796875,-9.03021853027268,,
2018-02-28,,,,,HDFCBANK.NS,Sold,149,501.42498779296875,2018-01-31,471.04998779296875,70186.44818115234,0.0,,-4525.875,-6.057735601429861,,
2018-02-28,,,,,SUNTECK.NS,Sold,177,422.3500061035156,2018-01-31,400.25,70844.25,0.0,,-3911.7010803222656,-5.232628337668128,,
2018-02-28,,,,,GRAPHITE.NS,Sold,285,205.9499969482422,2017-07-31,674.4500122070312,192218.2534790039,0.0,,133522.50434875488,227.48240942024825,,
2018-02-28,,,,,KOLTEPATIL.NS,Sold,205,365.45001220703125,2018-01-31,349.0,71545.0,0.0,,-3372.2525024414062,-4.501302957328168,,
2018-02-28,,,,,DEEPAKNTR.NS,Sold,269,278.1000061035156,2018-01-31,260.75,70141.75,0.0,,-4667.151641845703,-6.23876509267588,,
2018-02-28,,,,,EMAMIREAL.NS,Sold,231,324.1000061035156,2018-01-31,285.79998779296875,66019.79718017578,0.0,,-8847.304229736328,-11.81734575417258,,
2018-02-28,4434150.180289745,4873059.112990856,84773.16905212402,354135.7636489868,HEG.NS,Held,436,137.82000732421875,2017-08-31,565.52001953125,246566.728515625,186477.20532226562,310.33230988072415,,,5508.377151012421,1889035.3779520988
2018-02-28,4434150.180289745,4873059.112990856,84773.16905212402,354135.7636489868,GOACARBON.NS,Held,126,465.54998779296875,2017-09-30,989.5499877929688,124683.29846191406,66024.0,112.5550453742089,,,5508.377151012421,1889035.3779520988
2018-02-28,4434150.180289745,4873059.112990856,84773.16905212402,354135.7636489868,BEPL.NS,Held,684,92.96666717529297,2017-10-31,116.83333587646484,79914.00173950195,16324.801391601562,25.672286020719838,,,5508.377151012421,1889035.3779520988
2018-02-28,4434150.180289745,4873059.112990856,84773.16905212402,354135.7636489868,RAIN.NS,Held,234,270.8500061035156,2017-10-31,380.8999938964844,89130.59857177734,25751.697143554688,40.63134034078957,,,5508.377151012421,1889035.3779520988
2018-02-28,4434150.180289745,4873059.112990856,84773.16905212402,354135.7636489868,SONATSOFTW.NS,Held,773,104.41874694824219,2017-12-31,120.44999694824219,93107.84764099121,12392.15625,15.352846561112536,,,5508.377151012421,1889035.3779520988
2018-02-28,4434150.180289745,4873059.112990856,84773.16905212402,354135.7636489868,GPIL.NS,Held,941,85.8125,2017-12-31,127.9749984741211,120424.47356414795,39674.91106414795,49.133282999704115,,,5508.377151012421,1889035.3779520988
2018-02-28,4434150.180289745,4873059.112990856,84773.16905212402,354135.7636489868,JINDALSTEL.NS,Held,281,266.45001220703125,2018-01-31,254.39999389648438,71486.39828491211,-3386.055145263672,-4.522431134731579,,,5508.377151012421,1889035.3779520988
2018-02-28,4434150.180289745,4873059.112990856,84773.16905212402,354135.7636489868,LUXIND.NS,Held,43,1713.050048828125,2018-01-31,1804.6500244140625,77599.95104980469,3938.7989501953125,5.347186186918464,,,5508.377151012421,1889035.3779520988
2018-02-28,4434150.180289745,4873059.112990856,84773.16905212402,354135.7636489868,ACE.NS,Held,435,172.0500030517578,2018-01-31,188.0,81780.0,6938.248672485352,9.270558945264272,,,5508.377151012421,1889035.3779520988
2018-02-28,4434150.180289745,4873059.112990856,84773.16905212402,354135.7636489868,STLTECH.NS,Held,228,359.3500061035156,2018-02-28,359.3500061035156,81931.80139160156,0.0,0.0,,,5508.377151012421,1889035.3779520988
2018-02-28,4434150.180289745,4873059.112990856,84773.16905212402,354135.7636489868,VENKEYS.NS,Held,20,3924.25,2018-02-28,3924.25,78485.0,0.0,0.0,,,5508.377151012421,1889035.3779520988
2018-02-28,4434150.180289745,4873059.112990856,84773.16905212402,354135.7636489868,MASTEK.NS,Held,158,517.9000244140625,2018-02-28,517.9000244140625,81828.20385742188,0.0,0.0,,,5508.377151012421,1889035.3779520988
2018-02-28,4434150.180289745,4873059.112990856,84773.16905212402,354135.7636489868,PCBL.NS,Held,685,119.97000122070312,2018-02-28,119.97000122070312,82179.45083618164,0.0,0.0,,,5508.377151012421,1889035.3779520988
2018-02-28,4434150.180289745,4873059.112990856,84773.16905212402,354135.7636489868,ADANIENT.NS,Held,741,110.91464233398438,2018-02-28,110.91464233398438,82187.74996948242,0.0,0.0,,,5508.377151012421,1889035.3779520988
2018-02-28,4434150.180289745,4873059.112990856,84773.16905212402,354135.7636489868,DENORA.NS,Held,149,549.3499755859375,2018-02-28,549.3499755859375,81853.14636230469,0.0,0.0,,,5508.377151012421,1889035.3779520988
2018-02-28,4434150.180289745,4873059.112990856,84773.16905212402,354135.7636489868,ESCORTS.NS,Held,92,892.8499755859375,2018-02-28,892.8499755859375,82142.19775390625,0.0,0.0,,,5508.377151012421,1889035.3779520988
2018-02-28,4434150.180289745,4873059.112990856,84773.16905212402,354135.7636489868,BIOCON.NS,Held,260,315.0249938964844,2018-02-28,315.0249938964844,81906.49841308594,0.0,0.0,,,5508.377151012421,1889035.3779520988
2018-02-28,4434150.180289745,4873059.112990856,84773.16905212402,354135.7636489868,COFORGE.NS,Held,492,166.89999389648438,2018-02-28,166.89999389648438,82114.79699707031,0.0,0.0,,,5508.377151012421,1889035.3779520988
2018-02-28,4434150.180289745,4873059.112990856,84773.16905212402,354135.7636489868,BOMDYEING.NS,Held,317,258.6499938964844,2018-02-28,258.6499938964844,81992.04806518555,0.0,0.0,,,5508.377151012421,1889035.3779520988
2018-02-28,4434150.180289745,4873059.112990856,84773.16905212402,354135.7636489868,BSOFT.NS,Held,612,134.33465576171875,2018-02-28,134.33465576171875,82212.80932617188,0.0,0.0,,,5508.377151012421,1889035.3779520988
2018-03-31,,,,,STLTECH.NS,Sold,228,359.3500061035156,2018-02-28,312.3999938964844,71227.19860839844,0.0,,-10704.602783203125,-13.065259888574113,,
2018-03-31,,,,,ESCORTS.NS,Sold,92,892.8499755859375,2018-02-28,818.0999755859375,75265.19775390625,0.0,,-6877.0,-8.372067205461356,,
2018-03-31,,,,,BIOCON.NS,Sold,260,315.0249938964844,2018-02-28,296.95001220703125,77207.00317382812,0.0,,-4699.4952392578125,-5.737634168605832,,
2018-03-31,,,,,BOMDYEING.NS,Sold,317,258.6499938964844,2018-02-28,239.0500030517578,75778.85096740723,0.0,,-6213.19709777832,-7.577804487623832,,
2018-03-31,,,,,SONATSOFTW.NS,Sold,773,104.41874694824219,2017-12-31,117.3375015258789,90701.8886795044,0.0,,9986.197288513184,12.372064361239872,,
2018-03-31,,,,,JINDALSTEL.NS,Sold,281,266.45001220703125,2018-01-31,219.10000610351562,61567.10171508789,0.0,,-13305.35171508789,-17.77069016109661,,
2018-03-31,,,,,PCBL.NS,Sold,685,119.97000122070312,2018-02-28,108.55999755859375,74363.59832763672,0.0,,-7815.852508544922,-9.510713966834869,,
2018-03-31,,,,,GPIL.NS,Sold,941,85.8125,2017-12-31,107.76249694824219,101404.5096282959,0.0,,20654.9471282959,25.579020478650765,,
2018-03-31,,,,,ADANIENT.NS,Sold,741,110.91464233398438,2018-02-28,85.22254943847656,63149.90913391113,0.0,,-19037.84083557129,-23.163842351981085,,
2018-03-31,,,,,DENORA.NS,Sold,149,549.3499755859375,2018-02-28,415.75,61946.75,0.0,,-19906.396362304688,-24.319647132675225,,
2018-03-31,4873059.112990856,5135548.337134838,-57918.592124938965,320407.8162689209,HEG.NS,Held,436,137.82000732421875,2017-08-31,637.0,277732.0,217642.47680664062,362.1970440775486,,,2519.57337141037,1797388.838447094
2018-03-31,4873059.112990856,5135548.337134838,-57918.592124938965,320407.8162689209,GOACARBON.NS,Held,126,465.54998779296875,2017-09-30,962.25,121243.5,62584.20153808594,106.69101605216129,,,2519.57337141037,1797388.838447094
2018-03-31,4873059.112990856,5135548.337134838,-57918.592124938965,320407.8162689209,BEPL.NS,Held,684,92.96666717529297,2017-10-31,113.73332977294922,77793.59756469727,14204.397216796875,22.33775096884967,,,2519.57337141037,1797388.838447094
2018-03-31,4873059.112990856,5135548.337134838,-57918.592124938965,320407.8162689209,RAIN.NS,Held,234,270.8500061035156,2017-10-31,374.6499938964844,87668.09857177734,24289.197143554688,38.32379008819281,,,2519.57337141037,1797388.838447094
2018-03-31,4873059.112990856,5135548.337134838,-57918.592124938965,320407.8162689209,LUXIND.NS,Held,43,1713.050048828125,2018-01-31,1701.5,73164.5,-496.652099609375,-0.6742388429355136,,,2519.57337141037,1797388.838447094
2018-03-31,4873059.112990856,5135548.337134838,-57918.592124938965,320407.8162689209,ACE.NS,Held,435,172.0500030517578,2018-01-31,167.64999389648438,72927.7473449707,-1914.0039825439453,-2.5574013817074923,,,2519.57337141037,1797388.838447094
2018-03-31,4873059.112990856,5135548.337134838,-57918.592124938965,320407.8162689209,VENKEYS.NS,Held,20,3924.25,2018-02-28,3871.0,77420.0,-1065.0,-1.356947187360642,,,2519.57337141037,1797388.838447094
2018-03-31,4873059.112990856,5135548.337134838,-57918.592124938965,320407.8162689209,MASTEK.NS,Held,158,517.9000244140625,2018-02-28,530.5,83819.0,1990.796142578125,2.4328972759158987,,,2519.57337141037,1797388.838447094
2018-03-31,4873059.112990856,5135548.337134838,-57918.592124938965,320407.8162689209,COFORGE.NS,Held,492,166.89999389648438,2018-02-28,173.0,85116.0,3001.2030029296875,3.654886954219426,,,2519.57337141037,1797388.838447094
2018-03-31,4873059.112990856,5135548.337134838,-57918.592124938965,320407.8162689209,BSOFT.NS,Held,612,134.33465576171875,2018-02-28,134.61439514160156,82384.00982666016,171.20050048828125,0.20824066455272044,,,2519.57337141037,1797388.838447094
2018-03-31,4873059.112990856,5135548.337134838,-57918.592124938965,320407.8162689209,DBL.NS,Held,75,1003.2999877929688,2018-03-31,1003.2999877929688,75247.49908447266,0.0,0.0,,,2519.57337141037,1797388.838447094
2018-03-31,4873059.112990856,5135548.337134838,-57918.592124938965,320407.8162689209,JUBLFOOD.NS,Held,325,232.5850067138672,2018-03-31,232.5850067138672,75590.12718200684,0.0,0.0,,,2519.57337141037,1797388.838447094
2018-03-31,4873059.112990856,5135548.337134838,-57918.592124938965,320407.8162689209,GRAPHITE.NS,Held,104,726.0999755859375,2018-03-31,726.0999755859375,75514.3974609375,0.0,0.0,,,2519.57337141037,1797388.838447094
2018-03-31,4873059.112990856,5135548.337134838,-57918.592124938965,320407.8162689209,ASHOKLEY.NS,Held,1042,72.7249984741211,2018-03-31,72.7249984741211,75779.44841003418,0.0,0.0,,,2519.57337141037,1797388.838447094
2018-03-31,4873059.112990856,5135548.337134838,-57918.592124938965,320407.8162689209,CYIENT.NS,Held,109,694.8499755859375,2018-03-31,694.8499755859375,75738.64733886719,0.0,0.0,,,2519.57337141037,1797388.838447094
2018-03-31,4873059.112990856,5135548.337134838,-57918.592124938965,320407.8162689209,TITAN.NS,Held,80,942.2999877929688,2018-03-31,942.2999877929688,75383.9990234375,0.0,0.0,,,2519.57337141037,1797388.838447094
2018-03-31,4873059.112990856,5135548.337134838,-57918.592124938965,320407.8162689209,CHOLAFIN.NS,Held,261,290.0899963378906,2018-03-31,290.0899963378906,75713.48904418945,0.0,0.0,,,2519.57337141037,1797388.838447094
2018-03-31,4873059.112990856,5135548.337134838,-57918.592124938965,320407.8162689209,RADICO.NS,Held,228,332.25,2018-03-31,332.25,75753.0,0.0,0.0,,,2519.57337141037,1797388.838447094
2018-03-31,4873059.112990856,5135548.337134838,-57918.592124938965,320407.8162689209,DMART.NS,Held,57,1324.800048828125,2018-03-31,1324.800048828125,75513.60278320312,0.0,0.0,,,2519.57337141037,1797388.838447094
2018-03-31,4873059.112990856,5135548.337134838,-57918.592124938965,320407.8162689209,TECHM.NS,Held,118,638.7000122070312,2018-03-31,638.7000122070312,75366.60144042969,0.0,0.0,,,2519.57337141037,1797388.838447094
2018-04-30,,,,,DBL.NS,Sold,75,1003.2999877929688,2018-03-31,1162.449951171875,87183.74633789062,0.0,,11936.247253417969,15.862649787228634,,
2018-04-30,,,,,BEPL.NS,Sold,684,92.96666717529297,2017-10-31,127.36666870117188,87118.80139160156,0.0,,23529.601043701172,37.00251129904023,,
2018-04-30,,,,,VENKEYS.NS,Sold,20,3924.25,2018-02-28,3908.35009765625,78167.001953125,0.0,,-317.998046875,-0.4051704744537173,,
2018-04-30,,,,,MASTEK.NS,Sold,158,517.9000244140625,2018-02-28,562.5,88875.0,0.0,,7046.796142578125,8.611695980589431,,
2018-04-30,,,,,CYIENT.NS,Sold,109,694.8499755859375,2018-03-31,760.9000244140625,82938.10266113281,0.0,,7199.455322265625,9.505656062292841,,
2018-04-30,,,,,TITAN.NS,Sold,80,942.2999877929688,2018-03-31,981.7999877929688,78543.9990234375,0.0,,3160.0,4.191871008352224,,
2018-04-30,,,,,RADICO.NS,Sold,228,332.25,2018-03-31,418.8500061035156,95497.80139160156,0.0,,19744.801391601562,26.06471214552765,,
2018-04-30,,,,,TECHM.NS,Sold,118,638.7000122070312,2018-03-31,670.5999755859375,79130.79711914062,0.0,,3764.1956787109375,4.994514289842544,,
2018-04-30,,,,,ACE.NS,Sold,435,172.0500030517578,2018-01-31,186.89999389648438,81301.4973449707,0.0,,6459.746017456055,8.631206382634726,,
2018-04-30,,,,,RAIN.NS,Sold,234,270.8500061035156,2017-10-31,319.70001220703125,74809.80285644531,0.0,,11430.901428222656,18.035815027763277,,
2018-04-30,,,,,GOACARBON.NS,Sold,126,465.54998779296875,2017-09-30,800.7999877929688,100900.79846191406,0.0,,42241.5,72.01160107195331,,
2018-04-30,,,,,GRAPHITE.NS,Sold,104,726.0999755859375,2018-03-31,697.5499877929688,72545.19873046875,0.0,,-2969.19873046875,-3.931963745065533,,
2018-04-30,5135548.337134838,5553758.7967906,133226.04750061035,284984.41215515137,HEG.NS,Held,436,137.82000732421875,2017-08-31,557.75,243179.0,183089.47680664062,304.69450758909375,,,6464.845519542694,1895191.4818339348
2018-04-30,5135548.337134838,5553758.7967906,133226.04750061035,284984.41215515137,LUXIND.NS,Held,43,1713.050048828125,2018-01-31,1991.6500244140625,85640.95104980469,11979.798950195312,16.263387971444505,,,6464.845519542694,1895191.4818339348
2018-04-30,5135548.337134838,5553758.7967906,133226.04750061035,284984.41215515137,COFORGE.NS,Held,492,166.89999389648438,2018-02-28,232.4199981689453,114350.6390991211,32235.84210205078,39.25704413931741,,,6464.845519542694,1895191.4818339348
2018-04-30,5135548.337134838,5553758.7967906,133226.04750061035,284984.41215515137,BSOFT.NS,Held,612,134.33465576171875,2018-02-28,160.75401306152344,98381.45599365234,16168.646667480469,19.666821751988582,,,6464.845519542694,1895191.4818339348
2018-04-30,5135548.337134838,5553758.7967906,133226.04750061035,284984.41215515137,JUBLFOOD.NS,Held,325,232.5850067138672,2018-03-31,254.02499389648438,82558.12301635742,6967.995834350586,9.218129528440876,,,6464.845519542694,1895191.4818339348
2018-04-30,5135548.337134838,5553758.7967906,133226.04750061035,284984.41215515137,ASHOKLEY.NS,Held,1042,72.7249984741211,2018-03-31,82.2249984741211,85678.44841003418,9899.0,13.062908489961039,,,6464.845519542694,1895191.4818339348
2018-04-30,5135548.337134838,5553758.7967906,133226.04750061035,284984.41215515137,CHOLAFIN.NS,Held,261,290.0899963378906,2018-03-31,348.2900085449219,90903.69223022461,15190.203186035156,20.062743611207164,,,6464.845519542694,1895191.4818339348
2018-04-30,5135548.337134838,5553758.7967906,133226.04750061035,284984.41215515137,DMART.NS,Held,57,1324.800048828125,2018-03-31,1490.6500244140625,84967.05139160156,9453.448608398438,12.518868468690275,,,6464.845519542694,1895191.4818339348
2018-04-30,5135548.337134838,5553758.7967906,133226.04750061035,284984.41215515137,BRITANNIA.NS,Held,30,2756.60009765625,2018-04-30,2756.60009765625,82698.0029296875,0.0,0.0,,,6464.845519542694,1895191.4818339348
2018-04-30,5135548.337134838,5553758.7967906,133226.04750061035,284984.41215515137,SONATSOFTW.NS,Held,625,134.5124969482422,2018-04-30,134.5124969482422,84070.31059265137,0.0,0.0,,,6464.845519542694,1895191.4818339348
2018-04-30,5135548.337134838,5553758.7967906,133226.04750061035,284984.41215515137,PGHL.NS,Held,39,2121.699951171875,2018-04-30,2121.699951171875,82746.29809570312,0.0,0.0,,,6464.845519542694,1895191.4818339348
2018-04-30,5135548.337134838,5553758.7967906,133226.04750061035,284984.41215515137,PIDILITIND.NS,Held,154,543.0999755859375,2018-04-30,543.0999755859375,83637.39624023438,0.0,0.0,,,6464.845519542694,1895191.4818339348
2018-04-30,5135548.337134838,5553758.7967906,133226.04750061035,284984.41215515137,HINDUNILVR.NS,Held,55,1508.9000244140625,2018-04-30,1508.9000244140625,82989.50134277344,0.0,0.0,,,6464.845519542694,1895191.4818339348
2018-04-30,5135548.337134838,5553758.7967906,133226.04750061035,284984.41215515137,GPIL.NS,Held,588,142.8874969482422,2018-04-30,142.8874969482422,84017.8482055664,0.0,0.0,,,6464.845519542694,1895191.4818339348
2018-04-30,5135548.337134838,5553758.7967906,133226.04750061035,284984.41215515137,SASKEN.NS,Held,85,978.3499755859375,2018-04-30,978.3499755859375,83159.74792480469,0.0,0.0,,,6464.845519542694,1895191.4818339348
2018-04-30,5135548.337134838,5553758.7967906,133226.04750061035,284984.41215515137,MPHASIS.NS,Held,81,1036.3499755859375,2018-04-30,1036.3499755859375,83944.34802246094,0.0,0.0,,,6464.845519542694,1895191.4818339348
2018-04-30,5135548.337134838,5553758.7967906,133226.04750061035,284984.41215515137,SRF.NS,Held,175,478.489990234375,2018-04-30,478.489990234375,83735.74829101562,0.0,0.0,,,6464.845519542694,1895191.4818339348
2018-04-30,5135548.337134838,5553758.7967906,133226.04750061035,284984.41215515137,GSS.NS,Held,1077,78.0999984741211,2018-04-30,78.0999984741211,84113.69835662842,0.0,0.0,,,6464.845519542694,1895191.4818339348
2018-04-30,5135548.337134838,5553758.7967906,133226.04750061035,284984.41215515137,GNA.NS,Held,303,276.75,2018-04-30,276.75,83855.25,0.0,0.0,,,6464.845519542694,1895191.4818339348
2018-04-30,5135548.337134838,5553758.7967906,133226.04750061035,284984.41215515137,NESTLEIND.NS,Held,179,469.8275146484375,2018-04-30,469.8275146484375,84099.12512207031,0.0,0.0,,,6464.845519542694,1895191.4818339348
2018-05-31,,,,,SRF.NS,Sold,175,478.489990234375,2018-04-30,386.44000244140625,67627.0004272461,0.0,,-16108.747863769531,-19.237599463236553,,
2018-05-31,,,,,ASHOKLEY.NS,Sold,1042,72.7249984741211,2018-03-31,74.0250015258789,77134.05158996582,0.0,,1354.6031799316406,1.7875600949244619,,
2018-05-31,,,,,LUXIND.NS,Sold,43,1713.050048828125,2018-01-31,1822.0999755859375,78350.29895019531,0.0,,4689.1468505859375,6.365834251743674,,
2018-05-31,,,,,CHOLAFIN.NS,Sold,261,290.0899963378906,2018-03-31,305.739990234375,79798.13745117188,0.0,,4084.648406982422,5.394875415922856,,
2018-05-31,,,,,SONATSOFTW.NS,Sold,625,134.5124969482422,2018-04-30,139.74374389648438,87339.83993530273,0.0,,3269.529342651367,3.8890415886451577,,
2018-05-31,,,,,GPIL.NS,Sold,588,142.8874969482422,2018-04-30,110.48750305175781,64966.651794433594,0.0,,-19051.196411132812,-22.675177736664075,,
2018-05-31,,,,,GNA.NS,Sold,303,276.75,2018-04-30,258.1499938964844,78219.44815063477,0.0,,-5635.801849365234,-6.720869414097787,,
2018-05-31,,,,,SASKEN.NS,Sold,85,978.3499755859375,2018-04-30,988.4500122070312,84018.25103759766,0.0,,858.5031127929688,1.0323541547639739,,
2018-05-31,5553758.7967906,5896982.202720165,-26539.315231323242,369762.7211608887,HEG.NS,Held,436,137.82000732421875,2017-08-31,708.239990234375,308792.6357421875,248703.11254882812,413.88764518656205,,,2939.832923412323,1953430.4756083488
2018-05-31,5553758.7967906,5896982.202720165,-26539.315231323242,369762.7211608887,COFORGE.NS,Held,492,166.89999389648438,2018-02-28,223.4199981689453,109922.6390991211,27807.84210205078,33.864593372912935,,,2939.832923412323,1953430.4756083488
2018-05-31,5553758.7967906,5896982.202720165,-26539.315231323242,369762.7211608887,BSOFT.NS,Held,612,134.33465576171875,2018-02-28,172.25421142578125,105419.57739257812,23206.76806640625,28.22767918602015,,,2939.832923412323,1953430.4756083488
2018-05-31,5553758.7967906,5896982.202720165,-26539.315231323242,369762.7211608887,JUBLFOOD.NS,Held,325,232.5850067138672,2018-03-31,250.86000061035156,81529.50019836426,5939.373016357422,7.857339625923008,,,2939.832923412323,1953430.4756083488
2018-05-31,5553758.7967906,5896982.202720165,-26539.315231323242,369762.7211608887,DMART.NS,Held,57,1324.800048828125,2018-03-31,1572.1500244140625,89612.55139160156,14098.948608398438,18.6707402226272,,,2939.832923412323,1953430.4756083488
2018-05-31,5553758.7967906,5896982.202720165,-26539.315231323242,369762.7211608887,BRITANNIA.NS,Held,30,2756.60009765625,2018-04-30,2961.97509765625,88859.2529296875,6161.25,7.450300831615599,,,2939.832923412323,1953430.4756083488
2018-05-31,5553758.7967906,5896982.202720165,-26539.315231323242,369762.7211608887,PGHL.NS,Held,39,2121.699951171875,2018-04-30,2338.75,91211.25,8464.951904296875,10.23000677867962,,,2939.832923412323,1953430.4756083488
2018-05-31,5553758.7967906,5896982.202720165,-26539.315231323242,369762.7211608887,PIDILITIND.NS,Held,154,543.0999755859375,2018-04-30,578.7999877929688,89135.19812011719,5497.8018798828125,6.5733776122002885,,,2939.832923412323,1953430.4756083488
2018-05-31,5553758.7967906,5896982.202720165,-26539.315231323242,369762.7211608887,HINDUNILVR.NS,Held,55,1508.9000244140625,2018-04-30,1611.449951171875,88629.74731445312,5640.2459716796875,6.796336741901425,,,2939.832923412323,1953430.4756083488
2018-05-31,5553758.7967906,5896982.202720165,-26539.315231323242,369762.7211608887,MPHASIS.NS,Held,81,1036.3499755859375,2018-04-30,1101.0999755859375,89189.09802246094,5244.75,6.247889373798776,,,2939.832923412323,1953430.4756083488
2018-05-31,5553758.7967906,5896982.202720165,-26539.315231323242,369762.7211608887,GSS.NS,Held,1077,78.0999984741211,2018-04-30,93.5999984741211,100807.19835662842,16693.5,19.84635122001445,,,2939.832923412323,1953430.4756083488
2018-05-31,5553758.7967906,5896982.202720165,-26539.315231323242,369762.7211608887,NESTLEIND.NS,Held,179,469.8275146484375,2018-04-30,482.70001220703125,86403.3021850586,2304.1770629882812,2.739834760045073,,,2939.832923412323,1953430.4756083488
2018-05-31,5553758.7967906,5896982.202720165,-26539.315231323242,369762.7211608887,KOTAKBANK.NS,Held,292,266.9200134277344,2018-05-31,266.9200134277344,77940.64392089844,0.0,0.0,,,2939.832923412323,1953430.4756083488
2018-05-31,5553758.7967906,5896982.202720165,-26539.315231323242,369762.7211608887,GRAPHITE.NS,Held,87,888.4500122070312,2018-05-31,888.4500122070312,77295.15106201172,0.0,0.0,,,2939.832923412323,1953430.4756083488
2018-05-31,5553758.7967906,5896982.202720165,-26539.315231323242,369762.7211608887,TAKE.NS,Held,314,248.3000030517578,2018-05-31,248.3000030517578,77966.20095825195,0.0,0.0,,,2939.832923412323,1953430.4756083488
2018-05-31,5553758.7967906,5896982.202720165,-26539.315231323242,369762.7211608887,FSL.NS,Held,1073,72.6500015258789,2018-05-31,72.6500015258789,77953.45163726807,0.0,0.0,,,2939.832923412323,1953430.4756083488
2018-05-31,5553758.7967906,5896982.202720165,-26539.315231323242,369762.7211608887,RADICO.NS,Held,169,460.3999938964844,2018-05-31,460.3999938964844,77807.59896850586,0.0,0.0,,,2939.832923412323,1953430.4756083488
2018-05-31,5553758.7967906,5896982.202720165,-26539.315231323242,369762.7211608887,COLPAL.NS,Held,61,1259.699951171875,2018-05-31,1259.699951171875,76841.69702148438,0.0,0.0,,,2939.832923412323,1953430.4756083488
2018-05-31,5553758.7967906,5896982.202720165,-26539.315231323242,369762.7211608887,TECHM.NS,Held,109,712.3499755859375,2018-05-31,712.3499755859375,77646.14733886719,0.0,0.0,,,2939.832923412323,1953430.4756083488
2018-05-31,5553758.7967906,5896982.202720165,-26539.315231323242,369762.7211608887,M&M.NS,Held,84,922.9500122070312,2018-05-31,922.9500122070312,77527.80102539062,0.0,0.0,,,2939.832923412323,1953430.4756083488
2018-06-30,,,,,PIDILITIND.NS,Sold,154,543.0999755859375,2018-04-30,531.75,81889.5,0.0,,-1747.896240234375,-2.089850137388109,,
2018-06-30,,,,,DMART.NS,Sold,57,1324.800048828125,2018-03-31,1485.4000244140625,84667.80139160156,0.0,,9154.198608398438,12.122582251412128,,
2018-06-30,,,,,COLPAL.NS,Sold,61,1259.699951171875,2018-05-31,1184.8499755859375,72275.84851074219,0.0,,-4565.8485107421875,-5.941889218643375,,
2018-06-30,,,,,TECHM.NS,Sold,109,712.3499755859375,2018-05-31,655.4500122070312,71444.0513305664,0.0,,-6202.096008300781,-7.987641654946877,,
2018-06-30,,,,,GSS.NS,Sold,1077,78.0999984741211,2018-04-30,73.0,78621.0,0.0,,-5492.698356628418,-6.530087802512581,,
2018-06-30,,,,,TAKE.NS,Sold,314,248.3000030517578,2018-05-31,227.0500030517578,71293.70095825195,0.0,,-6672.5,-8.558195625785178,,
2018-06-30,5896982.202720165,6190978.226417065,-15526.840507507324,309522.86420440674,HEG.NS,Held,436,137.82000732421875,2017-08-31,662.0999755859375,288675.58935546875,228586.06616210938,380.40918618467407,,,1658.0855860710144,1877663.7781443596
2018-06-30,5896982.202720165,6190978.226417065,-15526.840507507324,309522.86420440674,COFORGE.NS,Held,492,166.89999389648438,2018-02-28,219.5800018310547,108033.3609008789,25918.563903808594,31.563816573440857,,,1658.0855860710144,1877663.7781443596
2018-06-30,5896982.202720165,6190978.226417065,-15526.840507507324,309522.86420440674,BSOFT.NS,Held,612,134.33465576171875,2018-02-28,168.928466796875,103384.2216796875,21171.412353515625,25.75196313936915,,,1658.0855860710144,1877663.7781443596
2018-06-30,5896982.202720165,6190978.226417065,-15526.840507507324,309522.86420440674,JUBLFOOD.NS,Held,325,232.5850067138672,2018-03-31,277.2900085449219,90119.25277709961,14529.125595092773,19.22093021501256,,,1658.0855860710144,1877663.7781443596
2018-06-30,5896982.202720165,6190978.226417065,-15526.840507507324,309522.86420440674,BRITANNIA.NS,Held,30,2756.60009765625,2018-04-30,3106.875,93206.25,10508.2470703125,12.706772470971215,,,1658.0855860710144,1877663.7781443596
2018-06-30,5896982.202720165,6190978.226417065,-15526.840507507324,309522.86420440674,PGHL.NS,Held,39,2121.699951171875,2018-04-30,2377.39990234375,92718.59619140625,9972.298095703125,12.0516546663747,,,1658.0855860710144,1877663.7781443596
2018-06-30,5896982.202720165,6190978.226417065,-15526.840507507324,309522.86420440674,HINDUNILVR.NS,Held,55,1508.9000244140625,2018-04-30,1641.1500244140625,90263.25134277344,7273.75,8.764662857723488,,,1658.0855860710144,1877663.7781443596
2018-06-30,5896982.202720165,6190978.226417065,-15526.840507507324,309522.86420440674,MPHASIS.NS,Held,81,1036.3499755859375,2018-04-30,1084.199951171875,87820.19604492188,3875.8480224609375,4.617163768338375,,,1658.0855860710144,1877663.7781443596
2018-06-30,5896982.202720165,6190978.226417065,-15526.840507507324,309522.86420440674,NESTLEIND.NS,Held,179,469.8275146484375,2018-04-30,490.5050048828125,87800.39587402344,3701.270751953125,4.4010811605717794,,,1658.0855860710144,1877663.7781443596
2018-06-30,5896982.202720165,6190978.226417065,-15526.840507507324,309522.86420440674,KOTAKBANK.NS,Held,292,266.9200134277344,2018-05-31,268.5899963378906,78428.27893066406,487.635009765625,0.6256491930712341,,,1658.0855860710144,1877663.7781443596
2018-06-30,5896982.202720165,6190978.226417065,-15526.840507507324,309522.86420440674,GRAPHITE.NS,Held,87,888.4500122070312,2018-05-31,840.0999755859375,73088.69787597656,-4206.453186035156,-5.442066065257364,,,1658.0855860710144,1877663.7781443596
2018-06-30,5896982.202720165,6190978.226417065,-15526.840507507324,309522.86420440674,FSL.NS,Held,1073,72.6500015258789,2018-05-31,70.5,75646.5,-2306.9516372680664,-2.9593963946622175,,,1658.0855860710144,1877663.7781443596
2018-06-30,5896982.202720165,6190978.226417065,-15526.840507507324,309522.86420440674,RADICO.NS,Held,169,460.3999938964844,2018-05-31,413.8500061035156,69940.65103149414,-7866.947937011719,-10.11077072330174,,,1658.0855860710144,1877663.7781443596
2018-06-30,5896982.202720165,6190978.226417065,-15526.840507507324,309522.86420440674,M&M.NS,Held,84,922.9500122070312,2018-05-31,897.7000122070312,75406.80102539062,-2121.0,-2.735792801998041,,,1658.0855860710144,1877663.7781443596
2018-06-30,5896982.202720165,6190978.226417065,-15526.840507507324,309522.86420440674,BAJFINANCE.NS,Held,336,229.63499450683594,2018-06-30,229.63499450683594,77157.35815429688,0.0,0.0,,,1658.0855860710144,1877663.7781443596
2018-06-30,5896982.202720165,6190978.226417065,-15526.840507507324,309522.86420440674,DABUR.NS,Held,197,391.45001220703125,2018-06-30,391.45001220703125,77115.65240478516,0.0,0.0,,,1658.0855860710144,1877663.7781443596
2018-06-30,5896982.202720165,6190978.226417065,-15526.840507507324,309522.86420440674,TCS.NS,Held,41,1847.75,2018-06-30,1847.75,75757.75,0.0,0.0,,,1658.0855860710144,1877663.7781443596
2018-06-30,5896982.202720165,6190978.226417065,-15526.840507507324,309522.86420440674,INFY.NS,Held,118,653.5999755859375,2018-06-30,653.5999755859375,77124.79711914062,0.0,0.0,,,1658.0855860710144,1877663.7781443596
2018-06-30,5896982.202720165,6190978.226417065,-15526.840507507324,309522.86420440674,VIPIND.NS,Held,181,426.20001220703125,2018-06-30,426.20001220703125,77142.20220947266,0.0,0.0,,,1658.0855860710144,1877663.7781443596
2018-06-30,5896982.202720165,6190978.226417065,-15526.840507507324,309522.86420440674,SHRENIK.NS,Held,2354,32.78499984741211,2018-06-30,32.78499984741211,77175.8896408081,0.0,0.0,,,1658.0855860710144,1877663.7781443596
2018-07-31,,,,,KOTAKBANK.NS,Sold,292,266.9200134277344,2018-05-31,261.3699951171875,76320.03857421875,0.0,,-1620.6053466796875,-2.0792814443827687,,
2018-07-31,,,,,DABUR.NS,Sold,197,391.45001220703125,2018-06-30,421.54998779296875,83045.34759521484,0.0,,5929.6951904296875,7.689353594915239,,
2018-07-31,,,,,INFY.NS,Sold,118,653.5999755859375,2018-06-30,682.5499877929688,80540.89855957031,0.0,,3416.1014404296875,4.429316598593539,,
2018-07-31,,,,,MPHASIS.NS,Sold,81,1036.3499755859375,2018-04-30,1151.75,93291.75,0.0,,9347.401977539062,11.135236853633057,,
2018-07-31,,,,,RADICO.NS,Sold,169,460.3999938964844,2018-05-31,437.25,73895.25,0.0,,-3912.3489685058594,-5.028235057207534,,
2018-07-31,,,,,M&M.NS,Sold,84,922.9500122070312,2018-05-31,935.9500122070312,78619.80102539062,0.0,,1092.0,1.4085269871673083,,
2018-07-31,,,,,PGHL.NS,Sold,39,2121.699951171875,2018-04-30,2264.949951171875,88333.04809570312,0.0,,5586.75,6.751661558972039,,
2018-07-31,6190978.226417065,6682344.358680248,19838.99429321289,471527.1379699707,HEG.NS,Held,436,137.82000732421875,2017-08-31,859.3499755859375,374676.58935546875,314587.0661621094,523.530641356254,,,28273.812636852264,2059507.0462031364
2018-07-31,6190978.226417065,6682344.358680248,19838.99429321289,471527.1379699707,COFORGE.NS,Held,492,166.89999389648438,2018-02-28,245.3800048828125,120726.96240234375,38612.16540527344,47.02217726562856,,,28273.812636852264,2059507.0462031364
2018-07-31,6190978.226417065,6682344.358680248,19838.99429321289,471527.1379699707,BSOFT.NS,Held,612,134.33465576171875,2018-02-28,184.74900817871094,113066.3930053711,30853.58367919922,37.52892515421827,,,28273.812636852264,2059507.0462031364
2018-07-31,6190978.226417065,6682344.358680248,19838.99429321289,471527.1379699707,JUBLFOOD.NS,Held,325,232.5850067138672,2018-03-31,280.9800109863281,91318.50357055664,15728.376388549805,20.80744797621365,,,28273.812636852264,2059507.0462031364
2018-07-31,6190978.226417065,6682344.358680248,19838.99429321289,471527.1379699707,BRITANNIA.NS,Held,30,2756.60009765625,2018-04-30,3271.10009765625,98133.0029296875,15435.0,18.66429593604979,,,28273.812636852264,2059507.0462031364
2018-07-31,6190978.226417065,6682344.358680248,19838.99429321289,471527.1379699707,HINDUNILVR.NS,Held,55,1508.9000244140625,2018-04-30,1731.6500244140625,95240.75134277344,12251.25,14.76240946357586,,,28273.812636852264,2059507.0462031364
2018-07-31,6190978.226417065,6682344.358680248,19838.99429321289,471527.1379699707,NESTLEIND.NS,Held,179,469.8275146484375,2018-04-30,526.52001953125,94247.08349609375,10147.958374023438,12.06666342758456,,,28273.812636852264,2059507.0462031364
2018-07-31,6190978.226417065,6682344.358680248,19838.99429321289,471527.1379699707,GRAPHITE.NS,Held,87,888.4500122070312,2018-05-31,1013.9000244140625,88209.30212402344,10914.151062011719,14.120097977757496,,,28273.812636852264,2059507.0462031364
2018-07-31,6190978.226417065,6682344.358680248,19838.99429321289,471527.1379699707,FSL.NS,Held,1073,72.6500015258789,2018-05-31,72.0999984741211,77363.29836273193,-590.1532745361328,-0.7570585549979569,,,28273.812636852264,2059507.0462031364
2018-07-31,6190978.226417065,6682344.358680248,19838.99429321289,471527.1379699707,BAJFINANCE.NS,Held,336,229.63499450683594,2018-06-30,269.7900085449219,90649.44287109375,13492.084716796875,17.48645241302304,,,28273.812636852264,2059507.0462031364
2018-07-31,6190978.226417065,6682344.358680248,19838.99429321289,471527.1379699707,TCS.NS,Held,41,1847.75,2018-06-30,1940.199951171875,79548.19799804688,3790.447998046875,5.003379849648221,,,28273.812636852264,2059507.0462031364
2018-07-31,6190978.226417065,6682344.358680248,19838.99429321289,471527.1379699707,VIPIND.NS,Held,181,426.20001220703125,2018-06-30,483.6000061035156,87531.60110473633,10389.398895263672,13.467853649098844,,,28273.812636852264,2059507.0462031364
2018-07-31,6190978.226417065,6682344.358680248,19838.99429321289,471527.1379699707,SHRENIK.NS,Held,2354,32.78499984741211,2018-06-30,31.049999237060547,73091.69820404053,-4084.191436767578,-5.292056179431445,,,28273.812636852264,2059507.0462031364
2018-07-31,6190978.226417065,6682344.358680248,19838.99429321289,471527.1379699707,PAGEIND.NS,Held,2,29053.30078125,2018-07-31,29053.30078125,58106.6015625,0.0,0.0,,,28273.812636852264,2059507.0462031364
2018-07-31,6190978.226417065,6682344.358680248,19838.99429321289,471527.1379699707,RELIANCE.NS,Held,151,542.1992797851562,2018-07-31,542.1992797851562,81872.0912475586,0.0,0.0,,,28273.812636852264,2059507.0462031364
2018-07-31,6190978.226417065,6682344.358680248,19838.99429321289,471527.1379699707,BATAINDIA.NS,Held,90,908.9000244140625,2018-07-31,908.9000244140625,81801.00219726562,0.0,0.0,,,28273.812636852264,2059507.0462031364
2018-07-31,6190978.226417065,6682344.358680248,19838.99429321289,471527.1379699707,BAJAJFINSV.NS,Held,117,697.72998046875,2018-07-31,697.72998046875,81634.40771484375,0.0,0.0,,,28273.812636852264,2059507.0462031364
2018-07-31,6190978.226417065,6682344.358680248,19838.99429321289,471527.1379699707,GODREJCP.NS,Held,93,877.933349609375,2018-07-31,877.933349609375,81647.80151367188,0.0,0.0,,,28273.812636852264,2059507.0462031364
2018-07-31,6190978.226417065,6682344.358680248,19838.99429321289,471527.1379699707,ASIANPAINT.NS,Held,56,1451.4000244140625,2018-07-31,1451.4000244140625,81278.4013671875,0.0,0.0,,,28273.812636852264,2059507.0462031364
2018-07-31,6190978.226417065,6682344.358680248,19838.99429321289,471527.1379699707,DMART.NS,Held,49,1654.9000244140625,2018-07-31,1654.9000244140625,81090.10119628906,0.0,0.0,,,28273.812636852264,2059507.0462031364
2018-08-31,,,,,BAJAJFINSV.NS,Sold,117,697.72998046875,2018-07-31,674.780029296875,78949.26342773438,0.0,,-2685.144287109375,-3.289231051309667,,
2018-08-31,,,,,GRAPHITE.NS,Sold,87,888.4500122070312,2018-05-31,1013.0,88131.0,0.0,,10835.848937988281,14.018795214327204,,
2018-08-31,,,,,ASIANPAINT.NS,Sold,56,1451.4000244140625,2018-07-31,1372.449951171875,76857.197265625,0.0,,-4421.2041015625,-5.439580537010122,,
2018-08-31,,,,,FSL.NS,Sold,1073,72.6500015258789,2018-05-31,75.3499984741211,80850.54836273193,0.0,,2897.096725463867,3.7164444480849905,,
2018-08-31,,,,,DMART.NS,Sold,49,1654.9000244140625,2018-07-31,1604.5,78620.5,0.0,,-2469.6011962890625,-3.045502669075568,,
2018-08-31,,,,,BSOFT.NS,Sold,612,134.33465576171875,2018-02-28,188.35447692871094,115272.9398803711,0.0,,33060.13055419922,40.212870506633756,,
2018-08-31,,,,,SHRENIK.NS,Sold,2354,32.78499984741211,2018-06-30,25.350000381469727,59673.900897979736,0.0,,-17501.98874282837,-22.67805246468307,,
2018-08-31,6682344.358680248,7248651.514529705,19715.13788986206,546592.0179595947,HEG.NS,Held,436,137.82000732421875,2017-08-31,848.0900268554688,369767.2517089844,309677.728515625,515.3606020788798,,,11124.552394390106,2154287.0640826225
2018-08-31,6682344.358680248,7248651.514529705,19715.13788986206,546592.0179595947,COFORGE.NS,Held,492,166.89999389648438,2018-02-28,281.3399963378906,138419.2781982422,56304.481201171875,68.56800876361018,,,11124.552394390106,2154287.0640826225
2018-08-31,6682344.358680248,7248651.514529705,19715.13788986206,546592.0179595947,JUBLFOOD.NS,Held,325,232.5850067138672,2018-03-31,309.8699951171875,100707.74841308594,25117.6212310791,33.22870613856831,,,11124.552394390106,2154287.0640826225
2018-08-31,6682344.358680248,7248651.514529705,19715.13788986206,546592.0179595947,BRITANNIA.NS,Held,30,2756.60009765625,2018-04-30,3368.375,101051.25,18353.2470703125,22.193095867039283,,,11124.552394390106,2154287.0640826225
2018-08-31,6682344.358680248,7248651.514529705,19715.13788986206,546592.0179595947,HINDUNILVR.NS,Held,55,1508.9000244140625,2018-04-30,1780.0999755859375,97905.49865722656,14915.997314453125,17.973354548601563,,,11124.552394390106,2154287.0640826225
2018-08-31,6682344.358680248,7248651.514529705,19715.13788986206,546592.0179595947,NESTLEIND.NS,Held,179,469.8275146484375,2018-04-30,579.1124877929688,103661.1353149414,19562.010192871094,23.260658377214668,,,11124.552394390106,2154287.0640826225
2018-08-31,6682344.358680248,7248651.514529705,19715.13788986206,546592.0179595947,BAJFINANCE.NS,Held,336,229.63499450683594,2018-06-30,285.6600036621094,95981.76123046875,18824.403076171875,24.397417856800413,,,11124.552394390106,2154287.0640826225
2018-08-31,6682344.358680248,7248651.514529705,19715.13788986206,546592.0179595947,TCS.NS,Held,41,1847.75,2018-06-30,2078.39990234375,85214.39599609375,9456.64599609375,12.48274400453254,,,11124.552394390106,2154287.0640826225
2018-08-31,6682344.358680248,7248651.514529705,19715.13788986206,546592.0179595947,VIPIND.NS,Held,181,426.20001220703125,2018-06-30,624.0499877929688,112953.04779052734,35810.84558105469,46.42186060985605,,,11124.552394390106,2154287.0640826225
2018-08-31,6682344.358680248,7248651.514529705,19715.13788986206,546592.0179595947,PAGEIND.NS,Held,2,29053.30078125,2018-07-31,34416.75,68833.5,10726.8984375,18.46072244641953,,,11124.552394390106,2154287.0640826225
2018-08-31,6682344.358680248,7248651.514529705,19715.13788986206,546592.0179595947,RELIANCE.NS,Held,151,542.1992797851562,2018-07-31,567.640625,85713.734375,3841.6431274414062,4.6922499094658985,,,11124.552394390106,2154287.0640826225
2018-08-31,6682344.358680248,7248651.514529705,19715.13788986206,546592.0179595947,BATAINDIA.NS,Held,90,908.9000244140625,2018-07-31,1082.4000244140625,97416.00219726562,15615.0,19.089008179073343,,,11124.552394390106,2154287.0640826225
2018-08-31,6682344.358680248,7248651.514529705,19715.13788986206,546592.0179595947,GODREJCP.NS,Held,93,877.933349609375,2018-07-31,968.0999755859375,90033.29772949219,8385.496215820312,10.270327014764954,,,11124.552394390106,2154287.0640826225
2018-08-31,6682344.358680248,7248651.514529705,19715.13788986206,546592.0179595947,HAVELLS.NS,Held,119,725.25,2018-08-31,725.25,86304.75,0.0,0.0,,,11124.552394390106,2154287.0640826225
2018-08-31,6682344.358680248,7248651.514529705,19715.13788986206,546592.0179595947,DABUR.NS,Held,181,478.75,2018-08-31,478.75,86653.75,0.0,0.0,,,11124.552394390106,2154287.0640826225
2018-08-31,6682344.358680248,7248651.514529705,19715.13788986206,546592.0179595947,ASTRAZEN.NS,Held,45,1891.25,2018-08-31,1891.25,85106.25,0.0,0.0,,,11124.552394390106,2154287.0640826225
2018-08-31,6682344.358680248,7248651.514529705,19715.13788986206,546592.0179595947,ZENSARTECH.NS,Held,259,334.5899963378906,2018-08-31,334.5899963378906,86658.80905151367,0.0,0.0,,,11124.552394390106,2154287.0640826225
2018-08-31,6682344.358680248,7248651.514529705,19715.13788986206,546592.0179595947,PFIZER.NS,Held,23,3621.300048828125,2018-08-31,3621.300048828125,83289.90112304688,0.0,0.0,,,11124.552394390106,2154287.0640826225
2018-08-31,6682344.358680248,7248651.514529705,19715.13788986206,546592.0179595947,PGHL.NS,Held,24,3512.050048828125,2018-08-31,3512.050048828125,84289.201171875,0.0,0.0,,,11124.552394390106,2154287.0640826225
2018-08-31,6682344.358680248,7248651.514529705,19715.13788986206,546592.0179595947,SANOFI.NS,Held,13,6400.14990234375,2018-08-31,6400.14990234375,83201.94873046875,0.0,0.0,,,11124.552394390106,2154287.0640826225
2018-09-30,,,,,BRITANNIA.NS,Sold,30,2756.60009765625,2018-04-30,2911.75,87352.5,0.0,,4654.4970703125,5.628306495224441,,
2018-09-30,,,,,HAVELLS.NS,Sold,119,725.25,2018-08-31,594.5,70745.5,0.0,,-15559.25,-18.028266115132713,,
2018-09-30,,,,,JUBLFOOD.NS,Sold,325,232.5850067138672,2018-03-31,245.9499969482422,79933.74900817871,0.0,,4343.621826171875,5.7462819393242315,,
2018-09-30,,,,,HINDUNILVR.NS,Sold,55,1508.9000244140625,2018-04-30,1608.4000244140625,88462.00134277344,0.0,,5472.5,6.594207594279676,,
2018-09-30,,,,,GODREJCP.NS,Sold,93,877.933349609375,2018-07-31,768.6500244140625,71484.45227050781,0.0,,-10163.349243164062,-12.447792904089667,,
2018-09-30,,,,,COFORGE.NS,Sold,492,166.89999389648438,2018-02-28,219.4199981689453,107954.6390991211,0.0,,25839.84210205078,31.467948587844276,,
2018-09-30,,,,,NESTLEIND.NS,Sold,179,469.8275146484375,2018-04-30,484.9825134277344,86811.86990356445,0.0,,2712.7447814941406,3.225651607619672,,
2018-09-30,,,,,HEG.NS,Sold,436,137.82000732421875,2017-08-31,669.1500244140625,291749.41064453125,0.0,,231659.88745117188,385.5245892128715,,
2018-09-30,,,,,BAJFINANCE.NS,Sold,336,229.63499450683594,2018-06-30,216.8000030517578,72844.80102539062,0.0,,-4312.55712890625,-5.5893011788741305,,
2018-09-30,,,,,ASTRAZEN.NS,Sold,45,1891.25,2018-08-31,1563.8499755859375,70373.24890136719,0.0,,-14733.001098632812,-17.311303339805022,,
2018-09-30,,,,,ZENSARTECH.NS,Sold,259,334.5899963378906,2018-08-31,282.54998779296875,73180.4468383789,0.0,,-13478.362213134766,-15.55336654248578,,
2018-09-30,,,,,VIPIND.NS,Sold,181,426.20001220703125,2018-06-30,413.6000061035156,74861.60110473633,0.0,,-2280.601104736328,-2.9563598645311715,,
2018-09-30,,,,,PGHL.NS,Sold,24,3512.050048828125,2018-08-31,2592.10009765625,62210.40234375,0.0,,-22078.798828125,-26.19410140464363,,
2018-09-30,7248651.514529705,7447429.094424725,192077.17361450195,6700.406280517578,TCS.NS,Held,41,1847.75,2018-06-30,2183.699951171875,89531.69799804688,13773.947998046875,18.181569539811935,,,5734.262202739716,1806472.6260180473
2018-09-30,7248651.514529705,7447429.094424725,192077.17361450195,6700.406280517578,PAGEIND.NS,Held,2,29053.30078125,2018-07-31,32885.1015625,65770.203125,7663.6015625,13.18886556161258,,,5734.262202739716,1806472.6260180473
2018-09-30,7248651.514529705,7447429.094424725,192077.17361450195,6700.406280517578,RELIANCE.NS,Held,151,542.1992797851562,2018-07-31,575.0924072265625,86838.95349121094,4966.862243652344,6.066612160466164,,,5734.262202739716,1806472.6260180473
2018-09-30,7248651.514529705,7447429.094424725,192077.17361450195,6700.406280517578,BATAINDIA.NS,Held,90,908.9000244140625,2018-07-31,970.2999877929688,87326.99890136719,5525.9967041015625,6.755414427289597,,,5734.262202739716,1806472.6260180473
2018-09-30,7248651.514529705,7447429.094424725,192077.17361450195,6700.406280517578,DABUR.NS,Held,181,478.75,2018-08-31,426.8999938964844,77268.89889526367,-9384.851104736328,-10.83028848115209,,,5734.262202739716,1806472.6260180473
2018-09-30,7248651.514529705,7447429.094424725,192077.17361450195,6700.406280517578,PFIZER.NS,Held,23,3621.300048828125,2018-08-31,2986.5,68689.5,-14600.401123046875,-17.529617548083323,,,5734.262202739716,1806472.6260180473
2018-09-30,7248651.514529705,7447429.094424725,192077.17361450195,6700.406280517578,SANOFI.NS,Held,13,6400.14990234375,2018-08-31,6304.39990234375,81957.19873046875,-1244.75,-1.4960587089520532,,,5734.262202739716,1806472.6260180473
2018-09-30,7248651.514529705,7447429.094424725,192077.17361450195,6700.406280517578,AXISBANK.NS,Held,156,613.25,2018-09-30,613.25,95667.0,0.0,0.0,,,5734.262202739716,1806472.6260180473
2018-09-30,7248651.514529705,7447429.094424725,192077.17361450195,6700.406280517578,SONATSOFTW.NS,Held,693,138.5812530517578,2018-09-30,138.5812530517578,96036.80836486816,0.0,0.0,,,5734.262202739716,1806472.6260180473
2018-09-30,7248651.514529705,7447429.094424725,192077.17361450195,6700.406280517578,INFY.NS,Held,131,730.0499877929688,2018-09-30,730.0499877929688,95636.5484008789,0.0,0.0,,,5734.262202739716,1806472.6260180473
2018-09-30,7248651.514529705,7447429.094424725,192077.17361450195,6700.406280517578,TORNTPHARM.NS,Held,116,826.2999877929688,2018-09-30,826.2999877929688,95850.79858398438,0.0,0.0,,,5734.262202739716,1806472.6260180473
2018-09-30,7248651.514529705,7447429.094424725,192077.17361450195,6700.406280517578,DIVISLAB.NS,Held,73,1310.9000244140625,2018-09-30,1310.9000244140625,95695.70178222656,0.0,0.0,,,5734.262202739716,1806472.6260180473
2018-09-30,7248651.514529705,7447429.094424725,192077.17361450195,6700.406280517578,ADANIENT.NS,Held,735,130.60000610351562,2018-09-30,130.60000610351562,95991.00448608398,0.0,0.0,,,5734.262202739716,1806472.6260180473
2018-09-30,7248651.514529705,7447429.094424725,192077.17361450195,6700.406280517578,MPHASIS.NS,Held,81,1173.25,2018-09-30,1173.25,95033.25,0.0,0.0,,,5734.262202739716,1806472.6260180473
2018-09-30,7248651.514529705,7447429.094424725,192077.17361450195,6700.406280517578,WSTCSTPAPR.NS,Held,294,326.5,2018-09-30,326.5,95991.0,0.0,0.0,,,5734.262202739716,1806472.6260180473
2018-09-30,7248651.514529705,7447429.094424725,192077.17361450195,6700.406280517578,UBL.NS,Held,70,1357.3499755859375,2018-09-30,1357.3499755859375,95014.49829101562,0.0,0.0,,,5734.262202739716,1806472.6260180473
2018-09-30,7248651.514529705,7447429.094424725,192077.17361450195,6700.406280517578,JSWSTEEL.NS,Held,251,381.6499938964844,2018-09-30,381.6499938964844,95794.14846801758,0.0,0.0,,,5734.262202739716,1806472.6260180473
2018-09-30,7248651.514529705,7447429.094424725,192077.17361450195,6700.406280517578,LTTS.NS,Held,55,1736.25,2018-09-30,1736.25,95493.75,0.0,0.0,,,5734.262202739716,1806472.6260180473
2018-09-30,7248651.514529705,7447429.094424725,192077.17361450195,6700.406280517578,TECHM.NS,Held,128,745.5,2018-09-30,745.5,95424.0,0.0,0.0,,,5734.262202739716,1806472.6260180473
2018-09-30,7248651.514529705,7447429.094424725,192077.17361450195,6700.406280517578,HCLTECH.NS,Held,176,543.9000244140625,2018-09-30,543.9000244140625,95726.404296875,0.0,0.0,,,5734.262202739716,1806472.6260180473
2018-10-31,,,,,PAGEIND.NS,Sold,2,29053.30078125,2018-07-31,29453.599609375,58907.19921875,0.0,,800.59765625,1.3778084326423217,,
2018-10-31,,,,,AXISBANK.NS,Sold,156,613.25,2018-09-30,582.4000244140625,90854.40380859375,0.0,,-4812.59619140625,-5.030570825264982,,
2018-10-31,,,,,RELIANCE.NS,Sold,151,542.1992797851562,2018-07-31,485.16778564453125,73260.33563232422,0.0,,-8611.755615234375,-10.518548487047685,,
2018-10-31,,,,,DABUR.NS,Sold,181,478.75,2018-08-31,384.75,69639.75,0.0,,-17014.0,-19.634464751958227,,
2018-10-31,,,,,UBL.NS,Sold,70,1357.3499755859375,2018-09-30,1219.9000244140625,85393.00170898438,0.0,,-9621.49658203125,-10.126345721009864,,
2018-10-31,,,,,JSWSTEEL.NS,Sold,251,381.6499938964844,2018-09-30,339.3999938964844,85189.39846801758,0.0,,-10604.75,-11.070352594178095,,
2018-10-31,,,,,HCLTECH.NS,Sold,176,543.9000244140625,2018-09-30,527.7999877929688,92892.7978515625,0.0,,-2833.6064453125,-2.960109560288794,,
2018-10-31,,,,,SONATSOFTW.NS,Sold,693,138.5812530517578,2018-09-30,115.70625305175781,80184.43336486816,0.0,,-15852.375,-16.506561671409166,,
2018-10-31,,,,,MPHASIS.NS,Sold,81,1173.25,2018-09-30,986.9500122070312,79942.95098876953,0.0,,-15090.299011230469,-15.878967636306735,,
2018-10-31,,,,,WSTCSTPAPR.NS,Sold,294,326.5,2018-09-30,391.3500061035156,115056.9017944336,0.0,,19065.901794433594,19.86217644824368,,
2018-10-31,,,,,PFIZER.NS,Sold,23,3621.300048828125,2018-08-31,2918.199951171875,67118.59887695312,0.0,,-16171.30224609375,-19.415681887055385,,
2018-10-31,,,,,SANOFI.NS,Sold,13,6400.14990234375,2018-08-31,5791.2001953125,75285.6025390625,0.0,,-7916.34619140625,-9.514616318724835,,
2018-10-31,7447429.094424725,7403006.569736004,-88662.02783203125,44239.50314331055,TCS.NS,Held,41,1847.75,2018-06-30,1938.1500244140625,79464.15100097656,3706.4010009765625,4.892438068681504,,,3391.160945415497,1755349.695048809
2018-10-31,7447429.094424725,7403006.569736004,-88662.02783203125,44239.50314331055,BATAINDIA.NS,Held,90,908.9000244140625,2018-07-31,974.5,87705.0,5903.997802734375,7.2175127983110805,,,3391.160945415497,1755349.695048809
2018-10-31,7447429.094424725,7403006.569736004,-88662.02783203125,44239.50314331055,INFY.NS,Held,131,730.0499877929688,2018-09-30,686.4000244140625,89918.40319824219,-5718.145202636719,-5.979037615063247,,,3391.160945415497,1755349.695048809
2018-10-31,7447429.094424725,7403006.569736004,-88662.02783203125,44239.50314331055,TORNTPHARM.NS,Held,116,826.2999877929688,2018-09-30,833.7999877929688,96720.79858398438,870.0,0.907660669345083,,,3391.160945415497,1755349.695048809
2018-10-31,7447429.094424725,7403006.569736004,-88662.02783203125,44239.50314331055,DIVISLAB.NS,Held,73,1310.9000244140625,2018-09-30,1484.5,108368.5,12672.798217773438,13.242808173989628,,,3391.160945415497,1755349.695048809
2018-10-31,7447429.094424725,7403006.569736004,-88662.02783203125,44239.50314331055,ADANIENT.NS,Held,735,130.60000610351562,2018-09-30,170.0,124950.0,28958.995513916016,30.16844720914892,,,3391.160945415497,1755349.695048809
2018-10-31,7447429.094424725,7403006.569736004,-88662.02783203125,44239.50314331055,LTTS.NS,Held,55,1736.25,2018-09-30,1700.800048828125,93544.00268554688,-1949.747314453125,-2.0417538471922247,,,3391.160945415497,1755349.695048809
2018-10-31,7447429.094424725,7403006.569736004,-88662.02783203125,44239.50314331055,TECHM.NS,Held,128,745.5,2018-09-30,743.9000244140625,95219.203125,-204.796875,-0.214617784834004,,,3391.160945415497,1755349.695048809
2018-10-31,7447429.094424725,7403006.569736004,-88662.02783203125,44239.50314331055,HEG.NS,Held,95,854.3900146484375,2018-10-31,854.3900146484375,81167.05139160156,0.0,0.0,,,3391.160945415497,1755349.695048809
2018-10-31,7447429.094424725,7403006.569736004,-88662.02783203125,44239.50314331055,AUROPHARMA.NS,Held,103,791.5499877929688,2018-10-31,791.5499877929688,81529.64874267578,0.0,0.0,,,3391.160945415497,1755349.695048809
2018-10-31,7447429.094424725,7403006.569736004,-88662.02783203125,44239.50314331055,ICICIBANK.NS,Held,229,355.0,2018-10-31,355.0,81295.0,0.0,0.0,,,3391.160945415497,1755349.695048809
2018-10-31,7447429.094424725,7403006.569736004,-88662.02783203125,44239.50314331055,WIPRO.NS,Held,657,124.20002746582031,2018-10-31,124.20002746582031,81599.41804504395,0.0,0.0,,,3391.160945415497,1755349.695048809
2018-10-31,7447429.094424725,7403006.569736004,-88662.02783203125,44239.50314331055,ABFRL.NS,Held,459,177.52587890625,2018-10-31,177.52587890625,81484.37841796875,0.0,0.0,,,3391.160945415497,1755349.695048809
2018-10-31,7447429.094424725,7403006.569736004,-88662.02783203125,44239.50314331055,INTELLECT.NS,Held,325,251.10000610351562,2018-10-31,251.10000610351562,81607.50198364258,0.0,0.0,,,3391.160945415497,1755349.695048809
2018-10-31,7447429.094424725,7403006.569736004,-88662.02783203125,44239.50314331055,GRAPHITE.NS,Held,85,951.6500244140625,2018-10-31,951.6500244140625,80890.25207519531,0.0,0.0,,,3391.160945415497,1755349.695048809
2018-10-31,7447429.094424725,7403006.569736004,-88662.02783203125,44239.50314331055,BIOCON.NS,Held,247,329.5,2018-10-31,329.5,81386.5,0.0,0.0,,,3391.160945415497,1755349.695048809
2018-10-31,7447429.094424725,7403006.569736004,-88662.02783203125,44239.50314331055,PGHL.NS,Held,26,3106.550048828125,2018-10-31,3106.550048828125,80770.30126953125,0.0,0.0,,,3391.160945415497,1755349.695048809
2018-10-31,7447429.094424725,7403006.569736004,-88662.02783203125,44239.50314331055,NAUKRI.NS,Held,258,315.7900085449219,2018-10-31,315.7900085449219,81473.82220458984,0.0,0.0,,,3391.160945415497,1755349.695048809
2018-10-31,7447429.094424725,7403006.569736004,-88662.02783203125,44239.50314331055,DRREDDY.NS,Held,160,508.489990234375,2018-10-31,508.489990234375,81358.3984375,0.0,0.0,,,3391.160945415497,1755349.695048809
2018-10-31,7447429.094424725,7403006.569736004,-88662.02783203125,44239.50314331055,JKPAPER.NS,Held,482,169.10000610351562,2018-10-31,169.10000610351562,81506.20294189453,0.0,0.0,,,3391.160945415497,1755349.695048809
2018-11-30,,,,,ABFRL.NS,Sold,459,177.52587890625,2018-10-31,178.46229553222656,81914.19364929199,0.0,,429.8152313232422,0.527481757446235,,
2018-11-30,,,,,HEG.NS,Sold,95,854.3900146484375,2018-10-31,836.1799926757812,79437.09930419922,0.0,,-1729.9520874023438,-2.1313477054327783,,
2018-11-30,,,,,TCS.NS,Sold,41,1847.75,2018-06-30,1968.25,80698.25,0.0,,4940.5,6.521445000676499,,
2018-11-30,,,,,INFY.NS,Sold,131,730.0499877929688,2018-09-30,667.4500122070312,87435.9515991211,0.0,,-8200.596801757812,-8.574751952970365,,
2018-11-30,,,,,GRAPHITE.NS,Sold,85,951.6500244140625,2018-10-31,934.8499755859375,79462.24792480469,0.0,,-1428.004150390625,-1.7653599954950776,,
2018-11-30,,,,,BIOCON.NS,Sold,247,329.5,2018-10-31,312.17498779296875,77107.22198486328,0.0,,-4279.278015136719,-5.257970320798559,,
2018-11-30,,,,,PGHL.NS,Sold,26,3106.550048828125,2018-10-31,2818.550048828125,73282.30126953125,0.0,,-7488.0,-9.27073427027649,,
2018-11-30,7403006.569736004,7420227.38102293,-17755.515823364258,34976.32711029053,BATAINDIA.NS,Held,90,908.9000244140625,2018-07-31,1043.300048828125,93897.00439453125,12096.002197265625,14.787107581024184,,,1363.106589794159,1728331.0031924248
2018-11-30,7403006.569736004,7420227.38102293,-17755.515823364258,34976.32711029053,TORNTPHARM.NS,Held,116,826.2999877929688,2018-09-30,886.9000244140625,102880.40283203125,7029.604248046875,7.3339026402451335,,,1363.106589794159,1728331.0031924248
2018-11-30,7403006.569736004,7420227.38102293,-17755.515823364258,34976.32711029053,DIVISLAB.NS,Held,73,1310.9000244140625,2018-09-30,1439.3499755859375,105072.54821777344,9376.846435546875,9.798607733590417,,,1363.106589794159,1728331.0031924248
2018-11-30,7403006.569736004,7420227.38102293,-17755.515823364258,34976.32711029053,ADANIENT.NS,Held,735,130.60000610351562,2018-09-30,165.0,121275.0,25283.995513916016,26.33996346770336,,,1363.106589794159,1728331.0031924248
2018-11-30,7403006.569736004,7420227.38102293,-17755.515823364258,34976.32711029053,LTTS.NS,Held,55,1736.25,2018-09-30,1549.0999755859375,85200.49865722656,-10293.251342773438,-10.778979087922966,,,1363.106589794159,1728331.0031924248
2018-11-30,7403006.569736004,7420227.38102293,-17755.515823364258,34976.32711029053,TECHM.NS,Held,128,745.5,2018-09-30,705.9500122070312,90361.6015625,-5062.3984375,-5.305162681820088,,,1363.106589794159,1728331.0031924248
2018-11-30,7403006.569736004,7420227.38102293,-17755.515823364258,34976.32711029053,AUROPHARMA.NS,Held,103,791.5499877929688,2018-10-31,810.7000122070312,83502.10125732422,1972.4525146484375,2.4193070190623542,,,1363.106589794159,1728331.0031924248
2018-11-30,7403006.569736004,7420227.38102293,-17755.515823364258,34976.32711029053,ICICIBANK.NS,Held,229,355.0,2018-10-31,355.1499938964844,81329.34860229492,34.348602294921875,0.04225180182658451,,,1363.106589794159,1728331.0031924248
2018-11-30,7403006.569736004,7420227.38102293,-17755.515823364258,34976.32711029053,WIPRO.NS,Held,657,124.20002746582031,2018-10-31,121.74378204345703,79985.66480255127,-1613.7532424926758,-1.9776528817912193,,,1363.106589794159,1728331.0031924248
2018-11-30,7403006.569736004,7420227.38102293,-17755.515823364258,34976.32711029053,INTELLECT.NS,Held,325,251.10000610351562,2018-10-31,229.75,74668.75,-6938.751983642578,-8.502590834153192,,,1363.106589794159,1728331.0031924248
2018-11-30,7403006.569736004,7420227.38102293,-17755.515823364258,34976.32711029053,NAUKRI.NS,Held,258,315.7900085449219,2018-10-31,309.1199951171875,79752.95874023438,-1720.8634643554688,-2.1121673413506845,,,1363.106589794159,1728331.0031924248
2018-11-30,7403006.569736004,7420227.38102293,-17755.515823364258,34976.32711029053,DRREDDY.NS,Held,160,508.489990234375,2018-10-31,544.4400024414062,87110.400390625,5752.001953125,7.06995474787243,,,1363.106589794159,1728331.0031924248
2018-11-30,7403006.569736004,7420227.38102293,-17755.515823364258,34976.32711029053,JKPAPER.NS,Held,482,169.10000610351562,2018-10-31,167.14999389648438,80566.29705810547,-939.9058837890625,-1.1531709855986272,,,1363.106589794159,1728331.0031924248
2018-11-30,7403006.569736004,7420227.38102293,-17755.515823364258,34976.32711029053,APOLLOHOSP.NS,Held,63,1264.800048828125,2018-11-30,1264.800048828125,79682.40307617188,0.0,0.0,,,1363.106589794159,1728331.0031924248
2018-11-30,7403006.569736004,7420227.38102293,-17755.515823364258,34976.32711029053,ADANIENSOL.NS,Held,357,225.10000610351562,2018-11-30,225.10000610351562,80360.70217895508,0.0,0.0,,,1363.106589794159,1728331.0031924248
2018-11-30,7403006.569736004,7420227.38102293,-17755.515823364258,34976.32711029053,ICICIGI.NS,Held,96,833.7999877929688,2018-11-30,833.7999877929688,80044.798828125,0.0,0.0,,,1363.106589794159,1728331.0031924248
2018-11-30,7403006.569736004,7420227.38102293,-17755.515823364258,34976.32711029053,GLENMARK.NS,Held,123,653.1500244140625,2018-11-30,653.1500244140625,80337.45300292969,0.0,0.0,,,1363.106589794159,1728331.0031924248
2018-11-30,7403006.569736004,7420227.38102293,-17755.515823364258,34976.32711029053,ADANIPOWER.NS,Held,7242,11.100000381469727,2018-11-30,11.100000381469727,80386.20276260376,0.0,0.0,,,1363.106589794159,1728331.0031924248
2018-11-30,7403006.569736004,7420227.38102293,-17755.515823364258,34976.32711029053,GFLLIMITED.NS,Held,953,84.33238220214844,2018-11-30,84.33238220214844,80368.76023864746,0.0,0.0,,,1363.106589794159,1728331.0031924248
2018-11-30,7403006.569736004,7420227.38102293,-17755.515823364258,34976.32711029053,HCLTECH.NS,Held,158,507.5,2018-11-30,507.5,80185.0,0.0,0.0,,,1363.106589794159,1728331.0031924248
2018-12-31,,,,,AUROPHARMA.NS,Sold,103,791.5499877929688,2018-10-31,732.9500122070312,75493.85125732422,0.0,,-6035.7974853515625,-7.403193290335117,,
2018-12-31,,,,,ICICIGI.NS,Sold,96,833.7999877929688,2018-11-30,864.4500122070312,82987.201171875,0.0,,2942.40234375,3.6759444546397444,,
2018-12-31,,,,,JKPAPER.NS,Sold,482,169.10000610351562,2018-10-31,152.5500030517578,73529.10147094727,0.0,,-7977.101470947266,-9.787109671437046,,
2018-12-31,,,,,DRREDDY.NS,Sold,160,508.489990234375,2018-10-31,523.2999877929688,83727.998046875,0.0,,2369.599609375,2.9125445619426005,,
2018-12-31,,,,,ADANIENSOL.NS,Sold,357,225.10000610351562,2018-11-30,198.39999389648438,70828.79782104492,0.0,,-9531.904357910156,-11.861400036903087,,
2018-12-31,,,,,TORNTPHARM.NS,Sold,116,826.2999877929688,2018-09-30,885.7000122070312,102741.20141601562,0.0,,6890.40283203125,7.1886754558376325,,
2018-12-31,,,,,INTELLECT.NS,Sold,325,251.10000610351562,2018-10-31,224.60000610351562,72995.00198364258,0.0,,-8612.5,-10.553564060478521,,
2018-12-31,,,,,NAUKRI.NS,Sold,258,315.7900085449219,2018-10-31,288.1300048828125,74337.54125976562,0.0,,-7136.280944824219,-8.758986324348724,,
2018-12-31,,,,,TECHM.NS,Sold,128,745.5,2018-09-30,723.1500244140625,92563.203125,0.0,,-2860.796875,-2.997984652707914,,
2018-12-31,,,,,LTTS.NS,Sold,55,1736.25,2018-09-30,1708.3499755859375,93959.24865722656,0.0,,-1534.5013427734375,-1.606912853221742,,
2018-12-31,,,,,GFLLIMITED.NS,Sold,953,84.33238220214844,2018-11-30,85.9157943725586,81877.75203704834,0.0,,1508.991798400879,1.8775850142767787,,
2018-12-31,,,,,HCLTECH.NS,Sold,158,507.5,2018-11-30,482.17498779296875,76183.64807128906,0.0,,-4001.3519287109375,-4.990150188577586,,
2018-12-31,7420227.38102293,7440417.378961086,-33978.83782196045,54168.83576011658,BATAINDIA.NS,Held,90,908.9000244140625,2018-07-31,1134.300048828125,102087.00439453125,20286.002197265625,24.799209853621733,,,7707.073592662811,1713544.6740202904
2018-12-31,7420227.38102293,7440417.378961086,-33978.83782196045,54168.83576011658,DIVISLAB.NS,Held,73,1310.9000244140625,2018-09-30,1482.6500244140625,108233.45178222656,12537.75,13.101685620668723,,,7707.073592662811,1713544.6740202904
2018-12-31,7420227.38102293,7440417.378961086,-33978.83782196045,54168.83576011658,ADANIENT.NS,Held,735,130.60000610351562,2018-09-30,161.0,118335.0,22343.995513916016,23.277176474546916,,,7707.073592662811,1713544.6740202904
2018-12-31,7420227.38102293,7440417.378961086,-33978.83782196045,54168.83576011658,ICICIBANK.NS,Held,229,355.0,2018-10-31,360.1499938964844,82474.34860229492,1179.3486022949219,1.4507025060519365,,,7707.073592662811,1713544.6740202904
2018-12-31,7420227.38102293,7440417.378961086,-33978.83782196045,54168.83576011658,WIPRO.NS,Held,657,124.20002746582031,2018-10-31,124.06877899169922,81513.18779754639,-86.2302474975586,-0.1056750765672843,,,7707.073592662811,1713544.6740202904
2018-12-31,7420227.38102293,7440417.378961086,-33978.83782196045,54168.83576011658,APOLLOHOSP.NS,Held,63,1264.800048828125,2018-11-30,1258.300048828125,79272.90307617188,-409.5,-0.5139152236768527,,,7707.073592662811,1713544.6740202904
2018-12-31,7420227.38102293,7440417.378961086,-33978.83782196045,54168.83576011658,GLENMARK.NS,Held,123,653.1500244140625,2018-11-30,693.0499877929688,85245.14849853516,4907.695495605469,6.108851242055805,,,7707.073592662811,1713544.6740202904
2018-12-31,7420227.38102293,7440417.378961086,-33978.83782196045,54168.83576011658,ADANIPOWER.NS,Held,7242,11.100000381469727,2018-11-30,10.1899995803833,73795.97696113586,-6590.2258014678955,-8.198205133448244,,,7707.073592662811,1713544.6740202904
2018-12-31,7420227.38102293,7440417.378961086,-33978.83782196045,54168.83576011658,MARICO.NS,Held,219,373.3999938964844,2018-12-31,373.3999938964844,81774.59866333008,0.0,0.0,,,7707.073592662811,1713544.6740202904
2018-12-31,7420227.38102293,7440417.378961086,-33978.83782196045,54168.83576011658,MUTHOOTFIN.NS,Held,158,516.0,2018-12-31,516.0,81528.0,0.0,0.0,,,7707.073592662811,1713544.6740202904
2018-12-31,7420227.38102293,7440417.378961086,-33978.83782196045,54168.83576011658,CUMMINSIND.NS,Held,96,849.7000122070312,2018-12-31,849.7000122070312,81571.201171875,0.0,0.0,,,7707.073592662811,1713544.6740202904
2018-12-31,7420227.38102293,7440417.378961086,-33978.83782196045,54168.83576011658,HAVELLS.NS,Held,118,691.5,2018-12-31,691.5,81597.0,0.0,0.0,,,7707.073592662811,1713544.6740202904
2018-12-31,7420227.38102293,7440417.378961086,-33978.83782196045,54168.83576011658,HINDUNILVR.NS,Held,44,1819.6500244140625,2018-12-31,1819.6500244140625,80064.60107421875,0.0,0.0,,,7707.073592662811,1713544.6740202904
2018-12-31,7420227.38102293,7440417.378961086,-33978.83782196045,54168.83576011658,ABFRL.NS,Held,410,199.605712890625,2018-12-31,199.605712890625,81838.34228515625,0.0,0.0,,,7707.073592662811,1713544.6740202904
2018-12-31,7420227.38102293,7440417.378961086,-33978.83782196045,54168.83576011658,BERGEPAINT.NS,Held,297,275.25,2018-12-31,275.25,81749.25,0.0,0.0,,,7707.073592662811,1713544.6740202904
2018-12-31,7420227.38102293,7440417.378961086,-33978.83782196045,54168.83576011658,IPCALAB.NS,Held,204,401.04998779296875,2018-12-31,401.04998779296875,81814.19750976562,0.0,0.0,,,7707.073592662811,1713544.6740202904
2018-12-31,7420227.38102293,7440417.378961086,-33978.83782196045,54168.83576011658,PVRINOX.NS,Held,51,1575.5673828125,2018-12-31,1575.5673828125,80353.9365234375,0.0,0.0,,,7707.073592662811,1713544.6740202904
2018-12-31,7420227.38102293,7440417.378961086,-33978.83782196045,54168.83576011658,COLPAL.NS,Held,60,1343.550048828125,2018-12-31,1343.550048828125,80613.0029296875,0.0,0.0,,,7707.073592662811,1713544.6740202904
2018-12-31,7420227.38102293,7440417.378961086,-33978.83782196045,54168.83576011658,NESTLEIND.NS,Held,147,554.2424926757812,2018-12-31,554.2424926757812,81473.64642333984,0.0,0.0,,,7707.073592662811,1713544.6740202904
2018-12-31,7420227.38102293,7440417.378961086,-33978.83782196045,54168.83576011658,LT.NS,Held,56,1437.550048828125,2018-12-31,1437.550048828125,80502.802734375,0.0,0.0,,,7707.073592662811,1713544.6740202904
2019-01-31,,,,,MARICO.NS,Sold,219,373.3999938964844,2018-12-31,366.75,80318.25,0.0,,-1456.3486633300781,-1.780930370965115,,
2019-01-31,,,,,CUMMINSIND.NS,Sold,96,849.7000122070312,2018-12-31,788.2000122070312,75667.201171875,0.0,,-5904.0,-7.237848548484591,,
2019-01-31,,,,,ICICIBANK.NS,Sold,229,355.0,2018-10-31,364.45001220703125,83459.05279541016,0.0,,2164.0527954101562,2.6619752695862675,,
2019-01-31,,,,,BERGEPAINT.NS,Sold,297,275.25,2018-12-31,265.625,78890.625,0.0,,-2858.625,-3.496821071752952,,
2019-01-31,,,,,GLENMARK.NS,Sold,123,653.1500244140625,2018-11-30,651.6500244140625,80152.95300292969,0.0,,-184.5,-0.2296562725149773,,
2019-01-31,,,,,ADANIPOWER.NS,Sold,7242,11.100000381469727,2018-11-30,9.100000381469727,65902.20276260376,0.0,,-14484.0,-18.018017398799262,,
2019-01-31,,,,,IPCALAB.NS,Sold,204,401.04998779296875,2018-12-31,384.7250061035156,78483.90124511719,0.0,,-3330.2962646484375,-4.070560325731877,,
2019-01-31,,,,,ADANIENT.NS,Sold,735,130.60000610351562,2018-09-30,137.14999389648438,100805.24551391602,0.0,,4814.241027832031,5.015304354409544,,
2019-01-31,,,,,LT.NS,Sold,56,1437.550048828125,2018-12-31,1314.300048828125,73600.802734375,0.0,,-6902.0,-8.573614539575305,,
2019-01-31,7440417.378961086,7458192.789666653,-28141.476104736328,45916.886810302734,BATAINDIA.NS,Held,90,908.9000244140625,2018-07-31,1118.5999755859375,100673.99780273438,18872.99560546875,23.071839095511255,,,2374.6037859916687,1677151.2489657402
2019-01-31,7440417.378961086,7458192.789666653,-28141.476104736328,45916.886810302734,DIVISLAB.NS,Held,73,1310.9000244140625,2018-09-30,1506.199951171875,109952.59643554688,14256.894653320312,14.898155703758292,,,2374.6037859916687,1677151.2489657402
2019-01-31,7440417.378961086,7458192.789666653,-28141.476104736328,45916.886810302734,WIPRO.NS,Held,657,124.20002746582031,2018-10-31,138.4500274658203,90961.66804504395,9362.25,11.473427414435623,,,2374.6037859916687,1677151.2489657402
2019-01-31,7440417.378961086,7458192.789666653,-28141.476104736328,45916.886810302734,APOLLOHOSP.NS,Held,63,1264.800048828125,2018-11-30,1325.6500244140625,83515.95153808594,3833.5484619140625,4.811035202150475,,,2374.6037859916687,1677151.2489657402
2019-01-31,7440417.378961086,7458192.789666653,-28141.476104736328,45916.886810302734,MUTHOOTFIN.NS,Held,158,516.0,2018-12-31,499.45001220703125,78913.10192871094,-2614.8980712890625,-3.2073619753815406,,,2374.6037859916687,1677151.2489657402
2019-01-31,7440417.378961086,7458192.789666653,-28141.476104736328,45916.886810302734,HAVELLS.NS,Held,118,691.5,2018-12-31,713.4500122070312,84187.10144042969,2590.1014404296875,3.1742606228533985,,,2374.6037859916687,1677151.2489657402
2019-01-31,7440417.378961086,7458192.789666653,-28141.476104736328,45916.886810302734,HINDUNILVR.NS,Held,44,1819.6500244140625,2018-12-31,1763.25,77583.0,-2481.60107421875,-3.0994984561508536,,,2374.6037859916687,1677151.2489657402
2019-01-31,7440417.378961086,7458192.789666653,-28141.476104736328,45916.886810302734,ABFRL.NS,Held,410,199.605712890625,2018-12-31,206.5056610107422,84667.3210144043,2828.978729248047,3.4567888965673297,,,2374.6037859916687,1677151.2489657402
2019-01-31,7440417.378961086,7458192.789666653,-28141.476104736328,45916.886810302734,PVRINOX.NS,Held,51,1575.5673828125,2018-12-31,1576.35302734375,80394.00439453125,40.06787109375,0.049864229218021035,,,2374.6037859916687,1677151.2489657402
2019-01-31,7440417.378961086,7458192.789666653,-28141.476104736328,45916.886810302734,COLPAL.NS,Held,60,1343.550048828125,2018-12-31,1280.0999755859375,76805.99853515625,-3807.00439453125,-4.722568638029532,,,2374.6037859916687,1677151.2489657402
2019-01-31,7440417.378961086,7458192.789666653,-28141.476104736328,45916.886810302734,NESTLEIND.NS,Held,147,554.2424926757812,2018-12-31,574.8925170898438,84509.20001220703,3035.5535888671875,3.725810396523003,,,2374.6037859916687,1677151.2489657402
2019-01-31,7440417.378961086,7458192.789666653,-28141.476104736328,45916.886810302734,AXISBANK.NS,Held,111,722.7000122070312,2019-01-31,722.7000122070312,80219.70135498047,0.0,0.0,,,2374.6037859916687,1677151.2489657402
2019-01-31,7440417.378961086,7458192.789666653,-28141.476104736328,45916.886810302734,LALPATHLAB.NS,Held,149,539.3250122070312,2019-01-31,539.3250122070312,80359.42681884766,0.0,0.0,,,2374.6037859916687,1677151.2489657402
2019-01-31,7440417.378961086,7458192.789666653,-28141.476104736328,45916.886810302734,DHAMPURSUG.NS,Held,483,166.5500030517578,2019-01-31,166.5500030517578,80443.65147399902,0.0,0.0,,,2374.6037859916687,1677151.2489657402
2019-01-31,7440417.378961086,7458192.789666653,-28141.476104736328,45916.886810302734,DABUR.NS,Held,181,443.6499938964844,2019-01-31,443.6499938964844,80300.64889526367,0.0,0.0,,,2374.6037859916687,1677151.2489657402
2019-01-31,7440417.378961086,7458192.789666653,-28141.476104736328,45916.886810302734,IOLCP.NS,Held,1987,40.540000915527344,2019-01-31,40.540000915527344,80552.98181915283,0.0,0.0,,,2374.6037859916687,1677151.2489657402
2019-01-31,7440417.378961086,7458192.789666653,-28141.476104736328,45916.886810302734,CUB.NS,Held,562,143.25,2019-01-31,143.25,80506.5,0.0,0.0,,,2374.6037859916687,1677151.2489657402
2019-01-31,7440417.378961086,7458192.789666653,-28141.476104736328,45916.886810302734,TORNTPHARM.NS,Held,88,909.4000244140625,2019-01-31,909.4000244140625,80027.2021484375,0.0,0.0,,,2374.6037859916687,1677151.2489657402
2019-01-31,7440417.378961086,7458192.789666653,-28141.476104736328,45916.886810302734,UBL.NS,Held,56,1428.800048828125,2019-01-31,1428.800048828125,80012.802734375,0.0,0.0,,,2374.6037859916687,1677151.2489657402
2019-01-31,7440417.378961086,7458192.789666653,-28141.476104736328,45916.886810302734,AARTIIND.NS,Held,203,395.0235900878906,2019-01-31,395.0235900878906,80189.7887878418,0.0,0.0,,,2374.6037859916687,1677151.2489657402
2019-02-28,,,,,HAVELLS.NS,Sold,118,691.5,2018-12-31,715.3499755859375,84411.29711914062,0.0,,2814.297119140625,3.449020330576645,,
2019-02-28,,,,,DABUR.NS,Sold,181,443.6499938964844,2019-01-31,438.04998779296875,79287.04779052734,0.0,,-1013.6011047363281,-1.2622576762217332,,
2019-02-28,,,,,APOLLOHOSP.NS,Sold,63,1264.800048828125,2018-11-30,1140.9000244140625,71876.70153808594,0.0,,-7805.7015380859375,-9.796016732356989,,
2019-02-28,,,,,TORNTPHARM.NS,Sold,88,909.4000244140625,2019-01-31,900.9749755859375,79285.7978515625,0.0,,-741.404296875,-0.9264403564925525,,
2019-02-28,,,,,HINDUNILVR.NS,Sold,44,1819.6500244140625,2018-12-31,1732.6500244140625,76236.60107421875,0.0,,-3828.0,-4.78113916592365,,
2019-02-28,,,,,AARTIIND.NS,Sold,203,395.0235900878906,2019-01-31,337.7862854003906,68570.6159362793,0.0,,-11619.1728515625,-14.489591539271112,,
2019-02-28,,,,,UBL.NS,Sold,56,1428.800048828125,2019-01-31,1343.699951171875,75247.197265625,0.0,,-4765.60546875,-5.9560536637752435,,
2019-02-28,,,,,PVRINOX.NS,Sold,51,1575.5673828125,2018-12-31,1475.458984375,75248.408203125,0.0,,-5105.5283203125,-6.353799877400316,,
2019-02-28,,,,,COLPAL.NS,Sold,60,1343.550048828125,2018-12-31,1256.449951171875,75386.9970703125,0.0,,-5226.005859375,-6.482832383670463,,
2019-02-28,,,,,NESTLEIND.NS,Sold,147,554.2424926757812,2018-12-31,531.9874877929688,78202.1607055664,0.0,,-3271.4857177734375,-4.015391309202839,,
2019-02-28,,,,,CUB.NS,Sold,562,143.25,2019-01-31,137.58749389648438,77324.17156982422,0.0,,-3182.3284301757812,-3.952883841895724,,
2019-02-28,,,,,LALPATHLAB.NS,Sold,149,539.3250122070312,2019-01-31,505.6499938964844,75341.84909057617,0.0,,-5017.577728271484,-6.24391925988035,,
2019-02-28,,,,,IOLCP.NS,Sold,1987,40.540000915527344,2019-01-31,36.5099983215332,72545.36666488647,0.0,,-8007.615154266357,-9.940805384764058,,
2019-02-28,7458192.789666653,7514417.850919247,-56769.7293510437,112994.7906036377,BATAINDIA.NS,Held,90,908.9000244140625,2018-07-31,1288.800048828125,115992.00439453125,34191.002197265625,41.797779096658225,,,3826.4781622886658,1687459.4234080315
2019-02-28,7458192.789666653,7514417.850919247,-56769.7293510437,112994.7906036377,DIVISLAB.NS,Held,73,1310.9000244140625,2018-09-30,1654.25,120760.25,25064.548217773438,26.191926858755366,,,3826.4781622886658,1687459.4234080315
2019-02-28,7458192.789666653,7514417.850919247,-56769.7293510437,112994.7906036377,WIPRO.NS,Held,657,124.20002746582031,2018-10-31,138.33753967285156,90887.76356506348,9288.345520019531,11.38285755284706,,,3826.4781622886658,1687459.4234080315
2019-02-28,7458192.789666653,7514417.850919247,-56769.7293510437,112994.7906036377,MUTHOOTFIN.NS,Held,158,516.0,2018-12-31,528.0,83424.0,1896.0,2.3255813953488373,,,3826.4781622886658,1687459.4234080315
2019-02-28,7458192.789666653,7514417.850919247,-56769.7293510437,112994.7906036377,ABFRL.NS,Held,410,199.605712890625,2018-12-31,222.07984924316406,91052.73818969727,9214.395904541016,11.259265091703003,,,3826.4781622886658,1687459.4234080315
2019-02-28,7458192.789666653,7514417.850919247,-56769.7293510437,112994.7906036377,AXISBANK.NS,Held,111,722.7000122070312,2019-01-31,709.5499877929688,78760.04864501953,-1459.6527099609375,-1.819568865635417,,,3826.4781622886658,1687459.4234080315
2019-02-28,7458192.789666653,7514417.850919247,-56769.7293510437,112994.7906036377,DHAMPURSUG.NS,Held,483,166.5500030517578,2019-01-31,238.60000610351562,115243.80294799805,34800.15147399902,43.260283237201286,,,3826.4781622886658,1687459.4234080315
2019-02-28,7458192.789666653,7514417.850919247,-56769.7293510437,112994.7906036377,PFC.NS,Held,849,89.72000122070312,2019-02-28,89.72000122070312,76172.28103637695,0.0,0.0,,,3826.4781622886658,1687459.4234080315
2019-02-28,7458192.789666653,7514417.850919247,-56769.7293510437,112994.7906036377,BALRAMCHIN.NS,Held,582,131.0,2019-02-28,131.0,76242.0,0.0,0.0,,,3826.4781622886658,1687459.4234080315
2019-02-28,7458192.789666653,7514417.850919247,-56769.7293510437,112994.7906036377,INFY.NS,Held,103,734.2999877929688,2019-02-28,734.2999877929688,75632.89874267578,0.0,0.0,,,3826.4781622886658,1687459.4234080315
2019-02-28,7458192.789666653,7514417.850919247,-56769.7293510437,112994.7906036377,PIIND.NS,Held,82,922.2999877929688,2019-02-28,922.2999877929688,75628.59899902344,0.0,0.0,,,3826.4781622886658,1687459.4234080315
2019-02-28,7458192.789666653,7514417.850919247,-56769.7293510437,112994.7906036377,SRF.NS,Held,166,459.0299987792969,2019-02-28,459.0299987792969,76198.97979736328,0.0,0.0,,,3826.4781622886658,1687459.4234080315
2019-02-28,7458192.789666653,7514417.850919247,-56769.7293510437,112994.7906036377,ICICIGI.NS,Held,81,931.1500244140625,2019-02-28,931.1500244140625,75423.15197753906,0.0,0.0,,,3826.4781622886658,1687459.4234080315
2019-02-28,7458192.789666653,7514417.850919247,-56769.7293510437,112994.7906036377,TITAN.NS,Held,74,1025.199951171875,2019-02-28,1025.199951171875,75864.79638671875,0.0,0.0,,,3826.4781622886658,1687459.4234080315
2019-02-28,7458192.789666653,7514417.850919247,-56769.7293510437,112994.7906036377,UPL.NS,Held,130,585.066650390625,2019-02-28,585.066650390625,76058.66455078125,0.0,0.0,,,3826.4781622886658,1687459.4234080315
2019-02-28,7458192.789666653,7514417.850919247,-56769.7293510437,112994.7906036377,RECLTD.NS,Held,745,102.26249694824219,2019-02-28,102.26249694824219,76185.56022644043,0.0,0.0,,,3826.4781622886658,1687459.4234080315
2019-02-28,7458192.789666653,7514417.850919247,-56769.7293510437,112994.7906036377,COFORGE.NS,Held,288,264.1400146484375,2019-02-28,264.1400146484375,76072.32421875,0.0,0.0,,,3826.4781622886658,1687459.4234080315
2019-02-28,7458192.789666653,7514417.850919247,-56769.7293510437,112994.7906036377,ADANIPOWER.NS,Held,7918,9.630000114440918,2019-02-28,9.630000114440918,76250.34090614319,0.0,0.0,,,3826.4781622886658,1687459.4234080315
2019-02-28,7458192.789666653,7514417.850919247,-56769.7293510437,112994.7906036377,NAUKRI.NS,Held,213,357.92999267578125,2019-02-28,357.92999267578125,76239.0884399414,0.0,0.0,,,3826.4781622886658,1687459.4234080315
2019-02-28,7458192.789666653,7514417.850919247,-56769.7293510437,112994.7906036377,TECHM.NS,Held,91,830.1500244140625,2019-02-28,830.1500244140625,75543.65222167969,0.0,0.0,,,3826.4781622886658,1687459.4234080315
2019-03-31,,,,,WIPRO.NS,Sold,657,124.20002746582031,2018-10-31,127.375,83685.375,0.0,,2085.9569549560547,2.556338029034201,,
2019-03-31,,,,,PFC.NS,Sold,849,89.72000122070312,2019-02-28,94.0,79806.0,0.0,,3633.718963623047,4.770395364539133,,
2019-03-31,,,,,INFY.NS,Sold,103,734.2999877929688,2019-02-28,737.7999877929688,75993.39874267578,0.0,,360.5,0.4766444311840031,,
2019-03-31,,,,,ABFRL.NS,Sold,410,199.605712890625,2018-12-31,218.4820098876953,89577.62405395508,0.0,,7739.281768798828,9.45679195435337,,
2019-03-31,,,,,ICICIGI.NS,Sold,81,931.1500244140625,2019-02-28,1005.2999877929688,81429.29901123047,0.0,,6006.147033691406,7.963267082075847,,
2019-03-31,,,,,RECLTD.NS,Sold,745,102.26249694824219,2019-02-28,111.9375,83393.4375,0.0,,7207.87727355957,9.460949361186236,,
2019-03-31,,,,,COFORGE.NS,Sold,288,264.1400146484375,2019-02-28,266.7900085449219,76835.5224609375,0.0,,763.1982421875,1.0032534828210098,,
2019-03-31,,,,,NAUKRI.NS,Sold,213,357.92999267578125,2019-02-28,374.0299987792969,79668.38973999023,0.0,,3429.301300048828,4.498088015244721,,
2019-03-31,,,,,TECHM.NS,Sold,91,830.1500244140625,2019-02-28,771.7000122070312,70224.70111083984,0.0,,-5318.951110839844,-7.0408974869676735,,
2019-03-31,,,,,DIVISLAB.NS,Sold,73,1310.9000244140625,2018-09-30,1654.550048828125,120782.15356445312,0.0,,25086.451782226562,26.214815623919524,,
2019-03-31,,,,,ADANIPOWER.NS,Sold,7918,9.630000114440918,2019-02-28,9.380000114440918,74270.84090614319,0.0,,-1979.5,-2.596053967072191,,
2019-03-31,7514417.850919247,7688923.58071661,49013.98220825195,125491.74758911133,BATAINDIA.NS,Held,90,908.9000244140625,2018-07-31,1413.4000244140625,127206.00219726562,45405.0,55.50665490687321,,,3100.9746317863464,1748970.362601757
2019-03-31,7514417.850919247,7688923.58071661,49013.98220825195,125491.74758911133,MUTHOOTFIN.NS,Held,158,516.0,2018-12-31,609.9500122070312,96372.10192871094,14844.101928710938,18.207366706789003,,,3100.9746317863464,1748970.362601757
2019-03-31,7514417.850919247,7688923.58071661,49013.98220825195,125491.74758911133,AXISBANK.NS,Held,111,722.7000122070312,2019-01-31,780.7000122070312,86657.70135498047,6438.0,8.025459944697607,,,3100.9746317863464,1748970.362601757
2019-03-31,7514417.850919247,7688923.58071661,49013.98220825195,125491.74758911133,DHAMPURSUG.NS,Held,483,166.5500030517578,2019-01-31,229.0500030517578,110631.15147399902,30187.5,37.5262677002637,,,3100.9746317863464,1748970.362601757
2019-03-31,7514417.850919247,7688923.58071661,49013.98220825195,125491.74758911133,BALRAMCHIN.NS,Held,582,131.0,2019-02-28,135.1999969482422,78686.39822387695,2444.398223876953,3.2061045406428916,,,3100.9746317863464,1748970.362601757
2019-03-31,7514417.850919247,7688923.58071661,49013.98220825195,125491.74758911133,PIIND.NS,Held,82,922.2999877929688,2019-02-28,1025.550048828125,84095.10400390625,8466.505004882812,11.194845755363175,,,3100.9746317863464,1748970.362601757
2019-03-31,7514417.850919247,7688923.58071661,49013.98220825195,125491.74758911133,SRF.NS,Held,166,459.0299987792969,2019-02-28,490.2200012207031,81376.52020263672,5177.5404052734375,6.794763419460632,,,3100.9746317863464,1748970.362601757
2019-03-31,7514417.850919247,7688923.58071661,49013.98220825195,125491.74758911133,TITAN.NS,Held,74,1025.199951171875,2019-02-28,1134.25,83934.5,8069.70361328125,10.636954157427846,,,3100.9746317863464,1748970.362601757
2019-03-31,7514417.850919247,7688923.58071661,49013.98220825195,125491.74758911133,UPL.NS,Held,130,585.066650390625,2019-02-28,619.3666381835938,80517.66296386719,4458.9984130859375,5.862577839647509,,,3100.9746317863464,1748970.362601757
2019-03-31,7514417.850919247,7688923.58071661,49013.98220825195,125491.74758911133,RELIANCE.NS,Held,134,621.7462158203125,2019-03-31,621.7462158203125,83313.99291992188,0.0,0.0,,,3100.9746317863464,1748970.362601757
2019-03-31,7514417.850919247,7688923.58071661,49013.98220825195,125491.74758911133,BAJFINANCE.NS,Held,279,299.5849914550781,2019-03-31,299.5849914550781,83584.2126159668,0.0,0.0,,,3100.9746317863464,1748970.362601757
2019-03-31,7514417.850919247,7688923.58071661,49013.98220825195,125491.74758911133,ICICIBANK.NS,Held,208,400.54998779296875,2019-03-31,400.54998779296875,83314.3974609375,0.0,0.0,,,3100.9746317863464,1748970.362601757
2019-03-31,7514417.850919247,7688923.58071661,49013.98220825195,125491.74758911133,BAJAJHLDNG.NS,Held,23,3593.64990234375,2019-03-31,3593.64990234375,82653.94775390625,0.0,0.0,,,3100.9746317863464,1748970.362601757
2019-03-31,7514417.850919247,7688923.58071661,49013.98220825195,125491.74758911133,TORNTPHARM.NS,Held,86,966.7249755859375,2019-03-31,966.7249755859375,83138.34790039062,0.0,0.0,,,3100.9746317863464,1748970.362601757
2019-03-31,7514417.850919247,7688923.58071661,49013.98220825195,125491.74758911133,DCBBANK.NS,Held,407,204.9499969482422,2019-03-31,204.9499969482422,83414.64875793457,0.0,0.0,,,3100.9746317863464,1748970.362601757
2019-03-31,7514417.850919247,7688923.58071661,49013.98220825195,125491.74758911133,CGCL.NS,Held,506,164.87380981445312,2019-03-31,164.87380981445312,83426.14776611328,0.0,0.0,,,3100.9746317863464,1748970.362601757
2019-03-31,7514417.850919247,7688923.58071661,49013.98220825195,125491.74758911133,KAJARIACER.NS,Held,144,576.7000122070312,2019-03-31,576.7000122070312,83044.8017578125,0.0,0.0,,,3100.9746317863464,1748970.362601757
2019-03-31,7514417.850919247,7688923.58071661,49013.98220825195,125491.74758911133,IPCALAB.NS,Held,174,479.7749938964844,2019-03-31,479.7749938964844,83480.84893798828,0.0,0.0,,,3100.9746317863464,1748970.362601757
2019-03-31,7514417.850919247,7688923.58071661,49013.98220825195,125491.74758911133,MANAPPURAM.NS,Held,662,126.19999694824219,2019-03-31,126.19999694824219,83544.39797973633,0.0,0.0,,,3100.9746317863464,1748970.362601757
2019-03-31,7514417.850919247,7688923.58071661,49013.98220825195,125491.74758911133,HDFCBANK.NS,Held,145,575.7000122070312,2019-03-31,575.7000122070312,83476.50177001953,0.0,0.0,,,3100.9746317863464,1748970.362601757
2019-04-30,,,,,MUTHOOTFIN.NS,Sold,158,516.0,2018-12-31,597.0,94326.0,0.0,,12798.0,15.69767441860465,,
2019-04-30,,,,,ICICIBANK.NS,Sold,208,400.54998779296875,2019-03-31,407.5,84760.0,0.0,,1445.6025390625,1.7351173183965956,,
2019-04-30,,,,,BAJAJHLDNG.NS,Sold,23,3593.64990234375,2019-03-31,3086.0,70978.0,0.0,,-11675.94775390625,-14.126303789711534,,
2019-04-30,,,,,TORNTPHARM.NS,Sold,86,966.7249755859375,2019-03-31,895.9500122070312,77051.70104980469,0.0,,-6086.6468505859375,-7.321106329751038,,
2019-04-30,,,,,DCBBANK.NS,Sold,407,204.9499969482422,2019-03-31,212.35000610351562,86426.45248413086,0.0,,3011.803726196289,3.6106412615083996,,
2019-04-30,,,,,MANAPPURAM.NS,Sold,662,126.19999694824219,2019-03-31,117.94999694824219,78082.89797973633,0.0,,-5461.5,-6.537242630349296,,
2019-04-30,,,,,HDFCBANK.NS,Sold,145,575.7000122070312,2019-03-31,579.3624877929688,84007.56072998047,0.0,,531.0589599609375,0.6361777850059196,,
2019-04-30,7688923.58071661,7815624.617917538,-5437.629379272461,132138.6665802002,BATAINDIA.NS,Held,90,908.9000244140625,2018-07-31,1454.0,130860.0,49058.997802734375,59.973590157767376,,,7809.132834911346,1750179.6522135735
2019-04-30,7688923.58071661,7815624.617917538,-5437.629379272461,132138.6665802002,AXISBANK.NS,Held,111,722.7000122070312,2019-01-31,766.8499755859375,85120.34729003906,4900.645935058594,6.109030390642729,,,7809.132834911346,1750179.6522135735
2019-04-30,7688923.58071661,7815624.617917538,-5437.629379272461,132138.6665802002,DHAMPURSUG.NS,Held,483,166.5500030517578,2019-01-31,222.64999389648438,107539.94705200195,27096.29557800293,33.68357239074483,,,7809.132834911346,1750179.6522135735
2019-04-30,7688923.58071661,7815624.617917538,-5437.629379272461,132138.6665802002,BALRAMCHIN.NS,Held,582,131.0,2019-02-28,150.60000610351562,87649.2035522461,11407.203552246094,14.961836720240933,,,7809.132834911346,1750179.6522135735
2019-04-30,7688923.58071661,7815624.617917538,-5437.629379272461,132138.6665802002,PIIND.NS,Held,82,922.2999877929688,2019-02-28,1044.1500244140625,85620.30200195312,9991.703002929688,13.211540521937614,,,7809.132834911346,1750179.6522135735
2019-04-30,7688923.58071661,7815624.617917538,-5437.629379272461,132138.6665802002,SRF.NS,Held,166,459.0299987792969,2019-02-28,513.530029296875,85245.98486328125,9047.005065917969,11.872869020001003,,,7809.132834911346,1750179.6522135735
2019-04-30,7688923.58071661,7815624.617917538,-5437.629379272461,132138.6665802002,TITAN.NS,Held,74,1025.199951171875,2019-02-28,1158.550048828125,85732.70361328125,9867.9072265625,13.007228248871993,,,7809.132834911346,1750179.6522135735
2019-04-30,7688923.58071661,7815624.617917538,-5437.629379272461,132138.6665802002,UPL.NS,Held,130,585.066650390625,2019-02-28,646.0999755859375,83992.99682617188,7934.332275390625,10.431858516386647,,,7809.132834911346,1750179.6522135735
2019-04-30,7688923.58071661,7815624.617917538,-5437.629379272461,132138.6665802002,RELIANCE.NS,Held,134,621.7462158203125,2019-03-31,636.7412719726562,85323.33044433594,2009.3375244140625,2.411764763627832,,,7809.132834911346,1750179.6522135735
2019-04-30,7688923.58071661,7815624.617917538,-5437.629379272461,132138.6665802002,BAJFINANCE.NS,Held,279,299.5849914550781,2019-03-31,309.5950012207031,86377.00534057617,2792.792724609375,3.3412921378359406,,,7809.132834911346,1750179.6522135735
2019-04-30,7688923.58071661,7815624.617917538,-5437.629379272461,132138.6665802002,CGCL.NS,Held,506,164.87380981445312,2019-03-31,156.9753875732422,79429.54611206055,-3996.6016540527344,-4.790586358197048,,,7809.132834911346,1750179.6522135735
2019-04-30,7688923.58071661,7815624.617917538,-5437.629379272461,132138.6665802002,KAJARIACER.NS,Held,144,576.7000122070312,2019-03-31,595.0499877929688,85687.1982421875,2642.396484375,3.1818926994144037,,,7809.132834911346,1750179.6522135735
2019-04-30,7688923.58071661,7815624.617917538,-5437.629379272461,132138.6665802002,IPCALAB.NS,Held,174,479.7749938964844,2019-03-31,476.25,82867.5,-613.3489379882812,-0.7347181369033425,,,7809.132834911346,1750179.6522135735
2019-04-30,7688923.58071661,7815624.617917538,-5437.629379272461,132138.6665802002,HAVELLS.NS,Held,106,774.6500244140625,2019-04-30,774.6500244140625,82112.90258789062,0.0,0.0,,,7809.132834911346,1750179.6522135735
2019-04-30,7688923.58071661,7815624.617917538,-5437.629379272461,132138.6665802002,BAJAJFINSV.NS,Held,109,752.0449829101562,2019-04-30,752.0449829101562,81972.90313720703,0.0,0.0,,,7809.132834911346,1750179.6522135735
2019-04-30,7688923.58071661,7815624.617917538,-5437.629379272461,132138.6665802002,TCS.NS,Held,36,2260.35009765625,2019-04-30,2260.35009765625,81372.603515625,0.0,0.0,,,7809.132834911346,1750179.6522135735
2019-04-30,7688923.58071661,7815624.617917538,-5437.629379272461,132138.6665802002,ICICIGI.NS,Held,75,1093.3499755859375,2019-04-30,1093.3499755859375,82001.24816894531,0.0,0.0,,,7809.132834911346,1750179.6522135735
2019-04-30,7688923.58071661,7815624.617917538,-5437.629379272461,132138.6665802002,SHREECEM.NS,Held,4,19789.5,2019-04-30,19789.5,79158.0,0.0,0.0,,,7809.132834911346,1750179.6522135735
2019-04-30,7688923.58071661,7815624.617917538,-5437.629379272461,132138.6665802002,JKCEMENT.NS,Held,91,903.3499755859375,2019-04-30,903.3499755859375,82204.84777832031,0.0,0.0,,,7809.132834911346,1750179.6522135735
2019-04-30,7688923.58071661,7815624.617917538,-5437.629379272461,132138.6665802002,DIVISLAB.NS,Held,47,1746.8499755859375,2019-04-30,1746.8499755859375,82101.94885253906,0.0,0.0,,,7809.132834911346,1750179.6522135735
2019-05-31,,,,,RELIANCE.NS,Sold,134,621.7462158203125,2019-03-31,608.099853515625,81485.38037109375,0.0,,-1828.612548828125,-2.194844448981956,,
2019-05-31,,,,,DHAMPURSUG.NS,Sold,483,166.5500030517578,2019-01-31,224.10000610351562,108240.30294799805,0.0,,27796.651473999023,34.554189130740106,,
2019-05-31,,,,,HAVELLS.NS,Sold,106,774.6500244140625,2019-04-30,747.9500122070312,79282.70129394531,0.0,,-2830.2012939453125,-3.446719339772418,,
2019-05-31,,,,,BALRAMCHIN.NS,Sold,582,131.0,2019-02-28,154.0,89628.0,0.0,,13386.0,17.557251908396946,,
2019-05-31,,,,,BATAINDIA.NS,Sold,90,908.9000244140625,2018-07-31,1324.9000244140625,119241.00219726562,0.0,,37440.0,45.76961038901735,,
2019-05-31,,,,,TCS.NS,Sold,36,2260.35009765625,2019-04-30,2196.550048828125,79075.8017578125,0.0,,-2296.8017578125,-2.8225737638730863,,
2019-05-31,,,,,KAJARIACER.NS,Sold,144,576.7000122070312,2019-03-31,636.0999755859375,91598.396484375,0.0,,8553.5947265625,10.299976091830231,,
2019-05-31,,,,,IPCALAB.NS,Sold,174,479.7749938964844,2019-03-31,469.07501220703125,81619.05212402344,0.0,,-1861.7968139648438,-2.230208290464121,,
2019-05-31,,,,,DIVISLAB.NS,Sold,47,1746.8499755859375,2019-04-30,1592.300048828125,74838.10229492188,0.0,,-7263.8465576171875,-8.847349739119558,,
2019-05-31,,,,,JKCEMENT.NS,Sold,91,903.3499755859375,2019-04-30,1043.0,94913.0,0.0,,12708.152221679688,15.459127490813476,,
2019-05-31,7815624.617917538,8015033.860944271,83803.13945007324,115606.10357666016,AXISBANK.NS,Held,111,722.7000122070312,2019-01-31,808.2999877929688,89721.29864501953,9501.597290039062,11.84446854020749,,,3603.2755122184753,1817450.2286601067
2019-05-31,7815624.617917538,8015033.860944271,83803.13945007324,115606.10357666016,PIIND.NS,Held,82,922.2999877929688,2019-02-28,1137.4000244140625,93266.80200195312,17638.203002929688,23.322133738266714,,,3603.2755122184753,1817450.2286601067
2019-05-31,7815624.617917538,8015033.860944271,83803.13945007324,115606.10357666016,SRF.NS,Held,166,459.0299987792969,2019-02-28,569.3699951171875,94515.41918945312,18316.439392089844,24.037643864522774,,,3603.2755122184753,1817450.2286601067
2019-05-31,7815624.617917538,8015033.860944271,83803.13945007324,115606.10357666016,TITAN.NS,Held,74,1025.199951171875,2019-02-28,1235.75,91445.5,15580.70361328125,20.537461847072038,,,3603.2755122184753,1817450.2286601067
2019-05-31,7815624.617917538,8015033.860944271,83803.13945007324,115606.10357666016,UPL.NS,Held,130,585.066650390625,2019-02-28,665.9666748046875,86575.66772460938,10517.003173828125,13.82748860493909,,,3603.2755122184753,1817450.2286601067
2019-05-31,7815624.617917538,8015033.860944271,83803.13945007324,115606.10357666016,BAJFINANCE.NS,Held,279,299.5849914550781,2019-03-31,346.7099914550781,96732.0876159668,13147.875,15.73009374438781,,,3603.2755122184753,1817450.2286601067
2019-05-31,7815624.617917538,8015033.860944271,83803.13945007324,115606.10357666016,CGCL.NS,Held,506,164.87380981445312,2019-03-31,184.78543090820312,93501.42803955078,10075.2802734375,12.076885416888397,,,3603.2755122184753,1817450.2286601067
2019-05-31,7815624.617917538,8015033.860944271,83803.13945007324,115606.10357666016,BAJAJFINSV.NS,Held,109,752.0449829101562,2019-04-30,818.7949829101562,89248.65313720703,7275.75,8.875798857363609,,,3603.2755122184753,1817450.2286601067
2019-05-31,7815624.617917538,8015033.860944271,83803.13945007324,115606.10357666016,ICICIGI.NS,Held,75,1093.3499755859375,2019-04-30,1176.5,88237.5,6236.2518310546875,7.605069398707541,,,3603.2755122184753,1817450.2286601067
2019-05-31,7815624.617917538,8015033.860944271,83803.13945007324,115606.10357666016,SHREECEM.NS,Held,4,19789.5,2019-04-30,21618.75,86475.0,7317.0,9.243538239975745,,,3603.2755122184753,1817450.2286601067
2019-05-31,7815624.617917538,8015033.860944271,83803.13945007324,115606.10357666016,SUNTECK.NS,Held,182,497.04998779296875,2019-05-31,497.04998779296875,90463.09777832031,0.0,0.0,,,3603.2755122184753,1817450.2286601067
2019-05-31,7815624.617917538,8015033.860944271,83803.13945007324,115606.10357666016,KOTAKBANK.NS,Held,298,304.42999267578125,2019-05-31,304.42999267578125,90720.13781738281,0.0,0.0,,,3603.2755122184753,1817450.2286601067
2019-05-31,7815624.617917538,8015033.860944271,83803.13945007324,115606.10357666016,KEI.NS,Held,172,525.7000122070312,2019-05-31,525.7000122070312,90420.40209960938,0.0,0.0,,,3603.2755122184753,1817450.2286601067
2019-05-31,7815624.617917538,8015033.860944271,83803.13945007324,115606.10357666016,SBIN.NS,Held,257,352.5,2019-05-31,352.5,90592.5,0.0,0.0,,,3603.2755122184753,1817450.2286601067
2019-05-31,7815624.617917538,8015033.860944271,83803.13945007324,115606.10357666016,FEDERALBNK.NS,Held,845,107.3499984741211,2019-05-31,107.3499984741211,90710.74871063232,0.0,0.0,,,3603.2755122184753,1817450.2286601067
2019-05-31,7815624.617917538,8015033.860944271,83803.13945007324,115606.10357666016,BLUESTARCO.NS,Held,225,403.2749938964844,2019-05-31,403.2749938964844,90736.87362670898,0.0,0.0,,,3603.2755122184753,1817450.2286601067
2019-05-31,7815624.617917538,8015033.860944271,83803.13945007324,115606.10357666016,DCBBANK.NS,Held,389,233.14999389648438,2019-05-31,233.14999389648438,90695.34762573242,0.0,0.0,,,3603.2755122184753,1817450.2286601067
2019-05-31,7815624.617917538,8015033.860944271,83803.13945007324,115606.10357666016,AAVAS.NS,Held,63,1419.699951171875,2019-05-31,1419.699951171875,89441.09692382812,0.0,0.0,,,3603.2755122184753,1817450.2286601067
2019-05-31,7815624.617917538,8015033.860944271,83803.13945007324,115606.10357666016,PGHL.NS,Held,22,4091.050048828125,2019-05-31,4091.050048828125,90003.10107421875,0.0,0.0,,,3603.2755122184753,1817450.2286601067
2019-05-31,7815624.617917538,8015033.860944271,83803.13945007324,115606.10357666016,HDFCBANK.NS,Held,149,606.3375244140625,2019-05-31,606.3375244140625,90344.29113769531,0.0,0.0,,,3603.2755122184753,1817450.2286601067
2019-06-30,,,,,KOTAKBANK.NS,Sold,298,304.42999267578125,2019-05-31,295.4200134277344,88035.16400146484,0.0,,-2684.9738159179688,-2.9596227260178423,,
2019-06-30,,,,,FEDERALBNK.NS,Sold,845,107.3499984741211,2019-05-31,108.4000015258789,91598.00128936768,0.0,,887.2525787353516,0.9781118460015044,,
2019-06-30,,,,,UPL.NS,Sold,130,585.066650390625,2019-02-28,624.9666748046875,81245.66772460938,0.0,,5187.003173828125,6.819740005249468,,
2019-06-30,,,,,HDFCBANK.NS,Sold,149,606.3375244140625,2019-05-31,610.9375,91029.6875,0.0,,685.3963623046875,0.7586493332047544,,
2019-06-30,,,,,SUNTECK.NS,Sold,182,497.04998779296875,2019-05-31,435.25,79215.5,0.0,,-11247.597778320312,-12.433354654604614,,
2019-06-30,,,,,KEI.NS,Sold,172,525.7000122070312,2019-05-31,480.1000061035156,82577.20104980469,0.0,,-7843.2010498046875,-8.674149713650268,,
2019-06-30,,,,,BLUESTARCO.NS,Sold,225,403.2749938964844,2019-05-31,387.8500061035156,87266.25137329102,0.0,,-3470.6222534179688,-3.8249303890456816,,
2019-06-30,,,,,CGCL.NS,Sold,506,164.87380981445312,2019-03-31,164.40084838867188,83186.82928466797,0.0,,-239.3184814453125,-0.2868626777736954,,
2019-06-30,,,,,PGHL.NS,Sold,22,4091.050048828125,2019-05-31,4107.4501953125,90363.904296875,0.0,,360.80322265625,0.4008786567906398,,
2019-06-30,8015033.860944271,8122917.235867977,-18365.258041381836,126248.63296508789,AXISBANK.NS,Held,111,722.7000122070312,2019-01-31,808.5499877929688,89749.04864501953,9529.347290039062,11.879061039969118,,,3567.876655101776,1809727.5000071526
2019-06-30,8015033.860944271,8122917.235867977,-18365.258041381836,126248.63296508789,PIIND.NS,Held,82,922.2999877929688,2019-02-28,1173.1500244140625,96198.30200195312,20569.703002929688,27.198312906993422,,,3567.876655101776,1809727.5000071526
2019-06-30,8015033.860944271,8122917.235867977,-18365.258041381836,126248.63296508789,SRF.NS,Held,166,459.0299987792969,2019-02-28,608.530029296875,101015.98486328125,24817.00506591797,32.56868416337605,,,3567.876655101776,1809727.5000071526
2019-06-30,8015033.860944271,8122917.235867977,-18365.258041381836,126248.63296508789,TITAN.NS,Held,74,1025.199951171875,2019-02-28,1334.699951171875,98767.79638671875,22903.0,30.1892328073387,,,3567.876655101776,1809727.5000071526
2019-06-30,8015033.860944271,8122917.235867977,-18365.258041381836,126248.63296508789,BAJFINANCE.NS,Held,279,299.5849914550781,2019-03-31,368.1099853515625,102702.68591308594,19118.47329711914,22.873306691253088,,,3567.876655101776,1809727.5000071526
2019-06-30,8015033.860944271,8122917.235867977,-18365.258041381836,126248.63296508789,BAJAJFINSV.NS,Held,109,752.0449829101562,2019-04-30,852.4650268554688,92918.6879272461,10945.784790039062,13.352930506460048,,,3567.876655101776,1809727.5000071526
2019-06-30,8015033.860944271,8122917.235867977,-18365.258041381836,126248.63296508789,ICICIGI.NS,Held,75,1093.3499755859375,2019-04-30,1112.550048828125,83441.25366210938,1440.0054931640625,1.7560775296947333,,,3567.876655101776,1809727.5000071526
2019-06-30,8015033.860944271,8122917.235867977,-18365.258041381836,126248.63296508789,SHREECEM.NS,Held,4,19789.5,2019-04-30,21820.80078125,87283.203125,8125.203125,10.264538170494454,,,3567.876655101776,1809727.5000071526
2019-06-30,8015033.860944271,8122917.235867977,-18365.258041381836,126248.63296508789,SBIN.NS,Held,257,352.5,2019-05-31,361.25,92841.25,2248.75,2.4822695035460995,,,3567.876655101776,1809727.5000071526
2019-06-30,8015033.860944271,8122917.235867977,-18365.258041381836,126248.63296508789,DCBBANK.NS,Held,389,233.14999389648438,2019-05-31,237.10000610351562,92231.90237426758,1536.5547485351562,1.6941935708499334,,,3567.876655101776,1809727.5000071526
2019-06-30,8015033.860944271,8122917.235867977,-18365.258041381836,126248.63296508789,AAVAS.NS,Held,63,1419.699951171875,2019-05-31,1499.300048828125,94455.90307617188,5014.80615234375,5.606825413394219,,,3567.876655101776,1809727.5000071526
2019-06-30,8015033.860944271,8122917.235867977,-18365.258041381836,126248.63296508789,ICICIBANK.NS,Held,197,437.1000061035156,2019-06-30,437.1000061035156,86108.70120239258,0.0,0.0,,,3567.876655101776,1809727.5000071526
2019-06-30,8015033.860944271,8122917.235867977,-18365.258041381836,126248.63296508789,PFC.NS,Held,805,107.36000061035156,2019-06-30,107.36000061035156,86424.80049133301,0.0,0.0,,,3567.876655101776,1809727.5000071526
2019-06-30,8015033.860944271,8122917.235867977,-18365.258041381836,126248.63296508789,BATAINDIA.NS,Held,59,1446.449951171875,2019-06-30,1446.449951171875,85340.54711914062,0.0,0.0,,,3567.876655101776,1809727.5000071526
2019-06-30,8015033.860944271,8122917.235867977,-18365.258041381836,126248.63296508789,AARTIIND.NS,Held,200,432.055908203125,2019-06-30,432.055908203125,86411.181640625,0.0,0.0,,,3567.876655101776,1809727.5000071526
2019-06-30,8015033.860944271,8122917.235867977,-18365.258041381836,126248.63296508789,SIEMENS.NS,Held,112,769.7617797851562,2019-06-30,769.7617797851562,86213.3193359375,0.0,0.0,,,3567.876655101776,1809727.5000071526
2019-06-30,8015033.860944271,8122917.235867977,-18365.258041381836,126248.63296508789,MANAPPURAM.NS,Held,625,138.1999969482422,2019-06-30,138.1999969482422,86374.99809265137,0.0,0.0,,,3567.876655101776,1809727.5000071526
2019-06-30,8015033.860944271,8122917.235867977,-18365.258041381836,126248.63296508789,ABB.NS,Held,59,1454.7982177734375,2019-06-30,1454.7982177734375,85833.09484863281,0.0,0.0,,,3567.876655101776,1809727.5000071526
2019-06-30,8015033.860944271,8122917.235867977,-18365.258041381836,126248.63296508789,NAUKRI.NS,Held,192,449.42999267578125,2019-06-30,449.42999267578125,86290.55859375,0.0,0.0,,,3567.876655101776,1809727.5000071526
2019-06-30,8015033.860944271,8122917.235867977,-18365.258041381836,126248.63296508789,HDFCAMC.NS,Held,83,1030.800048828125,2019-06-30,1030.800048828125,85556.40405273438,0.0,0.0,,,3567.876655101776,1809727.5000071526
2019-07-31,,,,,BAJFINANCE.NS,Sold,279,299.5849914550781,2019-03-31,325.2049865722656,90732.19125366211,0.0,,7147.9786376953125,8.551828645604612,,
2019-07-31,,,,,PFC.NS,Sold,805,107.36000061035156,2019-06-30,87.80000305175781,70679.00245666504,0.0,,-15745.798034667969,-18.21907362834701,,
2019-07-31,,,,,BAJAJFINSV.NS,Sold,109,752.0449829101562,2019-04-30,709.7849731445312,77366.5620727539,0.0,,-4606.341064453125,-5.619346013331975,,
2019-07-31,,,,,DCBBANK.NS,Sold,389,233.14999389648438,2019-05-31,195.5,76049.5,0.0,,-14645.847625732422,-16.148400120996996,,
2019-07-31,,,,,SIEMENS.NS,Sold,112,769.7617797851562,2019-06-30,671.9676513671875,75260.376953125,0.0,,-10952.9423828125,-12.704466626709305,,
2019-07-31,,,,,TITAN.NS,Sold,74,1025.199951171875,2019-02-28,1056.3499755859375,78169.89819335938,0.0,,2305.101806640625,3.0384340516653214,,
2019-07-31,,,,,MANAPPURAM.NS,Sold,625,138.1999969482422,2019-06-30,113.55000305175781,70968.75190734863,0.0,,-15406.246185302734,-17.836464863104258,,
2019-07-31,,,,,AXISBANK.NS,Sold,111,722.7000122070312,2019-01-31,674.0999755859375,74825.09729003906,0.0,,-5394.604064941406,-6.724787020921115,,
2019-07-31,,,,,BATAINDIA.NS,Sold,59,1446.449951171875,2019-06-30,1307.550048828125,77145.45288085938,0.0,,-8195.09423828125,-9.602814271673694,,
2019-07-31,,,,,AAVAS.NS,Sold,63,1419.699951171875,2019-05-31,1491.199951171875,93945.59692382812,0.0,,4504.5,5.036275442637097,,
2019-07-31,,,,,ABB.NS,Sold,59,1454.7982177734375,2019-06-30,1237.502197265625,73012.62963867188,0.0,,-12820.465209960938,-14.936505822806351,,
2019-07-31,,,,,AARTIIND.NS,Sold,200,432.055908203125,2019-06-30,416.5,83300.0,0.0,,-3111.181640625,-3.6004387181789466,,
2019-07-31,8122917.235867977,8079958.177213192,-76920.9400024414,33961.88134765625,PIIND.NS,Held,82,922.2999877929688,2019-02-28,1099.6500244140625,90171.30200195312,14542.703002929688,19.229105385275577,,,4776.27614068985,1640519.8083872795
2019-07-31,8122917.235867977,8079958.177213192,-76920.9400024414,33961.88134765625,SRF.NS,Held,166,459.0299987792969,2019-02-28,540.3599853515625,89699.75756835938,13500.777770996094,17.717793344345093,,,4776.27614068985,1640519.8083872795
2019-07-31,8122917.235867977,8079958.177213192,-76920.9400024414,33961.88134765625,ICICIGI.NS,Held,75,1093.3499755859375,2019-04-30,1207.3499755859375,90551.24816894531,8550.0,10.426670557970812,,,4776.27614068985,1640519.8083872795
2019-07-31,8122917.235867977,8079958.177213192,-76920.9400024414,33961.88134765625,SHREECEM.NS,Held,4,19789.5,2019-04-30,20164.25,80657.0,1499.0,1.8936809924454887,,,4776.27614068985,1640519.8083872795
2019-07-31,8122917.235867977,8079958.177213192,-76920.9400024414,33961.88134765625,SBIN.NS,Held,257,352.5,2019-05-31,332.20001220703125,85375.40313720703,-5217.096862792969,-5.758861785239362,,,4776.27614068985,1640519.8083872795
2019-07-31,8122917.235867977,8079958.177213192,-76920.9400024414,33961.88134765625,ICICIBANK.NS,Held,197,437.1000061035156,2019-06-30,424.6000061035156,83646.20120239258,-2462.5,-2.859757452631951,,,4776.27614068985,1640519.8083872795
2019-07-31,8122917.235867977,8079958.177213192,-76920.9400024414,33961.88134765625,NAUKRI.NS,Held,192,449.42999267578125,2019-06-30,448.9800109863281,86204.162109375,-86.396484375,-0.10012275477523408,,,4776.27614068985,1640519.8083872795
2019-07-31,8122917.235867977,8079958.177213192,-76920.9400024414,33961.88134765625,HDFCAMC.NS,Held,83,1030.800048828125,2019-06-30,1074.5999755859375,89191.79797363281,3635.3939208984375,4.2491195850841175,,,4776.27614068985,1640519.8083872795
2019-07-31,8122917.235867977,8079958.177213192,-76920.9400024414,33961.88134765625,KOTAKBANK.NS,Held,259,303.9100036621094,2019-07-31,303.9100036621094,78712.69094848633,0.0,0.0,,,4776.27614068985,1640519.8083872795
2019-07-31,8122917.235867977,8079958.177213192,-76920.9400024414,33961.88134765625,HDFCLIFE.NS,Held,159,493.5,2019-07-31,493.5,78466.5,0.0,0.0,,,4776.27614068985,1640519.8083872795
2019-07-31,8122917.235867977,8079958.177213192,-76920.9400024414,33961.88134765625,POWERGRID.NS,Held,664,118.57502746582031,2019-07-31,118.57502746582031,78733.81823730469,0.0,0.0,,,4776.27614068985,1640519.8083872795
2019-07-31,8122917.235867977,8079958.177213192,-76920.9400024414,33961.88134765625,BALRAMCHIN.NS,Held,555,141.64999389648438,2019-07-31,141.64999389648438,78615.74661254883,0.0,0.0,,,4776.27614068985,1640519.8083872795
2019-07-31,8122917.235867977,8079958.177213192,-76920.9400024414,33961.88134765625,PGHL.NS,Held,16,4718.75,2019-07-31,4718.75,75500.0,0.0,0.0,,,4776.27614068985,1640519.8083872795
2019-07-31,8122917.235867977,8079958.177213192,-76920.9400024414,33961.88134765625,TORNTPOWER.NS,Held,257,305.29998779296875,2019-07-31,305.29998779296875,78462.09686279297,0.0,0.0,,,4776.27614068985,1640519.8083872795
2019-07-31,8122917.235867977,8079958.177213192,-76920.9400024414,33961.88134765625,SBILIFE.NS,Held,98,797.5499877929688,2019-07-31,797.5499877929688,78159.89880371094,0.0,0.0,,,4776.27614068985,1640519.8083872795
2019-07-31,8122917.235867977,8079958.177213192,-76920.9400024414,33961.88134765625,RITES.NS,Held,648,121.41999816894531,2019-07-31,121.41999816894531,78680.15881347656,0.0,0.0,,,4776.27614068985,1640519.8083872795
2019-07-31,8122917.235867977,8079958.177213192,-76920.9400024414,33961.88134765625,CANFINHOME.NS,Held,203,387.8500061035156,2019-07-31,387.8500061035156,78733.55123901367,0.0,0.0,,,4776.27614068985,1640519.8083872795
2019-07-31,8122917.235867977,8079958.177213192,-76920.9400024414,33961.88134765625,ADANIPOWER.NS,Held,6455,12.199999809265137,2019-07-31,12.199999809265137,78750.99876880646,0.0,0.0,,,4776.27614068985,1640519.8083872795
2019-07-31,8122917.235867977,8079958.177213192,-76920.9400024414,33961.88134765625,TATACONSUM.NS,Held,313,251.60000610351562,2019-07-31,251.60000610351562,78750.80191040039,0.0,0.0,,,4776.27614068985,1640519.8083872795
2019-07-31,8122917.235867977,8079958.177213192,-76920.9400024414,33961.88134765625,NAM-INDIA.NS,Held,346,227.39999389648438,2019-07-31,227.39999389648438,78680.3978881836,0.0,0.0,,,4776.27614068985,1640519.8083872795
2019-08-31,,,,,KOTAKBANK.NS,Sold,259,303.9100036621094,2019-07-31,286.2900085449219,74149.11221313477,0.0,,-4563.5787353515625,-5.797767399844334,,
2019-08-31,,,,,ICICIBANK.NS,Sold,197,437.1000061035156,2019-06-30,409.6499938964844,80701.04879760742,0.0,,-5407.652404785156,-6.280030158711651,,
2019-08-31,,,,,POWERGRID.NS,Sold,664,118.57502746582031,2019-07-31,112.78128051757812,74886.77026367188,0.0,,-3847.0479736328125,-4.886144302106324,,
2019-08-31,,,,,SRF.NS,Sold,166,459.0299987792969,2019-02-28,554.9199829101562,92116.71716308594,0.0,,15917.737365722656,20.889698796562442,,
2019-08-31,,,,,TORNTPOWER.NS,Sold,257,305.29998779296875,2019-07-31,278.0,71446.0,0.0,,-7016.096862792969,-8.94202059761677,,
2019-08-31,,,,,SHREECEM.NS,Sold,4,19789.5,2019-04-30,18573.80078125,74295.203125,0.0,,-4862.796875,-6.143152776725032,,
2019-08-31,,,,,NAUKRI.NS,Sold,192,449.42999267578125,2019-06-30,405.3500061035156,77827.201171875,0.0,,-8463.357421875,-9.807976167728736,,
2019-08-31,,,,,PGHL.NS,Sold,16,4718.75,2019-07-31,4114.5,65832.0,0.0,,-9668.0,-12.805298013245034,,
2019-08-31,,,,,SBIN.NS,Sold,257,352.5,2019-05-31,273.8500061035156,70379.45156860352,0.0,,-20213.048431396484,-22.31205500609486,,
2019-08-31,,,,,BALRAMCHIN.NS,Sold,555,141.64999389648438,2019-07-31,132.85000610351562,73731.75338745117,0.0,,-4883.993225097656,-6.212487237662463,,
2019-08-31,,,,,RITES.NS,Sold,648,121.41999816894531,2019-07-31,110.94999694824219,71895.59802246094,0.0,,-6784.560791015625,-8.622962756213383,,
2019-08-31,8079958.177213192,8110880.09307909,-59792.39535522461,90714.31122112274,PIIND.NS,Held,82,922.2999877929688,2019-02-28,1141.4000244140625,93594.80200195312,17966.203002929688,23.755832106795577,,,3717.1981987953186,1637479.8429055214
2019-08-31,8079958.177213192,8110880.09307909,-59792.39535522461,90714.31122112274,ICICIGI.NS,Held,75,1093.3499755859375,2019-04-30,1257.800048828125,94335.00366210938,12333.755493164062,15.040936288863685,,,3717.1981987953186,1637479.8429055214
2019-08-31,8079958.177213192,8110880.09307909,-59792.39535522461,90714.31122112274,HDFCAMC.NS,Held,83,1030.800048828125,2019-06-30,1276.0999755859375,105916.29797363281,20359.893920898438,23.7970426016844,,,3717.1981987953186,1637479.8429055214
2019-08-31,8079958.177213192,8110880.09307909,-59792.39535522461,90714.31122112274,HDFCLIFE.NS,Held,159,493.5,2019-07-31,557.1500244140625,88586.85388183594,10120.353881835938,12.897674653305472,,,3717.1981987953186,1637479.8429055214
2019-08-31,8079958.177213192,8110880.09307909,-59792.39535522461,90714.31122112274,SBILIFE.NS,Held,98,797.5499877929688,2019-07-31,838.7000122070312,82192.60119628906,4032.702392578125,5.159554265424225,,,3717.1981987953186,1637479.8429055214
2019-08-31,8079958.177213192,8110880.09307909,-59792.39535522461,90714.31122112274,CANFINHOME.NS,Held,203,387.8500061035156,2019-07-31,412.95001220703125,83828.85247802734,5095.301239013672,6.471575533974991,,,3717.1981987953186,1637479.8429055214
2019-08-31,8079958.177213192,8110880.09307909,-59792.39535522461,90714.31122112274,ADANIPOWER.NS,Held,6455,12.199999809265137,2019-07-31,11.680000305175781,75394.40196990967,-3356.5967988967896,-4.262291083762546,,,3717.1981987953186,1637479.8429055214
2019-08-31,8079958.177213192,8110880.09307909,-59792.39535522461,90714.31122112274,TATACONSUM.NS,Held,313,251.60000610351562,2019-07-31,278.5,87170.5,8419.69808959961,10.691571241622675,,,3717.1981987953186,1637479.8429055214
2019-08-31,8079958.177213192,8110880.09307909,-59792.39535522461,90714.31122112274,NAM-INDIA.NS,Held,346,227.39999389648438,2019-07-31,272.8999938964844,94423.3978881836,15743.0,20.008795611802977,,,3717.1981987953186,1637479.8429055214
2019-08-31,8079958.177213192,8110880.09307909,-59792.39535522461,90714.31122112274,LALPATHLAB.NS,Held,121,622.125,2019-08-31,622.125,75277.125,0.0,0.0,,,3717.1981987953186,1637479.8429055214
2019-08-31,8079958.177213192,8110880.09307909,-59792.39535522461,90714.31122112274,APOLLOHOSP.NS,Held,50,1508.1500244140625,2019-08-31,1508.1500244140625,75407.50122070312,0.0,0.0,,,3717.1981987953186,1637479.8429055214
2019-08-31,8079958.177213192,8110880.09307909,-59792.39535522461,90714.31122112274,BATAINDIA.NS,Held,49,1541.8499755859375,2019-08-31,1541.8499755859375,75550.64880371094,0.0,0.0,,,3717.1981987953186,1637479.8429055214
2019-08-31,8079958.177213192,8110880.09307909,-59792.39535522461,90714.31122112274,PIDILITIND.NS,Held,109,688.8499755859375,2019-08-31,688.8499755859375,75084.64733886719,0.0,0.0,,,3717.1981987953186,1637479.8429055214
2019-08-31,8079958.177213192,8110880.09307909,-59792.39535522461,90714.31122112274,ASIANPAINT.NS,Held,46,1616.199951171875,2019-08-31,1616.199951171875,74345.19775390625,0.0,0.0,,,3717.1981987953186,1637479.8429055214
2019-08-31,8079958.177213192,8110880.09307909,-59792.39535522461,90714.31122112274,ICICIPRULI.NS,Held,178,424.6000061035156,2019-08-31,424.6000061035156,75578.80108642578,0.0,0.0,,,3717.1981987953186,1637479.8429055214
2019-08-31,8079958.177213192,8110880.09307909,-59792.39535522461,90714.31122112274,BERGEPAINT.NS,Held,245,307.625,2019-08-31,307.625,75368.125,0.0,0.0,,,3717.1981987953186,1637479.8429055214
2019-08-31,8079958.177213192,8110880.09307909,-59792.39535522461,90714.31122112274,COFORGE.NS,Held,252,299.1099853515625,2019-08-31,299.1099853515625,75375.71630859375,0.0,0.0,,,3717.1981987953186,1637479.8429055214
2019-08-31,8079958.177213192,8110880.09307909,-59792.39535522461,90714.31122112274,MCX.NS,Held,386,195.5,2019-08-31,195.5,75463.0,0.0,0.0,,,3717.1981987953186,1637479.8429055214
2019-08-31,8079958.177213192,8110880.09307909,-59792.39535522461,90714.31122112274,TRENT.NS,Held,161,469.25,2019-08-31,469.25,75549.25,0.0,0.0,,,3717.1981987953186,1637479.8429055214
2019-08-31,8079958.177213192,8110880.09307909,-59792.39535522461,90714.31122112274,NESTLEIND.NS,Held,117,643.760009765625,2019-08-31,643.760009765625,75319.92114257812,0.0,0.0,,,3717.1981987953186,1637479.8429055214
2019-09-30,,,,,APOLLOHOSP.NS,Sold,50,1508.1500244140625,2019-08-31,1395.5,69775.0,0.0,,-5632.501220703125,-7.46941767002448,,
2019-09-30,,,,,ICICIGI.NS,Sold,75,1093.3499755859375,2019-04-30,1209.8499755859375,90738.74816894531,0.0,,8737.5,10.655325614066664,,
2019-09-30,,,,,COFORGE.NS,Sold,252,299.1099853515625,2019-08-31,278.9800109863281,70302.96276855469,0.0,,-5072.7535400390625,-6.72995732374978,,
2019-09-30,,,,,MCX.NS,Sold,386,195.5,2019-08-31,192.17999267578125,74181.47717285156,0.0,,-1281.5228271484375,-1.6982134650735294,,
2019-09-30,,,,,TATACONSUM.NS,Sold,313,251.60000610351562,2019-07-31,276.0,86388.0,0.0,,7637.198089599609,9.69793056620416,,
2019-09-30,,,,,NAM-INDIA.NS,Sold,346,227.39999389648438,2019-07-31,260.3500061035156,90081.1021118164,0.0,,11400.704223632812,14.489891421030798,,
2019-09-30,,,,,CANFINHOME.NS,Sold,203,387.8500061035156,2019-07-31,393.25,79829.75,0.0,,1096.1987609863281,1.3922892384957544,,
2019-09-30,8110880.09307909,8272948.273258686,16884.823486328125,145183.35669326782,PIIND.NS,Held,82,922.2999877929688,2019-02-28,1307.050048828125,107178.10400390625,31549.505004882812,41.716368440581846,,,3362.485888004303,1708833.7118639946
2019-09-30,8110880.09307909,8272948.273258686,16884.823486328125,145183.35669326782,HDFCAMC.NS,Held,83,1030.800048828125,2019-06-30,1400.8499755859375,116270.54797363281,30714.143920898438,35.89929270749524,,,3362.485888004303,1708833.7118639946
2019-09-30,8110880.09307909,8272948.273258686,16884.823486328125,145183.35669326782,HDFCLIFE.NS,Held,159,493.5,2019-07-31,601.1500244140625,95582.85388183594,17116.353881835938,21.813581441552685,,,3362.485888004303,1708833.7118639946
2019-09-30,8110880.09307909,8272948.273258686,16884.823486328125,145183.35669326782,SBILIFE.NS,Held,98,797.5499877929688,2019-07-31,846.4000244140625,82947.20239257812,4787.3035888671875,6.12501252194545,,,3362.485888004303,1708833.7118639946
2019-09-30,8110880.09307909,8272948.273258686,16884.823486328125,145183.35669326782,ADANIPOWER.NS,Held,6455,12.199999809265137,2019-07-31,12.859999656677246,83011.29778385162,4260.299015045166,5.409834899430742,,,3362.485888004303,1708833.7118639946
2019-09-30,8110880.09307909,8272948.273258686,16884.823486328125,145183.35669326782,LALPATHLAB.NS,Held,121,622.125,2019-08-31,696.375,84261.375,8984.25,11.934900542495479,,,3362.485888004303,1708833.7118639946
2019-09-30,8110880.09307909,8272948.273258686,16884.823486328125,145183.35669326782,BATAINDIA.NS,Held,49,1541.8499755859375,2019-08-31,1722.199951171875,84387.79760742188,8837.148803710938,11.69698598707053,,,3362.485888004303,1708833.7118639946
2019-09-30,8110880.09307909,8272948.273258686,16884.823486328125,145183.35669326782,PIDILITIND.NS,Held,109,688.8499755859375,2019-08-31,721.875,78684.375,3599.7276611328125,4.794225968574846,,,3362.485888004303,1708833.7118639946
2019-09-30,8110880.09307909,8272948.273258686,16884.823486328125,145183.35669326782,ASIANPAINT.NS,Held,46,1616.199951171875,2019-08-31,1762.1500244140625,81058.90112304688,6713.703369140625,9.030446581585524,,,3362.485888004303,1708833.7118639946
2019-09-30,8110880.09307909,8272948.273258686,16884.823486328125,145183.35669326782,ICICIPRULI.NS,Held,178,424.6000061035156,2019-08-31,463.5,82503.0,6924.198913574219,9.161562255606922,,,3362.485888004303,1708833.7118639946
2019-09-30,8110880.09307909,8272948.273258686,16884.823486328125,145183.35669326782,BERGEPAINT.NS,Held,245,307.625,2019-08-31,362.3333435058594,88771.66915893555,13403.544158935547,17.78410191169748,,,3362.485888004303,1708833.7118639946
2019-09-30,8110880.09307909,8272948.273258686,16884.823486328125,145183.35669326782,TRENT.NS,Held,161,469.25,2019-08-31,483.8999938964844,77907.89901733398,2358.6490173339844,3.1220018958943796,,,3362.485888004303,1708833.7118639946
2019-09-30,8110880.09307909,8272948.273258686,16884.823486328125,145183.35669326782,NESTLEIND.NS,Held,117,643.760009765625,2019-08-31,694.4824829101562,81254.45050048828,5934.529357910156,7.879096615988601,,,3362.485888004303,1708833.7118639946
2019-09-30,8110880.09307909,8272948.273258686,16884.823486328125,145183.35669326782,RELAXO.NS,Held,159,506.3500061035156,2019-09-30,506.3500061035156,80509.65097045898,0.0,0.0,,,3362.485888004303,1708833.7118639946
2019-09-30,8110880.09307909,8272948.273258686,16884.823486328125,145183.35669326782,KOTAKBANK.NS,Held,245,328.8900146484375,2019-09-30,328.8900146484375,80578.05358886719,0.0,0.0,,,3362.485888004303,1708833.7118639946
2019-09-30,8110880.09307909,8272948.273258686,16884.823486328125,145183.35669326782,WHIRLPOOL.NS,Held,42,1887.449951171875,2019-09-30,1887.449951171875,79272.89794921875,0.0,0.0,,,3362.485888004303,1708833.7118639946
2019-09-30,8110880.09307909,8272948.273258686,16884.823486328125,145183.35669326782,ASTRAL.NS,Held,125,645.665771484375,2019-09-30,645.665771484375,80708.22143554688,0.0,0.0,,,3362.485888004303,1708833.7118639946
2019-09-30,8110880.09307909,8272948.273258686,16884.823486328125,145183.35669326782,HINDUNILVR.NS,Held,40,1981.949951171875,2019-09-30,1981.949951171875,79277.998046875,0.0,0.0,,,3362.485888004303,1708833.7118639946
2019-09-30,8110880.09307909,8272948.273258686,16884.823486328125,145183.35669326782,RITES.NS,Held,608,132.72500610351562,2019-09-30,132.72500610351562,80696.8037109375,0.0,0.0,,,3362.485888004303,1708833.7118639946
2019-09-30,8110880.09307909,8272948.273258686,16884.823486328125,145183.35669326782,VINATIORGA.NS,Held,75,1074.7750244140625,2019-09-30,1074.7750244140625,80608.12683105469,0.0,0.0,,,3362.485888004303,1708833.7118639946
2019-10-31,,,,,KOTAKBANK.NS,Sold,245,328.8900146484375,2019-09-30,314.8999938964844,77150.49850463867,0.0,,-3427.5550842285156,-4.25370796584006,,
2019-10-31,,,,,ASTRAL.NS,Sold,125,645.665771484375,2019-09-30,628.2845458984375,78535.56823730469,0.0,,-2172.6531982421875,-2.69198497946985,,
2019-10-31,,,,,PIDILITIND.NS,Sold,109,688.8499755859375,2019-08-31,700.7999877929688,76387.1986694336,0.0,,1302.5513305664062,1.7347771837934,,
2019-10-31,,,,,ASIANPAINT.NS,Sold,46,1616.199951171875,2019-08-31,1809.5999755859375,83241.59887695312,0.0,,8896.401123046875,11.966342671513628,,
2019-10-31,,,,,RITES.NS,Sold,608,132.72500610351562,2019-09-30,141.25,85880.0,0.0,,5183.1962890625,6.423050295311731,,
2019-10-31,,,,,ADANIPOWER.NS,Sold,6455,12.199999809265137,2019-07-31,13.210000038146973,85270.55024623871,0.0,,6519.551477432251,8.278690530099878,,
2019-10-31,,,,,RELAXO.NS,Sold,159,506.3500061035156,2019-09-30,545.9500122070312,86806.05194091797,0.0,,6296.400970458984,7.820678508181947,,
2019-10-31,,,,,VINATIORGA.NS,Sold,75,1074.7750244140625,2019-09-30,1083.675048828125,81275.62866210938,0.0,,667.5018310546875,0.8280825486165858,,
2019-10-31,,,,,TRENT.NS,Sold,161,469.25,2019-08-31,541.6500244140625,87205.65393066406,0.0,,11656.403930664062,15.428881068526904,,
2019-10-31,8272948.273258686,8539166.806425571,34921.79866981506,231296.7344970703,PIIND.NS,Held,82,922.2999877929688,2019-02-28,1428.5,117137.0,41508.40100097656,54.88452986086989,,,2649.3093276023865,1829868.8883376122
2019-10-31,8272948.273258686,8539166.806425571,34921.79866981506,231296.7344970703,HDFCAMC.NS,Held,83,1030.800048828125,2019-06-30,1497.1500244140625,124263.45202636719,38707.04797363281,45.24155544192222,,,2649.3093276023865,1829868.8883376122
2019-10-31,8272948.273258686,8539166.806425571,34921.79866981506,231296.7344970703,HDFCLIFE.NS,Held,159,493.5,2019-07-31,626.2000122070312,99565.80194091797,21099.30194091797,26.88956680993541,,,2649.3093276023865,1829868.8883376122
2019-10-31,8272948.273258686,8539166.806425571,34921.79866981506,231296.7344970703,SBILIFE.NS,Held,98,797.5499877929688,2019-07-31,991.5,97167.0,19007.101196289062,24.318226465496178,,,2649.3093276023865,1829868.8883376122
2019-10-31,8272948.273258686,8539166.806425571,34921.79866981506,231296.7344970703,LALPATHLAB.NS,Held,121,622.125,2019-08-31,768.7249755859375,93015.72204589844,17738.597045898438,23.564392298322282,,,2649.3093276023865,1829868.8883376122
2019-10-31,8272948.273258686,8539166.806425571,34921.79866981506,231296.7344970703,BATAINDIA.NS,Held,49,1541.8499755859375,2019-08-31,1806.9000244140625,88538.10119628906,12987.452392578125,17.190391609105813,,,2649.3093276023865,1829868.8883376122
2019-10-31,8272948.273258686,8539166.806425571,34921.79866981506,231296.7344970703,ICICIPRULI.NS,Held,178,424.6000061035156,2019-08-31,510.45001220703125,90860.10217285156,15281.301086425781,20.219030821819107,,,2649.3093276023865,1829868.8883376122
2019-10-31,8272948.273258686,8539166.806425571,34921.79866981506,231296.7344970703,BERGEPAINT.NS,Held,245,307.625,2019-08-31,439.125,107585.625,32217.5,42.7468508736286,,,2649.3093276023865,1829868.8883376122
2019-10-31,8272948.273258686,8539166.806425571,34921.79866981506,231296.7344970703,NESTLEIND.NS,Held,117,643.760009765625,2019-08-31,747.3499755859375,87439.94714355469,12120.026000976562,16.091394968448988,,,2649.3093276023865,1829868.8883376122
2019-10-31,8272948.273258686,8539166.806425571,34921.79866981506,231296.7344970703,WHIRLPOOL.NS,Held,42,1887.449951171875,2019-09-30,2194.449951171875,92166.89794921875,12894.0,16.26533195274347,,,2649.3093276023865,1829868.8883376122
2019-10-31,8272948.273258686,8539166.806425571,34921.79866981506,231296.7344970703,HINDUNILVR.NS,Held,40,1981.949951171875,2019-09-30,2175.35009765625,87014.00390625,7736.005859375,9.758074181945037,,,2649.3093276023865,1829868.8883376122
2019-10-31,8272948.273258686,8539166.806425571,34921.79866981506,231296.7344970703,IGL.NS,Held,422,195.77499389648438,2019-10-31,195.77499389648438,82617.0474243164,0.0,0.0,,,2649.3093276023865,1829868.8883376122
2019-10-31,8272948.273258686,8539166.806425571,34921.79866981506,231296.7344970703,BPCL.NS,Held,314,263.29998779296875,2019-10-31,263.29998779296875,82676.19616699219,0.0,0.0,,,2649.3093276023865,1829868.8883376122
2019-10-31,8272948.273258686,8539166.806425571,34921.79866981506,231296.7344970703,ADANIGREEN.NS,Held,922,89.69999694824219,2019-10-31,89.69999694824219,82703.3971862793,0.0,0.0,,,2649.3093276023865,1829868.8883376122
2019-10-31,8272948.273258686,8539166.806425571,34921.79866981506,231296.7344970703,TATACONSUM.NS,Held,261,317.0,2019-10-31,317.0,82737.0,0.0,0.0,,,2649.3093276023865,1829868.8883376122
2019-10-31,8272948.273258686,8539166.806425571,34921.79866981506,231296.7344970703,SIEMENS.NS,Held,85,972.1298217773438,2019-10-31,972.1298217773438,82631.03485107422,0.0,0.0,,,2649.3093276023865,1829868.8883376122
2019-10-31,8272948.273258686,8539166.806425571,34921.79866981506,231296.7344970703,MANAPPURAM.NS,Held,488,169.35000610351562,2019-10-31,169.35000610351562,82642.80297851562,0.0,0.0,,,2649.3093276023865,1829868.8883376122
2019-10-31,8272948.273258686,8539166.806425571,34921.79866981506,231296.7344970703,DMART.NS,Held,41,1994.6500244140625,2019-10-31,1994.6500244140625,81780.65100097656,0.0,0.0,,,2649.3093276023865,1829868.8883376122
2019-10-31,8272948.273258686,8539166.806425571,34921.79866981506,231296.7344970703,COLPAL.NS,Held,53,1549.199951171875,2019-10-31,1549.199951171875,82107.59741210938,0.0,0.0,,,2649.3093276023865,1829868.8883376122
2019-10-31,8272948.273258686,8539166.806425571,34921.79866981506,231296.7344970703,NAM-INDIA.NS,Held,228,362.1499938964844,2019-10-31,362.1499938964844,82570.19860839844,0.0,0.0,,,2649.3093276023865,1829868.8883376122
2019-11-30,,,,,HDFCLIFE.NS,Sold,159,493.5,2019-07-31,571.5,90868.5,0.0,,12402.0,15.80547112462006,,
2019-11-30,,,,,BATAINDIA.NS,Sold,49,1541.8499755859375,2019-08-31,1629.050048828125,79823.45239257812,0.0,,4272.8035888671875,5.65554850490882,,
2019-11-30,,,,,HINDUNILVR.NS,Sold,40,1981.949951171875,2019-09-30,2035.300048828125,81412.001953125,0.0,,2134.00390625,2.6917984293551656,,
2019-11-30,,,,,TATACONSUM.NS,Sold,261,317.0,2019-10-31,323.1499938964844,84342.14840698242,0.0,,1605.1484069824219,1.940061166083399,,
2019-11-30,,,,,SIEMENS.NS,Sold,85,972.1298217773438,2019-10-31,863.0066528320312,73355.56549072266,0.0,,-9275.469360351562,-11.225164221976314,,
2019-11-30,,,,,MANAPPURAM.NS,Sold,488,169.35000610351562,2019-10-31,154.39999389648438,75347.19702148438,0.0,,-7295.60595703125,-8.827878162515693,,
2019-11-30,,,,,DMART.NS,Sold,41,1994.6500244140625,2019-10-31,1822.5,74722.5,0.0,,-7058.1510009765625,-8.630587938083641,,
2019-11-30,,,,,COLPAL.NS,Sold,53,1549.199951171875,2019-10-31,1474.199951171875,78132.59741210938,0.0,,-3975.0,-4.841208518194639,,
2019-11-30,8539166.806425571,8779895.574278355,-7190.270416259766,247919.03826904297,PIIND.NS,Held,82,922.2999877929688,2019-02-28,1481.8499755859375,121511.69799804688,45883.09899902344,60.66897920403882,,,3447.9270339012146,1839300.921693325
2019-11-30,8539166.806425571,8779895.574278355,-7190.270416259766,247919.03826904297,HDFCAMC.NS,Held,83,1030.800048828125,2019-06-30,1768.4749755859375,146783.4229736328,61227.01892089844,71.56333835998993,,,3447.9270339012146,1839300.921693325
2019-11-30,8539166.806425571,8779895.574278355,-7190.270416259766,247919.03826904297,SBILIFE.NS,Held,98,797.5499877929688,2019-07-31,960.0499877929688,94084.89880371094,15925.0,20.374898437360695,,,3447.9270339012146,1839300.921693325
2019-11-30,8539166.806425571,8779895.574278355,-7190.270416259766,247919.03826904297,LALPATHLAB.NS,Held,121,622.125,2019-08-31,783.9500122070312,94857.95147705078,19580.82647705078,26.01165556874121,,,3447.9270339012146,1839300.921693325
2019-11-30,8539166.806425571,8779895.574278355,-7190.270416259766,247919.03826904297,ICICIPRULI.NS,Held,178,424.6000061035156,2019-08-31,502.45001220703125,89436.10217285156,13857.301086425781,18.33490461244509,,,3447.9270339012146,1839300.921693325
2019-11-30,8539166.806425571,8779895.574278355,-7190.270416259766,247919.03826904297,BERGEPAINT.NS,Held,245,307.625,2019-08-31,413.7916564941406,101378.95584106445,26010.830841064453,34.511712797770215,,,3447.9270339012146,1839300.921693325
2019-11-30,8539166.806425571,8779895.574278355,-7190.270416259766,247919.03826904297,NESTLEIND.NS,Held,117,643.760009765625,2019-08-31,722.697509765625,84555.60864257812,9235.6875,12.261945259498013,,,3447.9270339012146,1839300.921693325
2019-11-30,8539166.806425571,8779895.574278355,-7190.270416259766,247919.03826904297,WHIRLPOOL.NS,Held,42,1887.449951171875,2019-09-30,2142.35009765625,89978.7041015625,10705.80615234375,13.50500162010194,,,3447.9270339012146,1839300.921693325
2019-11-30,8539166.806425571,8779895.574278355,-7190.270416259766,247919.03826904297,IGL.NS,Held,422,195.77499389648438,2019-10-31,206.72500610351562,87237.9525756836,4620.9051513671875,5.593161817602224,,,3447.9270339012146,1839300.921693325
2019-11-30,8539166.806425571,8779895.574278355,-7190.270416259766,247919.03826904297,BPCL.NS,Held,314,263.29998779296875,2019-10-31,255.77499389648438,80313.3480834961,-2362.8480834960938,-2.8579545177955854,,,3447.9270339012146,1839300.921693325
2019-11-30,8539166.806425571,8779895.574278355,-7190.270416259766,247919.03826904297,ADANIGREEN.NS,Held,922,89.69999694824219,2019-10-31,137.10000610351562,126406.2056274414,43702.80844116211,52.842821368905646,,,3447.9270339012146,1839300.921693325
2019-11-30,8539166.806425571,8779895.574278355,-7190.270416259766,247919.03826904297,NAM-INDIA.NS,Held,228,362.1499938964844,2019-10-31,360.1000061035156,82102.80139160156,-467.397216796875,-0.5660604245529025,,,3447.9270339012146,1839300.921693325
2019-11-30,8539166.806425571,8779895.574278355,-7190.270416259766,247919.03826904297,NAUKRI.NS,Held,152,526.75,2019-11-30,526.75,80066.0,0.0,0.0,,,3447.9270339012146,1839300.921693325
2019-11-30,8539166.806425571,8779895.574278355,-7190.270416259766,247919.03826904297,SCI.NS,Held,1323,60.5,2019-11-30,60.5,80041.5,0.0,0.0,,,3447.9270339012146,1839300.921693325
2019-11-30,8539166.806425571,8779895.574278355,-7190.270416259766,247919.03826904297,ADANIENT.NS,Held,372,214.89999389648438,2019-11-30,214.89999389648438,79942.79772949219,0.0,0.0,,,3447.9270339012146,1839300.921693325
2019-11-30,8539166.806425571,8779895.574278355,-7190.270416259766,247919.03826904297,CREDITACC.NS,Held,99,802.0,2019-11-30,802.0,79398.0,0.0,0.0,,,3447.9270339012146,1839300.921693325
2019-11-30,8539166.806425571,8779895.574278355,-7190.270416259766,247919.03826904297,PFIZER.NS,Held,19,4140.2998046875,2019-11-30,4140.2998046875,78665.6962890625,0.0,0.0,,,3447.9270339012146,1839300.921693325
2019-11-30,8539166.806425571,8779895.574278355,-7190.270416259766,247919.03826904297,AAVAS.NS,Held,45,1773.25,2019-11-30,1773.25,79796.25,0.0,0.0,,,3447.9270339012146,1839300.921693325
2019-11-30,8539166.806425571,8779895.574278355,-7190.270416259766,247919.03826904297,POLYCAB.NS,Held,86,924.25,2019-11-30,924.25,79485.5,0.0,0.0,,,3447.9270339012146,1839300.921693325
2019-11-30,8539166.806425571,8779895.574278355,-7190.270416259766,247919.03826904297,AVANTIFEED.NS,Held,156,511.6000061035156,2019-11-30,511.6000061035156,79809.60095214844,0.0,0.0,,,3447.9270339012146,1839300.921693325
2019-12-31,,,,,LALPATHLAB.NS,Sold,121,622.125,2019-08-31,746.9749755859375,90383.97204589844,0.0,,15106.847045898438,20.06831032122765,,
2019-12-31,,,,,BPCL.NS,Sold,314,263.29998779296875,2019-10-31,245.77499389648438,77173.3480834961,0.0,,-5502.848083496094,-6.655903801356867,,
2019-12-31,,,,,PIIND.NS,Sold,82,922.2999877929688,2019-02-28,1445.9000244140625,118563.80200195312,0.0,,42935.20300292969,56.77112041105521,,
2019-12-31,,,,,ADANIENT.NS,Sold,372,214.89999389648438,2019-11-30,208.35000610351562,77506.20227050781,0.0,,-2436.595458984375,-3.047923675662749,,
2019-12-31,,,,,ICICIPRULI.NS,Sold,178,424.6000061035156,2019-08-31,482.45001220703125,85876.10217285156,0.0,,10297.301086425781,13.624589089010056,,
2019-12-31,,,,,NAUKRI.NS,Sold,152,526.75,2019-11-30,506.010009765625,76913.521484375,0.0,,-3152.478515625,-3.9373498309207404,,
2019-12-31,,,,,NESTLEIND.NS,Sold,117,643.760009765625,2019-08-31,739.2675170898438,86494.29949951172,0.0,,11174.378356933594,14.835886957158205,,
2019-12-31,,,,,CREDITACC.NS,Sold,99,802.0,2019-11-30,767.9500122070312,76027.0512084961,0.0,,-3370.9487915039062,-4.245634388150717,,
2019-12-31,8779895.574278355,9065384.23574686,65050.858642578125,220437.80282592773,HDFCAMC.NS,Held,83,1030.800048828125,2019-06-30,1599.8499755859375,132787.5479736328,47231.14392089844,55.204685661854825,,,2191.9521193504333,1876870.544892788
2019-12-31,8779895.574278355,9065384.23574686,65050.858642578125,220437.80282592773,SBILIFE.NS,Held,98,797.5499877929688,2019-07-31,961.5999755859375,94236.79760742188,16076.898803710938,20.56924209188923,,,2191.9521193504333,1876870.544892788
2019-12-31,8779895.574278355,9065384.23574686,65050.858642578125,220437.80282592773,BERGEPAINT.NS,Held,245,307.625,2019-08-31,429.625,105258.125,29890.0,39.65867533522958,,,2191.9521193504333,1876870.544892788
2019-12-31,8779895.574278355,9065384.23574686,65050.858642578125,220437.80282592773,WHIRLPOOL.NS,Held,42,1887.449951171875,2019-09-30,2373.5,99687.0,20414.10205078125,25.751678794256105,,,2191.9521193504333,1876870.544892788
2019-12-31,8779895.574278355,9065384.23574686,65050.858642578125,220437.80282592773,IGL.NS,Held,422,195.77499389648438,2019-10-31,214.0749969482422,90339.6487121582,7722.601287841797,9.347467052627723,,,2191.9521193504333,1876870.544892788
2019-12-31,8779895.574278355,9065384.23574686,65050.858642578125,220437.80282592773,ADANIGREEN.NS,Held,922,89.69999694824219,2019-10-31,166.4499969482422,153466.8971862793,70763.5,85.56299064790997,,,2191.9521193504333,1876870.544892788
2019-12-31,8779895.574278355,9065384.23574686,65050.858642578125,220437.80282592773,NAM-INDIA.NS,Held,228,362.1499938964844,2019-10-31,354.5,80826.0,-1744.1986083984375,-2.112382721362415,,,2191.9521193504333,1876870.544892788
2019-12-31,8779895.574278355,9065384.23574686,65050.858642578125,220437.80282592773,SCI.NS,Held,1323,60.5,2019-11-30,62.0,82026.0,1984.5,2.479338842975207,,,2191.9521193504333,1876870.544892788
2019-12-31,8779895.574278355,9065384.23574686,65050.858642578125,220437.80282592773,PFIZER.NS,Held,19,4140.2998046875,2019-11-30,4224.7001953125,80269.3037109375,1603.607421875,2.0385091564974327,,,2191.9521193504333,1876870.544892788
2019-12-31,8779895.574278355,9065384.23574686,65050.858642578125,220437.80282592773,AAVAS.NS,Held,45,1773.25,2019-11-30,1981.0999755859375,89149.49890136719,9353.248901367188,11.721414103253206,,,2191.9521193504333,1876870.544892788
2019-12-31,8779895.574278355,9065384.23574686,65050.858642578125,220437.80282592773,POLYCAB.NS,Held,86,924.25,2019-11-30,992.25,85333.5,5848.0,7.3573167433053825,,,2191.9521193504333,1876870.544892788
2019-12-31,8779895.574278355,9065384.23574686,65050.858642578125,220437.80282592773,AVANTIFEED.NS,Held,156,511.6000061035156,2019-11-30,584.0,91104.0,11294.399047851562,14.151679638923847,,,2191.9521193504333,1876870.544892788
2019-12-31,8779895.574278355,9065384.23574686,65050.858642578125,220437.80282592773,DIXON.NS,Held,113,759.8599853515625,2019-12-31,759.8599853515625,85864.17834472656,0.0,0.0,,,2191.9521193504333,1876870.544892788
2019-12-31,8779895.574278355,9065384.23574686,65050.858642578125,220437.80282592773,ICICIBANK.NS,Held,160,538.9000244140625,2019-12-31,538.9000244140625,86224.00390625,0.0,0.0,,,2191.9521193504333,1876870.544892788
2019-12-31,8779895.574278355,9065384.23574686,65050.858642578125,220437.80282592773,HDFCLIFE.NS,Held,138,626.0499877929688,2019-12-31,626.0499877929688,86394.89831542969,0.0,0.0,,,2191.9521193504333,1876870.544892788
2019-12-31,8779895.574278355,9065384.23574686,65050.858642578125,220437.80282592773,ADANIENSOL.NS,Held,261,331.3999938964844,2019-12-31,331.3999938964844,86495.39840698242,0.0,0.0,,,2191.9521193504333,1876870.544892788
2019-12-31,8779895.574278355,9065384.23574686,65050.858642578125,220437.80282592773,COROMANDEL.NS,Held,162,532.0999755859375,2019-12-31,532.0999755859375,86200.19604492188,0.0,0.0,,,2191.9521193504333,1876870.544892788
2019-12-31,8779895.574278355,9065384.23574686,65050.858642578125,220437.80282592773,MANAPPURAM.NS,Held,487,177.39999389648438,2019-12-31,177.39999389648438,86393.79702758789,0.0,0.0,,,2191.9521193504333,1876870.544892788
2019-12-31,8779895.574278355,9065384.23574686,65050.858642578125,220437.80282592773,DEEPAKNTR.NS,Held,231,373.1000061035156,2019-12-31,373.1000061035156,86186.10140991211,0.0,0.0,,,2191.9521193504333,1876870.544892788
2019-12-31,8779895.574278355,9065384.23574686,65050.858642578125,220437.80282592773,MCX.NS,Held,370,233.61000061035156,2019-12-31,233.61000061035156,86435.70022583008,0.0,0.0,,,2191.9521193504333,1876870.544892788
2020-01-31,,,,,WHIRLPOOL.NS,Sold,42,1887.449951171875,2019-09-30,2473.25,103876.5,0.0,,24603.60205078125,31.036587140465098,,
2020-01-31,,,,,ICICIBANK.NS,Sold,160,538.9000244140625,2019-12-31,525.6500244140625,84104.00390625,0.0,,-2120.0,-2.4587120801129148,,
2020-01-31,,,,,HDFCLIFE.NS,Sold,138,626.0499877929688,2019-12-31,599.2000122070312,82689.60168457031,0.0,,-3705.296630859375,-4.288791008620966,,
2020-01-31,,,,,HDFCAMC.NS,Sold,83,1030.800048828125,2019-06-30,1587.0999755859375,131729.2979736328,0.0,,46172.89392089844,53.96778234442727,,
2020-01-31,,,,,MANAPPURAM.NS,Sold,487,177.39999389648438,2019-12-31,188.0500030517578,91580.35148620605,0.0,,5186.554458618164,6.003387554504585,,
2020-01-31,,,,,SBILIFE.NS,Sold,98,797.5499877929688,2019-07-31,994.0999755859375,97421.79760742188,0.0,,19261.898803710938,24.64422177936137,,
2020-01-31,,,,,DEEPAKNTR.NS,Sold,231,373.1000061035156,2019-12-31,383.6000061035156,88611.60140991211,0.0,,2425.5,2.8142588657816328,,
2020-01-31,,,,,MCX.NS,Sold,370,233.61000061035156,2019-12-31,249.2899932861328,92237.29751586914,0.0,,5801.5972900390625,6.712038283812431,,
2020-01-31,,,,,POLYCAB.NS,Sold,86,924.25,2019-11-30,984.5499877929688,84671.29895019531,0.0,,5185.7989501953125,6.524207497210577,,
2020-01-31,,,,,NAM-INDIA.NS,Sold,228,362.1499938964844,2019-10-31,363.6499938964844,82912.19860839844,0.0,,342.0,0.41419302092512383,,
2020-01-31,,,,,ADANIENSOL.NS,Sold,261,331.3999938964844,2019-12-31,332.1000061035156,86678.10159301758,0.0,,182.70318603515625,0.21122879297635258,,
2020-01-31,,,,,PFIZER.NS,Sold,19,4140.2998046875,2019-11-30,4146.75,78788.25,0.0,,122.5537109375,0.1557905373228605,,
2020-01-31,,,,,SCI.NS,Sold,1323,60.5,2019-11-30,59.95000076293945,79313.8510093689,0.0,,-727.6489906311035,-0.9090896480339619,,
2020-01-31,9065384.23574686,9392442.542246342,102732.15674972534,224326.14974975586,BERGEPAINT.NS,Held,245,307.625,2019-08-31,466.7916564941406,114363.95584106445,38995.83084106445,51.74048159094372,,,7321.223004817963,1983491.0485663414
2020-01-31,9065384.23574686,9392442.542246342,102732.15674972534,224326.14974975586,IGL.NS,Held,422,195.77499389648438,2019-10-31,253.75,107082.5,24465.452575683594,29.613080276314445,,,7321.223004817963,1983491.0485663414
2020-01-31,9065384.23574686,9392442.542246342,102732.15674972534,224326.14974975586,ADANIGREEN.NS,Held,922,89.69999694824219,2019-10-31,189.4499969482422,174672.8971862793,91969.5,111.20401716129015,,,7321.223004817963,1983491.0485663414
2020-01-31,9065384.23574686,9392442.542246342,102732.15674972534,224326.14974975586,AAVAS.NS,Held,45,1773.25,2019-11-30,1994.050048828125,89732.25219726562,9936.002197265625,12.451715710031017,,,7321.223004817963,1983491.0485663414
2020-01-31,9065384.23574686,9392442.542246342,102732.15674972534,224326.14974975586,AVANTIFEED.NS,Held,156,511.6000061035156,2019-11-30,662.0999755859375,103287.59619140625,23477.995239257812,29.417507366481573,,,7321.223004817963,1983491.0485663414
2020-01-31,9065384.23574686,9392442.542246342,102732.15674972534,224326.14974975586,DIXON.NS,Held,113,759.8599853515625,2019-12-31,930.8499755859375,105186.04724121094,19321.868896484375,22.502828617204194,,,7321.223004817963,1983491.0485663414
2020-01-31,9065384.23574686,9392442.542246342,102732.15674972534,224326.14974975586,COROMANDEL.NS,Held,162,532.0999755859375,2019-12-31,631.8499755859375,102359.69604492188,16159.5,18.746477086407936,,,7321.223004817963,1983491.0485663414
2020-01-31,9065384.23574686,9392442.542246342,102732.15674972534,224326.14974975586,ORISSAMINE.NS,Held,46,1964.949951171875,2020-01-31,1964.949951171875,90387.69775390625,0.0,0.0,,,7321.223004817963,1983491.0485663414
2020-01-31,9065384.23574686,9392442.542246342,102732.15674972534,224326.14974975586,AMBER.NS,Held,60,1510.449951171875,2020-01-31,1510.449951171875,90626.9970703125,0.0,0.0,,,7321.223004817963,1983491.0485663414
2020-01-31,9065384.23574686,9392442.542246342,102732.15674972534,224326.14974975586,RELAXO.NS,Held,123,737.1500244140625,2020-01-31,737.1500244140625,90669.45300292969,0.0,0.0,,,7321.223004817963,1983491.0485663414
2020-01-31,9065384.23574686,9392442.542246342,102732.15674972534,224326.14974975586,JUBLFOOD.NS,Held,241,378.04998779296875,2020-01-31,378.04998779296875,91110.04705810547,0.0,0.0,,,7321.223004817963,1983491.0485663414
2020-01-31,9065384.23574686,9392442.542246342,102732.15674972534,224326.14974975586,NAVINFLUOR.NS,Held,79,1144.5,2020-01-31,1144.5,90415.5,0.0,0.0,,,7321.223004817963,1983491.0485663414
2020-01-31,9065384.23574686,9392442.542246342,102732.15674972534,224326.14974975586,PIIND.NS,Held,58,1556.8499755859375,2020-01-31,1556.8499755859375,90297.29858398438,0.0,0.0,,,7321.223004817963,1983491.0485663414
2020-01-31,9065384.23574686,9392442.542246342,102732.15674972534,224326.14974975586,SRF.NS,Held,120,756.8099975585938,2020-01-31,756.8099975585938,90817.19970703125,0.0,0.0,,,7321.223004817963,1983491.0485663414
2020-01-31,9065384.23574686,9392442.542246342,102732.15674972534,224326.14974975586,CREDITACC.NS,Held,114,800.75,2020-01-31,800.75,91285.5,0.0,0.0,,,7321.223004817963,1983491.0485663414
2020-01-31,9065384.23574686,9392442.542246342,102732.15674972534,224326.14974975586,GMMPFAUDLR.NS,Held,109,834.0166625976562,2020-01-31,834.0166625976562,90907.81622314453,0.0,0.0,,,7321.223004817963,1983491.0485663414
2020-01-31,9065384.23574686,9392442.542246342,102732.15674972534,224326.14974975586,AUBANK.NS,Held,171,532.1749877929688,2020-01-31,532.1749877929688,91001.92291259766,0.0,0.0,,,7321.223004817963,1983491.0485663414
2020-01-31,9065384.23574686,9392442.542246342,102732.15674972534,224326.14974975586,SUPREMEIND.NS,Held,65,1394.300048828125,2020-01-31,1394.300048828125,90629.50317382812,0.0,0.0,,,7321.223004817963,1983491.0485663414
2020-01-31,9065384.23574686,9392442.542246342,102732.15674972534,224326.14974975586,JKCEMENT.NS,Held,65,1385.949951171875,2020-01-31,1385.949951171875,90086.74682617188,0.0,0.0,,,7321.223004817963,1983491.0485663414
2020-01-31,9065384.23574686,9392442.542246342,102732.15674972534,224326.14974975586,TATACONSUM.NS,Held,238,383.3999938964844,2020-01-31,383.3999938964844,91249.19854736328,0.0,0.0,,,7321.223004817963,1983491.0485663414
2020-02-29,,,,,DIXON.NS,Sold,113,759.8599853515625,2019-12-31,765.6099853515625,86513.92834472656,0.0,,649.75,0.7567183574405043,,
2020-02-29,,,,,IGL.NS,Sold,422,195.77499389648438,2019-10-31,221.1999969482422,93346.3987121582,0.0,,10729.351287841797,12.98684910964739,,
2020-02-29,,,,,JUBLFOOD.NS,Sold,241,378.04998779296875,2020-01-31,351.3699951171875,84680.16882324219,0.0,,-6429.878234863281,-7.057265847709006,,
2020-02-29,,,,,PIIND.NS,Sold,58,1556.8499755859375,2020-01-31,1531.25,88812.5,0.0,,-1484.798583984375,-1.6443444125888027,,
2020-02-29,,,,,TATACONSUM.NS,Sold,238,383.3999938964844,2020-01-31,346.1499938964844,82383.69854736328,0.0,,-8865.5,-9.715701771778658,,
2020-02-29,,,,,CREDITACC.NS,Sold,114,800.75,2020-01-31,841.9000244140625,95976.60278320312,0.0,,4691.102783203125,5.138935299914142,,
2020-02-29,,,,,AAVAS.NS,Sold,45,1773.25,2019-11-30,1878.8499755859375,84548.24890136719,0.0,,4751.9989013671875,5.955165689323982,,
2020-02-29,,,,,ORISSAMINE.NS,Sold,46,1964.949951171875,2020-01-31,1748.0999755859375,80412.59887695312,0.0,,-9975.098876953125,-11.035903253241159,,
2020-02-29,,,,,ADANIGREEN.NS,Sold,922,89.69999694824219,2019-10-31,154.9499969482422,142863.8971862793,0.0,,60160.5,72.74247739121988,,
2020-02-29,,,,,AVANTIFEED.NS,Sold,156,511.6000061035156,2019-11-30,462.70001220703125,72181.20190429688,0.0,,-7628.3990478515625,-9.558247324686327,,
2020-02-29,,,,,SUPREMEIND.NS,Sold,65,1394.300048828125,2020-01-31,1319.199951171875,85747.99682617188,0.0,,-4881.50634765625,-5.386222120509125,,
2020-02-29,9392442.542246342,9517961.10087061,41717.521881103516,83801.03674316406,BERGEPAINT.NS,Held,245,307.625,2019-08-31,472.125,115670.625,40302.5,53.474197480698905,,,9898.176679134369,1884683.4574408531
2020-02-29,9392442.542246342,9517961.10087061,41717.521881103516,83801.03674316406,COROMANDEL.NS,Held,162,532.0999755859375,2019-12-31,615.5,99711.0,13510.803955078125,15.673750843950728,,,9898.176679134369,1884683.4574408531
2020-02-29,9392442.542246342,9517961.10087061,41717.521881103516,83801.03674316406,AMBER.NS,Held,60,1510.449951171875,2020-01-31,1371.199951171875,82271.9970703125,-8355.0,-9.219107186700464,,,9898.176679134369,1884683.4574408531
2020-02-29,9392442.542246342,9517961.10087061,41717.521881103516,83801.03674316406,RELAXO.NS,Held,123,737.1500244140625,2020-01-31,696.5,85669.5,-4999.9530029296875,-5.514484578139156,,,9898.176679134369,1884683.4574408531
2020-02-29,9392442.542246342,9517961.10087061,41717.521881103516,83801.03674316406,NAVINFLUOR.NS,Held,79,1144.5,2020-01-31,1430.199951171875,112985.79614257812,22570.296142578125,24.962861613968983,,,9898.176679134369,1884683.4574408531
2020-02-29,9392442.542246342,9517961.10087061,41717.521881103516,83801.03674316406,SRF.NS,Held,120,756.8099975585938,2020-01-31,778.760009765625,93451.201171875,2634.00146484375,2.9003332775518516,,,9898.176679134369,1884683.4574408531
2020-02-29,9392442.542246342,9517961.10087061,41717.521881103516,83801.03674316406,GMMPFAUDLR.NS,Held,109,834.0166625976562,2020-01-31,922.1666870117188,100516.16888427734,9608.352661132812,10.569336125672535,,,9898.176679134369,1884683.4574408531
2020-02-29,9392442.542246342,9517961.10087061,41717.521881103516,83801.03674316406,AUBANK.NS,Held,171,532.1749877929688,2020-01-31,581.4500122070312,99427.95208740234,8426.029174804688,9.259177064749966,,,9898.176679134369,1884683.4574408531
2020-02-29,9392442.542246342,9517961.10087061,41717.521881103516,83801.03674316406,JKCEMENT.NS,Held,65,1385.949951171875,2020-01-31,1387.550048828125,90190.75317382812,104.00634765625,0.115451330323801,,,9898.176679134369,1884683.4574408531
2020-02-29,9392442.542246342,9517961.10087061,41717.521881103516,83801.03674316406,AJANTPHARM.NS,Held,98,923.433349609375,2020-02-29,923.433349609375,90496.46826171875,0.0,0.0,,,9898.176679134369,1884683.4574408531
2020-02-29,9392442.542246342,9517961.10087061,41717.521881103516,83801.03674316406,GRANULES.NS,Held,580,157.3000030517578,2020-02-29,157.3000030517578,91234.00177001953,0.0,0.0,,,9898.176679134369,1884683.4574408531
2020-02-29,9392442.542246342,9517961.10087061,41717.521881103516,83801.03674316406,ALKEM.NS,Held,34,2625.5,2020-02-29,2625.5,89267.0,0.0,0.0,,,9898.176679134369,1884683.4574408531
2020-02-29,9392442.542246342,9517961.10087061,41717.521881103516,83801.03674316406,MIDHANI.NS,Held,368,248.14999389648438,2020-02-29,248.14999389648438,91319.19775390625,0.0,0.0,,,9898.176679134369,1884683.4574408531
2020-02-29,9392442.542246342,9517961.10087061,41717.521881103516,83801.03674316406,BHARTIARTL.NS,Held,177,513.8524169921875,2020-02-29,513.8524169921875,90951.87780761719,0.0,0.0,,,9898.176679134369,1884683.4574408531
2020-02-29,9392442.542246342,9517961.10087061,41717.521881103516,83801.03674316406,WELCORP.NS,Held,491,185.89999389648438,2020-02-29,185.89999389648438,91276.89700317383,0.0,0.0,,,9898.176679134369,1884683.4574408531
2020-02-29,9392442.542246342,9517961.10087061,41717.521881103516,83801.03674316406,DEEPAKNTR.NS,Held,197,461.8999938964844,2020-02-29,461.8999938964844,90994.29879760742,0.0,0.0,,,9898.176679134369,1884683.4574408531
2020-02-29,9392442.542246342,9517961.10087061,41717.521881103516,83801.03674316406,DMART.NS,Held,39,2323.949951171875,2020-02-29,2323.949951171875,90634.04809570312,0.0,0.0,,,9898.176679134369,1884683.4574408531
2020-02-29,9392442.542246342,9517961.10087061,41717.521881103516,83801.03674316406,ATUL.NS,Held,17,5143.64990234375,2020-02-29,5143.64990234375,87442.04833984375,0.0,0.0,,,9898.176679134369,1884683.4574408531
2020-02-29,9392442.542246342,9517961.10087061,41717.521881103516,83801.03674316406,TRENT.NS,Held,123,737.2000122070312,2020-02-29,737.2000122070312,90675.60150146484,0.0,0.0,,,9898.176679134369,1884683.4574408531
2020-02-29,9392442.542246342,9517961.10087061,41717.521881103516,83801.03674316406,DIVISLAB.NS,Held,43,2106.949951171875,2020-02-29,2106.949951171875,90598.84790039062,0.0,0.0,,,9898.176679134369,1884683.4574408531
2020-03-31,,,,,AMBER.NS,Sold,60,1510.449951171875,2020-01-31,1230.449951171875,73826.9970703125,0.0,,-16800.0,-18.53752252981063,,
2020-03-31,,,,,RELAXO.NS,Sold,123,737.1500244140625,2020-01-31,598.9500122070312,73670.85150146484,0.0,,-16998.601501464844,-18.74788138505213,,
2020-03-31,,,,,NAVINFLUOR.NS,Sold,79,1144.5,2020-01-31,1221.6500244140625,96510.35192871094,0.0,,6094.8519287109375,6.740937039236567,,
2020-03-31,,,,,MIDHANI.NS,Sold,368,248.14999389648438,2020-02-29,178.85000610351562,65816.80224609375,0.0,,-25502.3955078125,-27.926653031423083,,
2020-03-31,,,,,SRF.NS,Sold,120,756.8099975585938,2020-01-31,556.6599731445312,66799.19677734375,0.0,,-24018.0029296875,-26.44653546593331,,
2020-03-31,,,,,WELCORP.NS,Sold,491,185.89999389648438,2020-02-29,62.04999923706055,30466.54962539673,0.0,,-60810.3473777771,-66.62183901328574,,
2020-03-31,,,,,GMMPFAUDLR.NS,Sold,109,834.0166625976562,2020-01-31,837.5999755859375,91298.39733886719,0.0,,390.58111572265625,0.42964525158532724,,
2020-03-31,,,,,AUBANK.NS,Sold,171,532.1749877929688,2020-01-31,252.6750030517578,43207.425521850586,0.0,,-47794.49739074707,-52.52031590217171,,
2020-03-31,,,,,DEEPAKNTR.NS,Sold,197,461.8999938964844,2020-02-29,385.04998779296875,75854.84759521484,0.0,,-15139.451202392578,-16.63780193093883,,
2020-03-31,,,,,JKCEMENT.NS,Sold,65,1385.949951171875,2020-01-31,935.5499877929688,60810.74920654297,0.0,,-29275.997619628906,-32.49756334982193,,
2020-03-31,,,,,ATUL.NS,Sold,17,5143.64990234375,2020-02-29,3988.449951171875,67803.64916992188,0.0,,-19638.399169921875,-22.458759307189585,,
2020-03-31,,,,,TRENT.NS,Sold,123,737.2000122070312,2020-02-29,484.3500061035156,59575.05075073242,0.0,,-31100.550750732422,-34.2986980353585,,
2020-03-31,9517961.10087061,9221870.51864481,-280592.8104057312,-15497.77182006836,BERGEPAINT.NS,Held,245,307.625,2019-08-31,414.9583435058594,101664.79415893555,26296.669158935547,34.89096903888155,,,2365.3293471336365,1504791.8384718895
2020-03-31,9517961.10087061,9221870.51864481,-280592.8104057312,-15497.77182006836,COROMANDEL.NS,Held,162,532.0999755859375,2019-12-31,546.2000122070312,88484.40197753906,2284.2059326171875,2.649884846464629,,,2365.3293471336365,1504791.8384718895
2020-03-31,9517961.10087061,9221870.51864481,-280592.8104057312,-15497.77182006836,AJANTPHARM.NS,Held,98,923.433349609375,2020-02-29,910.8666381835938,89264.93054199219,-1231.5377197265625,-1.3608682674388077,,,2365.3293471336365,1504791.8384718895
2020-03-31,9517961.10087061,9221870.51864481,-280592.8104057312,-15497.77182006836,GRANULES.NS,Held,580,157.3000030517578,2020-02-29,143.64999389648438,83316.99645996094,-7917.005310058594,-8.677691602321238,,,2365.3293471336365,1504791.8384718895
2020-03-31,9517961.10087061,9221870.51864481,-280592.8104057312,-15497.77182006836,ALKEM.NS,Held,34,2625.5,2020-02-29,2325.85009765625,79078.9033203125,-10188.0966796875,-11.413060458722148,,,2365.3293471336365,1504791.8384718895
2020-03-31,9517961.10087061,9221870.51864481,-280592.8104057312,-15497.77182006836,BHARTIARTL.NS,Held,177,513.8524169921875,2020-02-29,432.774658203125,76601.11450195312,-14350.763305664062,-15.778413433111318,,,2365.3293471336365,1504791.8384718895
2020-03-31,9517961.10087061,9221870.51864481,-280592.8104057312,-15497.77182006836,DMART.NS,Held,39,2323.949951171875,2020-02-29,2187.5,85312.5,-5321.548095703125,-5.871466857669148,,,2365.3293471336365,1504791.8384718895
2020-03-31,9517961.10087061,9221870.51864481,-280592.8104057312,-15497.77182006836,DIVISLAB.NS,Held,43,2106.949951171875,2020-02-29,1989.050048828125,85529.15209960938,-5069.69580078125,-5.595761886900762,,,2365.3293471336365,1504791.8384718895
2020-03-31,9517961.10087061,9221870.51864481,-280592.8104057312,-15497.77182006836,TORNTPHARM.NS,Held,137,985.9000244140625,2020-03-31,985.9000244140625,135068.30334472656,0.0,0.0,,,2365.3293471336365,1504791.8384718895
2020-03-31,9517961.10087061,9221870.51864481,-280592.8104057312,-15497.77182006836,IPCALAB.NS,Held,195,696.125,2020-03-31,696.125,135744.375,0.0,0.0,,,2365.3293471336365,1504791.8384718895
2020-03-31,9517961.10087061,9221870.51864481,-280592.8104057312,-15497.77182006836,NESTLEIND.NS,Held,166,815.030029296875,2020-03-31,815.030029296875,135294.98486328125,0.0,0.0,,,2365.3293471336365,1504791.8384718895
2020-03-31,9517961.10087061,9221870.51864481,-280592.8104057312,-15497.77182006836,BIOCON.NS,Held,502,270.54998779296875,2020-03-31,270.54998779296875,135816.0938720703,0.0,0.0,,,2365.3293471336365,1504791.8384718895
2020-03-31,9517961.10087061,9221870.51864481,-280592.8104057312,-15497.77182006836,MCX.NS,Held,604,224.85000610351562,2020-03-31,224.85000610351562,135809.40368652344,0.0,0.0,,,2365.3293471336365,1504791.8384718895
2020-03-31,9517961.10087061,9221870.51864481,-280592.8104057312,-15497.77182006836,DRREDDY.NS,Held,217,624.1500244140625,2020-03-31,624.1500244140625,135440.55529785156,0.0,0.0,,,2365.3293471336365,1504791.8384718895
2020-04-30,,,,,GRANULES.NS,Sold,580,157.3000030517578,2020-02-29,162.5,94250.0,0.0,,3015.9982299804688,3.305783119744242,,
2020-04-30,,,,,COROMANDEL.NS,Sold,162,532.0999755859375,2019-12-31,594.25,96268.5,0.0,,10068.303955078125,11.680140437071845,,
2020-04-30,,,,,BHARTIARTL.NS,Sold,177,513.8524169921875,2020-02-29,504.82196044921875,89353.48699951172,0.0,,-1598.3908081054688,-1.7574027569682613,,
2020-04-30,,,,,MCX.NS,Sold,604,224.85000610351562,2020-03-31,213.52000427246094,128966.0825805664,0.0,,-6843.321105957031,-5.038915509674757,,
2020-04-30,,,,,BERGEPAINT.NS,Sold,245,307.625,2019-08-31,423.6666564941406,103798.33084106445,0.0,,28430.205841064453,37.72179000215867,,
2020-04-30,9221870.51864481,9411179.069883823,33072.79611206055,156235.75512695312,AJANTPHARM.NS,Held,98,923.433349609375,2020-02-29,991.4666748046875,97163.73413085938,6667.265869140625,7.367432118852058,,,6067.131494045258,1709598.1615309715
2020-04-30,9221870.51864481,9411179.069883823,33072.79611206055,156235.75512695312,ALKEM.NS,Held,34,2625.5,2020-02-29,2599.39990234375,88379.5966796875,-887.4033203125,-0.9941000821272139,,,6067.131494045258,1709598.1615309715
2020-04-30,9221870.51864481,9411179.069883823,33072.79611206055,156235.75512695312,DMART.NS,Held,39,2323.949951171875,2020-02-29,2383.64990234375,92962.34619140625,2328.298095703125,2.56890003770394,,,6067.131494045258,1709598.1615309715
2020-04-30,9221870.51864481,9411179.069883823,33072.79611206055,156235.75512695312,DIVISLAB.NS,Held,43,2106.949951171875,2020-02-29,2332.89990234375,100314.69580078125,9715.847900390625,10.724030300112386,,,6067.131494045258,1709598.1615309715
2020-04-30,9221870.51864481,9411179.069883823,33072.79611206055,156235.75512695312,TORNTPHARM.NS,Held,137,985.9000244140625,2020-03-31,1172.699951171875,160659.89331054688,25591.589965820312,18.94714698570283,,,6067.131494045258,1709598.1615309715
2020-04-30,9221870.51864481,9411179.069883823,33072.79611206055,156235.75512695312,IPCALAB.NS,Held,195,696.125,2020-03-31,809.3499755859375,157823.2452392578,22078.870239257812,16.265035099434368,,,6067.131494045258,1709598.1615309715
2020-04-30,9221870.51864481,9411179.069883823,33072.79611206055,156235.75512695312,NESTLEIND.NS,Held,166,815.030029296875,2020-03-31,896.2324829101562,148774.59216308594,13479.607299804688,9.963124141982163,,,6067.131494045258,1709598.1615309715
2020-04-30,9221870.51864481,9411179.069883823,33072.79611206055,156235.75512695312,BIOCON.NS,Held,502,270.54998779296875,2020-03-31,353.95001220703125,177682.9061279297,41866.812255859375,30.82610540639986,,,6067.131494045258,1709598.1615309715
2020-04-30,9221870.51864481,9411179.069883823,33072.79611206055,156235.75512695312,DRREDDY.NS,Held,217,624.1500244140625,2020-03-31,787.260009765625,170835.42211914062,35394.86682128906,26.133137702699983,,,6067.131494045258,1709598.1615309715
2020-04-30,9221870.51864481,9411179.069883823,33072.79611206055,156235.75512695312,IOLCP.NS,Held,809,57.849998474121094,2020-04-30,57.849998474121094,46800.648765563965,0.0,0.0,,,6067.131494045258,1709598.1615309715
2020-04-30,9221870.51864481,9411179.069883823,33072.79611206055,156235.75512695312,NAVINFLUOR.NS,Held,29,1573.199951171875,2020-04-30,1573.199951171875,45622.798583984375,0.0,0.0,,,6067.131494045258,1709598.1615309715
2020-04-30,9221870.51864481,9411179.069883823,33072.79611206055,156235.75512695312,APLLTD.NS,Held,62,743.5,2020-04-30,743.5,46097.0,0.0,0.0,,,6067.131494045258,1709598.1615309715
2020-04-30,9221870.51864481,9411179.069883823,33072.79611206055,156235.75512695312,MIDHANI.NS,Held,217,215.0500030517578,2020-04-30,215.0500030517578,46665.850662231445,0.0,0.0,,,6067.131494045258,1709598.1615309715
2020-04-30,9221870.51864481,9411179.069883823,33072.79611206055,156235.75512695312,PFIZER.NS,Held,9,4901.9501953125,2020-04-30,4901.9501953125,44117.5517578125,0.0,0.0,,,6067.131494045258,1709598.1615309715
2020-04-30,9221870.51864481,9411179.069883823,33072.79611206055,156235.75512695312,GMMPFAUDLR.NS,Held,40,1164.699951171875,2020-04-30,1164.699951171875,46587.998046875,0.0,0.0,,,6067.131494045258,1709598.1615309715
2020-04-30,9221870.51864481,9411179.069883823,33072.79611206055,156235.75512695312,LAURUSLABS.NS,Held,456,102.5,2020-04-30,102.5,46740.0,0.0,0.0,,,6067.131494045258,1709598.1615309715
2020-04-30,9221870.51864481,9411179.069883823,33072.79611206055,156235.75512695312,DEEPAKNTR.NS,Held,92,506.1499938964844,2020-04-30,506.1499938964844,46565.79943847656,0.0,0.0,,,6067.131494045258,1709598.1615309715
2020-04-30,9221870.51864481,9411179.069883823,33072.79611206055,156235.75512695312,SANOFI.NS,Held,6,7778.2998046875,2020-04-30,7778.2998046875,46669.798828125,0.0,0.0,,,6067.131494045258,1709598.1615309715
2020-04-30,9221870.51864481,9411179.069883823,33072.79611206055,156235.75512695312,AARTIIND.NS,Held,84,551.2000122070312,2020-04-30,551.2000122070312,46300.801025390625,0.0,0.0,,,6067.131494045258,1709598.1615309715
2020-04-30,9221870.51864481,9411179.069883823,33072.79611206055,156235.75512695312,FDC.NS,Held,191,244.85000610351562,2020-04-30,244.85000610351562,46766.351165771484,0.0,0.0,,,6067.131494045258,1709598.1615309715
2020-05-31,,,,,ALKEM.NS,Sold,34,2625.5,2020-02-29,2262.89990234375,76938.5966796875,0.0,,-12328.4033203125,-13.810706442820415,,
2020-05-31,,,,,PFIZER.NS,Sold,9,4901.9501953125,2020-04-30,4038.60009765625,36347.40087890625,0.0,,-7770.15087890625,-17.612380037680317,,
2020-05-31,,,,,FDC.NS,Sold,191,244.85000610351562,2020-04-30,248.25,47415.75,0.0,,649.3988342285156,1.3886027411602164,,
2020-05-31,,,,,AARTIIND.NS,Sold,84,551.2000122070312,2020-04-30,488.07501220703125,40998.301025390625,0.0,,-5302.5,-11.452285667999984,,
2020-05-31,,,,,MIDHANI.NS,Sold,217,215.0500030517578,2020-04-30,201.64999389648438,43758.04867553711,0.0,,-2907.801986694336,-6.231113213259685,,
2020-05-31,9411179.069883823,9554852.90688181,-27659.45735168457,171333.2943496704,AJANTPHARM.NS,Held,98,923.433349609375,2020-02-29,1015.9666748046875,99564.73413085938,9068.265869140625,10.02057433105003,,,1151.0477843284607,1697036.2434020042
2020-05-31,9411179.069883823,9554852.90688181,-27659.45735168457,171333.2943496704,DMART.NS,Held,39,2323.949951171875,2020-02-29,2269.35009765625,88504.65380859375,-2129.394287109375,-2.349441883982591,,,1151.0477843284607,1697036.2434020042
2020-05-31,9411179.069883823,9554852.90688181,-27659.45735168457,171333.2943496704,DIVISLAB.NS,Held,43,2106.949951171875,2020-02-29,2390.10009765625,102774.30419921875,12175.456298828125,13.438864379616057,,,1151.0477843284607,1697036.2434020042
2020-05-31,9411179.069883823,9554852.90688181,-27659.45735168457,171333.2943496704,TORNTPHARM.NS,Held,137,985.9000244140625,2020-03-31,1181.2750244140625,161834.67834472656,26766.375,19.816918060846458,,,1151.0477843284607,1697036.2434020042
2020-05-31,9411179.069883823,9554852.90688181,-27659.45735168457,171333.2943496704,IPCALAB.NS,Held,195,696.125,2020-03-31,747.2999877929688,145723.4976196289,9979.122619628906,7.351407835226252,,,1151.0477843284607,1697036.2434020042
2020-05-31,9411179.069883823,9554852.90688181,-27659.45735168457,171333.2943496704,NESTLEIND.NS,Held,166,815.030029296875,2020-03-31,877.0399780273438,145588.63635253906,10293.651489257812,7.608302332610324,,,1151.0477843284607,1697036.2434020042
2020-05-31,9411179.069883823,9554852.90688181,-27659.45735168457,171333.2943496704,BIOCON.NS,Held,502,270.54998779296875,2020-03-31,354.70001220703125,178059.4061279297,42243.312255859375,31.103318503365113,,,1151.0477843284607,1697036.2434020042
2020-05-31,9411179.069883823,9554852.90688181,-27659.45735168457,171333.2943496704,DRREDDY.NS,Held,217,624.1500244140625,2020-03-31,814.25,176692.25,41251.69470214844,30.457416991115068,,,1151.0477843284607,1697036.2434020042
2020-05-31,9411179.069883823,9554852.90688181,-27659.45735168457,171333.2943496704,IOLCP.NS,Held,809,57.849998474121094,2020-04-30,76.19000244140625,61637.711975097656,14837.063209533691,31.702687037216542,,,1151.0477843284607,1697036.2434020042
2020-05-31,9411179.069883823,9554852.90688181,-27659.45735168457,171333.2943496704,NAVINFLUOR.NS,Held,29,1573.199951171875,2020-04-30,1565.5999755859375,45402.39929199219,-220.3992919921875,-0.4830902505607304,,,1151.0477843284607,1697036.2434020042
2020-05-31,9411179.069883823,9554852.90688181,-27659.45735168457,171333.2943496704,APLLTD.NS,Held,62,743.5,2020-04-30,871.1500244140625,54011.301513671875,7914.301513671875,17.168799517695025,,,1151.0477843284607,1697036.2434020042
2020-05-31,9411179.069883823,9554852.90688181,-27659.45735168457,171333.2943496704,GMMPFAUDLR.NS,Held,40,1164.699951171875,2020-04-30,1269.3499755859375,50773.9990234375,4186.0009765625,8.985148862483234,,,1151.0477843284607,1697036.2434020042
2020-05-31,9411179.069883823,9554852.90688181,-27659.45735168457,171333.2943496704,LAURUSLABS.NS,Held,456,102.5,2020-04-30,93.69000244140625,42722.64111328125,-4017.35888671875,-8.595119569359756,,,1151.0477843284607,1697036.2434020042
2020-05-31,9411179.069883823,9554852.90688181,-27659.45735168457,171333.2943496704,DEEPAKNTR.NS,Held,92,506.1499938964844,2020-04-30,498.1000061035156,45825.20056152344,-740.598876953125,-1.5904352247438927,,,1151.0477843284607,1697036.2434020042
2020-05-31,9411179.069883823,9554852.90688181,-27659.45735168457,171333.2943496704,SANOFI.NS,Held,6,7778.2998046875,2020-04-30,7732.60009765625,46395.6005859375,-274.1982421875,-0.5875282282602378,,,1151.0477843284607,1697036.2434020042
2020-05-31,9411179.069883823,9554852.90688181,-27659.45735168457,171333.2943496704,CIPLA.NS,Held,77,648.1500244140625,2020-05-31,648.1500244140625,49907.55187988281,0.0,0.0,,,1151.0477843284607,1697036.2434020042
2020-05-31,9411179.069883823,9554852.90688181,-27659.45735168457,171333.2943496704,AARTIDRUGS.NS,Held,206,243.0625,2020-05-31,243.0625,50070.875,0.0,0.0,,,1151.0477843284607,1697036.2434020042
2020-05-31,9411179.069883823,9554852.90688181,-27659.45735168457,171333.2943496704,AUROPHARMA.NS,Held,67,745.6500244140625,2020-05-31,745.6500244140625,49958.55163574219,0.0,0.0,,,1151.0477843284607,1697036.2434020042
2020-05-31,9411179.069883823,9554852.90688181,-27659.45735168457,171333.2943496704,ADANIGREEN.NS,Held,202,248.60000610351562,2020-05-31,248.60000610351562,50217.201232910156,0.0,0.0,,,1151.0477843284607,1697036.2434020042
2020-05-31,9411179.069883823,9554852.90688181,-27659.45735168457,171333.2943496704,INDIACEM.NS,Held,400,125.55000305175781,2020-05-31,125.55000305175781,50220.001220703125,0.0,0.0,,,1151.0477843284607,1697036.2434020042
2020-06-30,,,,,CIPLA.NS,Sold,77,648.1500244140625,2020-05-31,640.25,49299.25,0.0,,-608.3018798828125,-1.218857381237352,,
2020-06-30,,,,,AJANTPHARM.NS,Sold,98,923.433349609375,2020-02-29,944.7666625976562,92587.13293457031,0.0,,2090.6646728515625,2.3102168659281728,,
2020-06-30,,,,,TORNTPHARM.NS,Sold,137,985.9000244140625,2020-03-31,1186.050048828125,162488.85668945312,0.0,,27420.553344726562,20.30124956463158,,
2020-06-30,,,,,INDIACEM.NS,Sold,400,125.55000305175781,2020-05-31,128.25,51300.0,0.0,,1079.998779296875,2.150535151424184,,
2020-06-30,,,,,IPCALAB.NS,Sold,195,696.125,2020-03-31,837.2000122070312,163254.0023803711,0.0,,27509.627380371094,20.265758621947388,,
2020-06-30,,,,,NESTLEIND.NS,Sold,166,815.030029296875,2020-03-31,858.7224731445312,142547.9305419922,0.0,,7252.9456787109375,5.360838530740965,,
2020-06-30,,,,,LAURUSLABS.NS,Sold,456,102.5,2020-04-30,103.88999938964844,47373.83972167969,0.0,,633.8397216796875,1.3560969655106707,,
2020-06-30,,,,,DEEPAKNTR.NS,Sold,92,506.1499938964844,2020-04-30,475.04998779296875,43704.598876953125,0.0,,-2861.2005615234375,-6.144424869809653,,
2020-06-30,,,,,BIOCON.NS,Sold,502,270.54998779296875,2020-03-31,390.1000061035156,195830.20306396484,0.0,,60014.10919189453,44.18777442415905,,
2020-06-30,,,,,SANOFI.NS,Sold,6,7778.2998046875,2020-04-30,7877.25,47263.5,0.0,,593.701171875,1.2721314142824482,,
2020-06-30,,,,,DMART.NS,Sold,39,2323.949951171875,2020-02-29,2317.14990234375,90368.84619140625,0.0,,-265.201904296875,-0.2926073698229175,,
2020-06-30,,,,,DRREDDY.NS,Sold,217,624.1500244140625,2020-03-31,788.989990234375,171210.82788085938,0.0,,35770.27258300781,26.410311523268852,,
2020-06-30,,,,,DIVISLAB.NS,Sold,43,2106.949951171875,2020-02-29,2278.89990234375,97992.69580078125,0.0,,7393.847900390625,8.161083801551019,,
2020-06-30,,,,,ADANIGREEN.NS,Sold,202,248.60000610351562,2020-05-31,358.8500061035156,72487.70123291016,0.0,,22270.5,44.34834967545919,,
2020-06-30,9554852.90688181,9806059.829054356,188295.35607910156,62911.566093444824,IOLCP.NS,Held,809,57.849998474121094,2020-04-30,89.91999816894531,72745.27851867676,25944.629753112793,55.43647457341001,,,3197.2635474205017,1776909.8712248802
2020-06-30,9554852.90688181,9806059.829054356,188295.35607910156,62911.566093444824,NAVINFLUOR.NS,Held,29,1573.199951171875,2020-04-30,1622.0,47038.0,1415.201416015625,3.1019609930558345,,,3197.2635474205017,1776909.8712248802
2020-06-30,9554852.90688181,9806059.829054356,188295.35607910156,62911.566093444824,APLLTD.NS,Held,62,743.5,2020-04-30,912.7999877929688,56593.59924316406,10496.599243164062,22.770677578072462,,,3197.2635474205017,1776909.8712248802
2020-06-30,9554852.90688181,9806059.829054356,188295.35607910156,62911.566093444824,GMMPFAUDLR.NS,Held,40,1164.699951171875,2020-04-30,1363.38330078125,54535.33203125,7947.333984375,17.058758301609583,,,3197.2635474205017,1776909.8712248802
2020-06-30,9554852.90688181,9806059.829054356,188295.35607910156,62911.566093444824,AARTIDRUGS.NS,Held,206,243.0625,2020-05-31,317.63751220703125,65433.32751464844,15362.452514648438,30.68141412477501,,,3197.2635474205017,1776909.8712248802
2020-06-30,9554852.90688181,9806059.829054356,188295.35607910156,62911.566093444824,AUROPHARMA.NS,Held,67,745.6500244140625,2020-05-31,771.7000122070312,51703.900817871094,1745.3491821289062,3.4935944397559737,,,3197.2635474205017,1776909.8712248802
2020-06-30,9554852.90688181,9806059.829054356,188295.35607910156,62911.566093444824,DHANUKA.NS,Held,144,707.5,2020-06-30,707.5,101880.0,0.0,0.0,,,3197.2635474205017,1776909.8712248802
2020-06-30,9554852.90688181,9806059.829054356,188295.35607910156,62911.566093444824,MARKSANS.NS,Held,3169,32.20000076293945,2020-06-30,32.20000076293945,102041.80241775513,0.0,0.0,,,3197.2635474205017,1776909.8712248802
2020-06-30,9554852.90688181,9806059.829054356,188295.35607910156,62911.566093444824,DIXON.NS,Held,88,1151.780029296875,2020-06-30,1151.780029296875,101356.642578125,0.0,0.0,,,3197.2635474205017,1776909.8712248802
2020-06-30,9554852.90688181,9806059.829054356,188295.35607910156,62911.566093444824,BORORENEW.NS,Held,768,132.8000030517578,2020-06-30,132.8000030517578,101990.40234375,0.0,0.0,,,3197.2635474205017,1776909.8712248802
2020-06-30,9554852.90688181,9806059.829054356,188295.35607910156,62911.566093444824,NETWORK18.NS,Held,2501,40.79999923706055,2020-06-30,40.79999923706055,102040.79809188843,0.0,0.0,,,3197.2635474205017,1776909.8712248802
2020-06-30,9554852.90688181,9806059.829054356,188295.35607910156,62911.566093444824,TATACOMM.NS,Held,166,611.75,2020-06-30,611.75,101550.5,0.0,0.0,,,3197.2635474205017,1776909.8712248802
2020-06-30,9554852.90688181,9806059.829054356,188295.35607910156,62911.566093444824,ASTEC.NS,Held,129,789.5499877929688,2020-06-30,789.5499877929688,101851.94842529297,0.0,0.0,,,3197.2635474205017,1776909.8712248802
2020-06-30,9554852.90688181,9806059.829054356,188295.35607910156,62911.566093444824,LTFOODS.NS,Held,2453,41.599998474121094,2020-06-30,41.599998474121094,102044.79625701904,0.0,0.0,,,3197.2635474205017,1776909.8712248802
2020-06-30,9554852.90688181,9806059.829054356,188295.35607910156,62911.566093444824,COROMANDEL.NS,Held,135,755.75,2020-06-30,755.75,102026.25,0.0,0.0,,,3197.2635474205017,1776909.8712248802
2020-06-30,9554852.90688181,9806059.829054356,188295.35607910156,62911.566093444824,ALKYLAMINE.NS,Held,121,842.9000244140625,2020-06-30,842.9000244140625,101990.90295410156,0.0,0.0,,,3197.2635474205017,1776909.8712248802
2020-06-30,9554852.90688181,9806059.829054356,188295.35607910156,62911.566093444824,SUZLON.NS,Held,22010,4.636980056762695,2020-06-30,4.636980056762695,102059.93104934692,0.0,0.0,,,3197.2635474205017,1776909.8712248802
2020-06-30,9554852.90688181,9806059.829054356,188295.35607910156,62911.566093444824,ALEMBICLTD.NS,Held,1260,81.0,2020-06-30,81.0,102060.0,0.0,0.0,,,3197.2635474205017,1776909.8712248802
2020-06-30,9554852.90688181,9806059.829054356,188295.35607910156,62911.566093444824,BAYERCROP.NS,Held,17,5937.0,2020-06-30,5937.0,100929.0,0.0,0.0,,,3197.2635474205017,1776909.8712248802
2020-06-30,9554852.90688181,9806059.829054356,188295.35607910156,62911.566093444824,RALLIS.NS,Held,374,272.29998779296875,2020-06-30,272.29998779296875,101840.19543457031,0.0,0.0,,,3197.2635474205017,1776909.8712248802
2020-07-31,,,,,AUROPHARMA.NS,Sold,67,745.6500244140625,2020-05-31,874.5999755859375,58598.19836425781,0.0,,8639.646728515625,17.293629309970836,,
2020-07-31,,,,,NAVINFLUOR.NS,Sold,29,1573.199951171875,2020-04-30,1760.9000244140625,51066.10070800781,0.0,,5443.3021240234375,11.93110088151032,,
2020-07-31,,,,,APLLTD.NS,Sold,62,743.5,2020-04-30,985.0499877929688,61073.09924316406,0.0,,14976.099243164062,32.488229696431574,,
2020-07-31,,,,,ALEMBICLTD.NS,Sold,1260,81.0,2020-06-30,79.19999694824219,99791.99615478516,0.0,,-2268.0038452148438,-2.2222259898244596,,
2020-07-31,,,,,BAYERCROP.NS,Sold,17,5937.0,2020-06-30,5553.2998046875,94406.0966796875,0.0,,-6522.9033203125,-6.462863320069058,,
2020-07-31,,,,,RALLIS.NS,Sold,374,272.29998779296875,2020-06-30,290.70001220703125,108721.80456542969,0.0,,6881.609130859375,6.757262298539707,,
2020-07-31,,,,,SUZLON.NS,Sold,22010,4.636980056762695,2020-06-30,3.948319911956787,86902.52126216888,0.0,,-15157.40978717804,-14.851479548667626,,
2020-07-31,,,,,ALKYLAMINE.NS,Sold,121,842.9000244140625,2020-06-30,899.6799926757812,108861.27911376953,0.0,,6870.376159667969,6.736263686928831,,
2020-07-31,,,,,BORORENEW.NS,Sold,768,132.8000030517578,2020-06-30,77.75,59712.0,0.0,,-42278.40234375,-41.453314598420974,,
2020-07-31,,,,,GMMPFAUDLR.NS,Sold,40,1164.699951171875,2020-04-30,1358.4832763671875,54339.3310546875,0.0,,7751.3330078125,16.6380469923035,,
2020-07-31,9806059.829054356,10051211.517179012,-15664.352902412415,260816.0410270691,IOLCP.NS,Held,809,57.849998474121094,2020-04-30,156.10000610351562,126284.90493774414,79484.25617218018,169.83579986323798,,,4295.963825702667,1959149.993256092
2020-07-31,9806059.829054356,10051211.517179012,-15664.352902412415,260816.0410270691,AARTIDRUGS.NS,Held,206,243.0625,2020-05-31,435.0625,89622.875,39552.0,78.99202879917718,,,4295.963825702667,1959149.993256092
2020-07-31,9806059.829054356,10051211.517179012,-15664.352902412415,260816.0410270691,DHANUKA.NS,Held,144,707.5,2020-06-30,792.0,114048.0,12168.0,11.943462897526501,,,4295.963825702667,1959149.993256092
2020-07-31,9806059.829054356,10051211.517179012,-15664.352902412415,260816.0410270691,MARKSANS.NS,Held,3169,32.20000076293945,2020-06-30,39.650001525878906,125650.85483551025,23609.052417755127,23.13664778391565,,,4295.963825702667,1959149.993256092
2020-07-31,9806059.829054356,10051211.517179012,-15664.352902412415,260816.0410270691,DIXON.NS,Held,88,1151.780029296875,2020-06-30,1526.739990234375,134353.119140625,32996.4765625,32.554823959432696,,,4295.963825702667,1959149.993256092
2020-07-31,9806059.829054356,10051211.517179012,-15664.352902412415,260816.0410270691,NETWORK18.NS,Held,2501,40.79999923706055,2020-06-30,40.650001525878906,101665.65381622314,-375.1442756652832,-0.36764145584931945,,,4295.963825702667,1959149.993256092
2020-07-31,9806059.829054356,10051211.517179012,-15664.352902412415,260816.0410270691,TATACOMM.NS,Held,166,611.75,2020-06-30,759.75,126118.5,24568.0,24.192889252145484,,,4295.963825702667,1959149.993256092
2020-07-31,9806059.829054356,10051211.517179012,-15664.352902412415,260816.0410270691,ASTEC.NS,Held,129,789.5499877929688,2020-06-30,939.0,121131.0,19279.05157470703,18.928505416710763,,,4295.963825702667,1959149.993256092
2020-07-31,9806059.829054356,10051211.517179012,-15664.352902412415,260816.0410270691,LTFOODS.NS,Held,2453,41.599998474121094,2020-06-30,52.29999923706055,128291.89812850952,26247.10187149048,25.72115662358932,,,4295.963825702667,1959149.993256092
2020-07-31,9806059.829054356,10051211.517179012,-15664.352902412415,260816.0410270691,COROMANDEL.NS,Held,135,755.75,2020-06-30,780.0999755859375,105313.49670410156,3287.2467041015625,3.2219617050529274,,,4295.963825702667,1959149.993256092
2020-07-31,9806059.829054356,10051211.517179012,-15664.352902412415,260816.0410270691,MUTHOOTFIN.NS,Held,61,1273.800048828125,2020-07-31,1273.800048828125,77701.80297851562,0.0,0.0,,,4295.963825702667,1959149.993256092
2020-07-31,9806059.829054356,10051211.517179012,-15664.352902412415,260816.0410270691,BHARATRAS.NS,Held,33,2342.574951171875,2020-07-31,2342.574951171875,77304.97338867188,0.0,0.0,,,4295.963825702667,1959149.993256092
2020-07-31,9806059.829054356,10051211.517179012,-15664.352902412415,260816.0410270691,GRANULES.NS,Held,287,273.29998779296875,2020-07-31,273.29998779296875,78437.09649658203,0.0,0.0,,,4295.963825702667,1959149.993256092
2020-07-31,9806059.829054356,10051211.517179012,-15664.352902412415,260816.0410270691,SYNGENE.NS,Held,161,487.54998779296875,2020-07-31,487.54998779296875,78495.54803466797,0.0,0.0,,,4295.963825702667,1959149.993256092
2020-07-31,9806059.829054356,10051211.517179012,-15664.352902412415,260816.0410270691,POLYMED.NS,Held,201,390.20001220703125,2020-07-31,390.20001220703125,78430.20245361328,0.0,0.0,,,4295.963825702667,1959149.993256092
2020-07-31,9806059.829054356,10051211.517179012,-15664.352902412415,260816.0410270691,EVEREADY.NS,Held,600,131.0500030517578,2020-07-31,131.0500030517578,78630.00183105469,0.0,0.0,,,4295.963825702667,1959149.993256092
2020-07-31,9806059.829054356,10051211.517179012,-15664.352902412415,260816.0410270691,BALKRISIND.NS,Held,59,1322.050048828125,2020-07-31,1322.050048828125,78000.95288085938,0.0,0.0,,,4295.963825702667,1959149.993256092
2020-07-31,9806059.829054356,10051211.517179012,-15664.352902412415,260816.0410270691,ESCORTS.NS,Held,69,1134.0,2020-07-31,1134.0,78246.0,0.0,0.0,,,4295.963825702667,1959149.993256092
2020-07-31,9806059.829054356,10051211.517179012,-15664.352902412415,260816.0410270691,LAURUSLABS.NS,Held,421,186.64999389648438,2020-07-31,186.64999389648438,78579.64743041992,0.0,0.0,,,4295.963825702667,1959149.993256092
2020-07-31,9806059.829054356,10051211.517179012,-15664.352902412415,260816.0410270691,CDSL.NS,Held,450,174.5500030517578,2020-07-31,174.5500030517578,78547.50137329102,0.0,0.0,,,4295.963825702667,1959149.993256092
2020-08-31,,,,,DHANUKA.NS,Sold,144,707.5,2020-06-30,781.0999755859375,112478.396484375,0.0,,10598.396484375,10.402823404372793,,
2020-08-31,,,,,MUTHOOTFIN.NS,Sold,61,1273.800048828125,2020-07-31,1146.75,69951.75,0.0,,-7750.052978515625,-9.974096715179822,,
2020-08-31,,,,,BHARATRAS.NS,Sold,33,2342.574951171875,2020-07-31,2298.262451171875,75842.66088867188,0.0,,-1462.3125,-1.8916150357465675,,
2020-08-31,,,,,SYNGENE.NS,Sold,161,487.54998779296875,2020-07-31,474.20001220703125,76346.20196533203,0.0,,-2149.3460693359375,-2.7381757604732786,,
2020-08-31,,,,,COROMANDEL.NS,Sold,135,755.75,2020-06-30,760.0499877929688,102606.74835205078,0.0,,580.4983520507812,0.5689696054209394,,
2020-08-31,,,,,BALKRISIND.NS,Sold,59,1322.050048828125,2020-07-31,1321.9000244140625,77992.10144042969,0.0,,-8.8514404296875,-0.011347861920619628,,
2020-08-31,,,,,ESCORTS.NS,Sold,69,1134.0,2020-07-31,1087.5999755859375,75044.39831542969,0.0,,-3201.6016845703125,-4.091712911292989,,
2020-08-31,,,,,NETWORK18.NS,Sold,2501,40.79999923706055,2020-06-30,38.0,95038.0,0.0,,-7002.798091888428,-6.86274335641942,,
2020-08-31,,,,,AARTIDRUGS.NS,Sold,206,243.0625,2020-05-31,678.0374755859375,139675.71997070312,0.0,,89604.84497070312,178.95601978336333,,
2020-08-31,,,,,POLYMED.NS,Sold,201,390.20001220703125,2020-07-31,400.8500061035156,80570.85122680664,0.0,,2140.6487731933594,2.729367904487335,,
2020-08-31,10051211.517179012,10454927.06868124,81349.42581558228,322366.1256866455,IOLCP.NS,Held,809,57.849998474121094,2020-04-30,151.32000732421875,122417.88592529297,75617.237159729,161.57305326794608,,,3136.7216839790344,2102049.5037312508
2020-08-31,10051211.517179012,10454927.06868124,81349.42581558228,322366.1256866455,MARKSANS.NS,Held,3169,32.20000076293945,2020-06-30,45.599998474121094,144506.39516448975,42464.59274673462,41.614898738152675,,,3136.7216839790344,2102049.5037312508
2020-08-31,10051211.517179012,10454927.06868124,81349.42581558228,322366.1256866455,DIXON.NS,Held,88,1151.780029296875,2020-06-30,1618.989990234375,142471.119140625,41114.4765625,40.564165817557786,,,3136.7216839790344,2102049.5037312508
2020-08-31,10051211.517179012,10454927.06868124,81349.42581558228,322366.1256866455,TATACOMM.NS,Held,166,611.75,2020-06-30,870.6500244140625,144527.90405273438,42977.404052734375,42.321213635318756,,,3136.7216839790344,2102049.5037312508
2020-08-31,10051211.517179012,10454927.06868124,81349.42581558228,322366.1256866455,ASTEC.NS,Held,129,789.5499877929688,2020-06-30,1111.5999755859375,143396.39685058594,41544.44842529297,40.78905614237244,,,3136.7216839790344,2102049.5037312508
2020-08-31,10051211.517179012,10454927.06868124,81349.42581558228,322366.1256866455,LTFOODS.NS,Held,2453,41.599998474121094,2020-06-30,56.04999923706055,137490.64812850952,35445.85187149048,34.73558003115947,,,3136.7216839790344,2102049.5037312508
2020-08-31,10051211.517179012,10454927.06868124,81349.42581558228,322366.1256866455,GRANULES.NS,Held,287,273.29998779296875,2020-07-31,313.75,90046.25,11609.153503417969,14.80059056485326,,,3136.7216839790344,2102049.5037312508
2020-08-31,10051211.517179012,10454927.06868124,81349.42581558228,322366.1256866455,EVEREADY.NS,Held,600,131.0500030517578,2020-07-31,134.0500030517578,80430.00183105469,1800.0,2.2892025411210093,,,3136.7216839790344,2102049.5037312508
2020-08-31,10051211.517179012,10454927.06868124,81349.42581558228,322366.1256866455,LAURUSLABS.NS,Held,421,186.64999389648438,2020-07-31,226.66000366210938,95423.86154174805,16844.214111328125,21.43584841894742,,,3136.7216839790344,2102049.5037312508
2020-08-31,10051211.517179012,10454927.06868124,81349.42581558228,322366.1256866455,CDSL.NS,Held,450,174.5500030517578,2020-07-31,203.3249969482422,91496.24862670898,12948.747253417969,16.485243995069983,,,3136.7216839790344,2102049.5037312508
2020-08-31,10051211.517179012,10454927.06868124,81349.42581558228,322366.1256866455,PERSISTENT.NS,Held,189,479.125,2020-08-31,479.125,90554.625,0.0,0.0,,,3136.7216839790344,2102049.5037312508
2020-08-31,10051211.517179012,10454927.06868124,81349.42581558228,322366.1256866455,VIKASLIFE.NS,Held,5293,17.187652587890625,2020-08-31,17.187652587890625,90974.24514770508,0.0,0.0,,,3136.7216839790344,2102049.5037312508
2020-08-31,10051211.517179012,10454927.06868124,81349.42581558228,322366.1256866455,ADANIGREEN.NS,Held,200,452.75,2020-08-31,452.75,90550.0,0.0,0.0,,,3136.7216839790344,2102049.5037312508
2020-08-31,10051211.517179012,10454927.06868124,81349.42581558228,322366.1256866455,BALAMINES.NS,Held,114,791.5999755859375,2020-08-31,791.5999755859375,90242.39721679688,0.0,0.0,,,3136.7216839790344,2102049.5037312508
2020-08-31,10051211.517179012,10454927.06868124,81349.42581558228,322366.1256866455,NEULANDLAB.NS,Held,101,899.0999755859375,2020-08-31,899.0999755859375,90809.09753417969,0.0,0.0,,,3136.7216839790344,2102049.5037312508
2020-08-31,10051211.517179012,10454927.06868124,81349.42581558228,322366.1256866455,ALKYLAMINE.NS,Held,73,1241.5799560546875,2020-08-31,1241.5799560546875,90635.33679199219,0.0,0.0,,,3136.7216839790344,2102049.5037312508
2020-08-31,10051211.517179012,10454927.06868124,81349.42581558228,322366.1256866455,TANLA.NS,Held,397,228.9499969482422,2020-08-31,228.9499969482422,90893.14878845215,0.0,0.0,,,3136.7216839790344,2102049.5037312508
2020-08-31,10051211.517179012,10454927.06868124,81349.42581558228,322366.1256866455,TATACONSUM.NS,Held,170,532.3499755859375,2020-08-31,532.3499755859375,90499.49584960938,0.0,0.0,,,3136.7216839790344,2102049.5037312508
2020-08-31,10051211.517179012,10454927.06868124,81349.42581558228,322366.1256866455,BSOFT.NS,Held,566,160.5500030517578,2020-08-31,160.5500030517578,90871.30172729492,0.0,0.0,,,3136.7216839790344,2102049.5037312508
2020-08-31,10051211.517179012,10454927.06868124,81349.42581558228,322366.1256866455,AURUM.NS,Held,165,549.5540771484375,2020-08-31,549.5540771484375,90676.42272949219,0.0,0.0,,,3136.7216839790344,2102049.5037312508
2020-09-30,,,,,ASTEC.NS,Sold,129,789.5499877929688,2020-06-30,1084.6500244140625,139919.85314941406,0.0,,38067.904724121094,37.3757255631132,,
2020-09-30,,,,,BALAMINES.NS,Sold,114,791.5999755859375,2020-08-31,807.4000244140625,92043.60278320312,0.0,,1801.20556640625,1.9959637841612994,,
2020-09-30,,,,,TATACONSUM.NS,Sold,170,532.3499755859375,2020-08-31,499.95001220703125,84991.50207519531,0.0,,-5507.9937744140625,-6.086214870817798,,
2020-09-30,,,,,MARKSANS.NS,Sold,3169,32.20000076293945,2020-06-30,50.20000076293945,159083.80241775513,0.0,,57042.0,55.900619793515894,,
2020-09-30,,,,,VIKASLIFE.NS,Sold,5293,17.187652587890625,2020-08-31,6.450571060180664,34142.872621536255,0.0,,-56831.37252616882,-62.469737928463,,
2020-09-30,,,,,LTFOODS.NS,Sold,2453,41.599998474121094,2020-06-30,54.150001525878906,132829.95374298096,0.0,,30785.157485961914,30.168277673291342,,
2020-09-30,,,,,EVEREADY.NS,Sold,600,131.0500030517578,2020-07-31,143.4499969482422,86069.99816894531,0.0,,7439.996337890625,9.462032512572344,,
2020-09-30,,,,,TATACOMM.NS,Sold,166,611.75,2020-06-30,847.4000244140625,140668.40405273438,0.0,,39117.904052734375,38.520641506181036,,
2020-09-30,10454927.06868124,10969049.704387188,111914.80186653137,402207.8338394165,IOLCP.NS,Held,809,57.849998474121094,2020-04-30,145.1999969482422,117466.79753112793,70666.14876556396,150.9939512153949,,,2878.9287781715393,2293806.013750553
2020-09-30,10454927.06868124,10969049.704387188,111914.80186653137,402207.8338394165,DIXON.NS,Held,88,1151.780029296875,2020-06-30,1752.4100341796875,154212.0830078125,52855.4404296875,52.14797874638249,,,2878.9287781715393,2293806.013750553
2020-09-30,10454927.06868124,10969049.704387188,111914.80186653137,402207.8338394165,GRANULES.NS,Held,287,273.29998779296875,2020-07-31,383.79998779296875,110150.59649658203,31713.5,40.43176177662561,,,2878.9287781715393,2293806.013750553
2020-09-30,10454927.06868124,10969049.704387188,111914.80186653137,402207.8338394165,LAURUSLABS.NS,Held,421,186.64999389648438,2020-07-31,287.1499938964844,120890.14743041992,42310.5,53.84409498332856,,,2878.9287781715393,2293806.013750553
2020-09-30,10454927.06868124,10969049.704387188,111914.80186653137,402207.8338394165,CDSL.NS,Held,450,174.5500030517578,2020-07-31,241.27499389648438,108573.74725341797,30026.245880126953,38.2268631785364,,,2878.9287781715393,2293806.013750553
2020-09-30,10454927.06868124,10969049.704387188,111914.80186653137,402207.8338394165,PERSISTENT.NS,Held,189,479.125,2020-08-31,670.625,126748.125,36193.5,39.96869292981998,,,2878.9287781715393,2293806.013750553
2020-09-30,10454927.06868124,10969049.704387188,111914.80186653137,402207.8338394165,ADANIGREEN.NS,Held,200,452.75,2020-08-31,737.5999755859375,147519.9951171875,56969.9951171875,62.9155108969492,,,2878.9287781715393,2293806.013750553
2020-09-30,10454927.06868124,10969049.704387188,111914.80186653137,402207.8338394165,NEULANDLAB.NS,Held,101,899.0999755859375,2020-08-31,1147.699951171875,115917.69506835938,25108.597534179688,27.64987012972907,,,2878.9287781715393,2293806.013750553
2020-09-30,10454927.06868124,10969049.704387188,111914.80186653137,402207.8338394165,ALKYLAMINE.NS,Held,73,1241.5799560546875,2020-08-31,1283.5799560546875,93701.33679199219,3066.0,3.382786569256603,,,2878.9287781715393,2293806.013750553
2020-09-30,10454927.06868124,10969049.704387188,111914.80186653137,402207.8338394165,TANLA.NS,Held,397,228.9499969482422,2020-08-31,291.1499938964844,115586.5475769043,24693.39878845215,27.16750285098431,,,2878.9287781715393,2293806.013750553
2020-09-30,10454927.06868124,10969049.704387188,111914.80186653137,402207.8338394165,BSOFT.NS,Held,566,160.5500030517578,2020-08-31,195.1999969482422,110483.19827270508,19611.896545410156,21.582057451169263,,,2878.9287781715393,2293806.013750553
2020-09-30,10454927.06868124,10969049.704387188,111914.80186653137,402207.8338394165,AURUM.NS,Held,165,549.5540771484375,2020-08-31,604.0547485351562,99669.03350830078,8992.610778808594,9.917253579395759,,,2878.9287781715393,2293806.013750553
2020-09-30,10454927.06868124,10969049.704387188,111914.80186653137,402207.8338394165,CGPOWER.NS,Held,4555,23.950000762939453,2020-09-30,23.950000762939453,109092.25347518921,0.0,0.0,,,2878.9287781715393,2293806.013750553
2020-09-30,10454927.06868124,10969049.704387188,111914.80186653137,402207.8338394165,AARTIDRUGS.NS,Held,141,771.2999877929688,2020-09-30,771.2999877929688,108753.2982788086,0.0,0.0,,,2878.9287781715393,2293806.013750553
2020-09-30,10454927.06868124,10969049.704387188,111914.80186653137,402207.8338394165,RAMCOSYS.NS,Held,257,424.5,2020-09-30,424.5,109096.5,0.0,0.0,,,2878.9287781715393,2293806.013750553
2020-09-30,10454927.06868124,10969049.704387188,111914.80186653137,402207.8338394165,SYNGENE.NS,Held,197,552.9500122070312,2020-09-30,552.9500122070312,108931.15240478516,0.0,0.0,,,2878.9287781715393,2293806.013750553
2020-09-30,10454927.06868124,10969049.704387188,111914.80186653137,402207.8338394165,NUCLEUS.NS,Held,162,670.3499755859375,2020-09-30,670.3499755859375,108596.69604492188,0.0,0.0,,,2878.9287781715393,2293806.013750553
2020-09-30,10454927.06868124,10969049.704387188,111914.80186653137,402207.8338394165,FSL.NS,Held,1499,72.75,2020-09-30,72.75,109052.25,0.0,0.0,,,2878.9287781715393,2293806.013750553
2020-09-30,10454927.06868124,10969049.704387188,111914.80186653137,402207.8338394165,INDIAMART.NS,Held,43,2497.52490234375,2020-09-30,2497.52490234375,107393.57080078125,0.0,0.0,,,2878.9287781715393,2293806.013750553
2020-09-30,10454927.06868124,10969049.704387188,111914.80186653137,402207.8338394165,APLAPOLLO.NS,Held,374,291.69000244140625,2020-09-30,291.69000244140625,109092.06091308594,0.0,0.0,,,2878.9287781715393,2293806.013750553
2020-10-31,,,,,SYNGENE.NS,Sold,197,552.9500122070312,2020-09-30,534.9500122070312,105385.15240478516,0.0,,-3546.0,-3.255267131319021,,
2020-10-31,,,,,NEULANDLAB.NS,Sold,101,899.0999755859375,2020-08-31,1197.199951171875,120917.19506835938,0.0,,30108.097534179688,33.155375784730474,,
2020-10-31,,,,,FSL.NS,Sold,1499,72.75,2020-09-30,70.0,104930.0,0.0,,-4122.25,-3.7800687285223367,,
2020-10-31,,,,,AARTIDRUGS.NS,Sold,141,771.2999877929688,2020-09-30,680.9500122070312,96013.9517211914,0.0,,-12739.346557617188,-11.713986388677231,,
2020-10-31,,,,,NUCLEUS.NS,Sold,162,670.3499755859375,2020-09-30,606.8499755859375,98309.69604492188,0.0,,-10287.0,-9.472663878968014,,
2020-10-31,,,,,ALKYLAMINE.NS,Sold,73,1241.5799560546875,2020-08-31,1187.06005859375,86655.38427734375,0.0,,-3979.9525146484375,-4.391170878288251,,
2020-10-31,,,,,IOLCP.NS,Sold,809,57.849998474121094,2020-04-30,132.75999450683594,107402.83555603027,0.0,,60602.18679046631,129.4900570589046,,
2020-10-31,10969049.704387188,11424502.520104885,56035.73525238037,399417.0804653168,DIXON.NS,Held,88,1151.780029296875,2020-06-30,1859.8599853515625,163667.6787109375,62311.0361328125,61.4770128013895,,,669.7468094825745,2347050.995628834
2020-10-31,10969049.704387188,11424502.520104885,56035.73525238037,399417.0804653168,GRANULES.NS,Held,287,273.29998779296875,2020-07-31,383.75,110136.25,31699.15350341797,40.4134713283265,,,669.7468094825745,2347050.995628834
2020-10-31,10969049.704387188,11424502.520104885,56035.73525238037,399417.0804653168,LAURUSLABS.NS,Held,421,186.64999389648438,2020-07-31,319.3999938964844,134467.39743041992,55887.75,71.12242397051608,,,669.7468094825745,2347050.995628834
2020-10-31,10969049.704387188,11424502.520104885,56035.73525238037,399417.0804653168,CDSL.NS,Held,450,174.5500030517578,2020-07-31,241.5749969482422,108708.74862670898,30161.24725341797,38.39873544809394,,,669.7468094825745,2347050.995628834
2020-10-31,10969049.704387188,11424502.520104885,56035.73525238037,399417.0804653168,PERSISTENT.NS,Held,189,479.125,2020-08-31,579.3250122070312,109492.4273071289,18937.802307128906,20.91312542802635,,,669.7468094825745,2347050.995628834
2020-10-31,10969049.704387188,11424502.520104885,56035.73525238037,399417.0804653168,ADANIGREEN.NS,Held,200,452.75,2020-08-31,856.4000244140625,171280.0048828125,80730.0048828125,89.15516828582275,,,669.7468094825745,2347050.995628834
2020-10-31,10969049.704387188,11424502.520104885,56035.73525238037,399417.0804653168,TANLA.NS,Held,397,228.9499969482422,2020-08-31,325.04998779296875,129044.8451538086,38151.696365356445,41.974226741942914,,,669.7468094825745,2347050.995628834
2020-10-31,10969049.704387188,11424502.520104885,56035.73525238037,399417.0804653168,BSOFT.NS,Held,566,160.5500030517578,2020-08-31,178.75,101172.5,10301.198272705078,11.336030272372469,,,669.7468094825745,2347050.995628834
2020-10-31,10969049.704387188,11424502.520104885,56035.73525238037,399417.0804653168,AURUM.NS,Held,165,549.5540771484375,2020-08-31,669.8338623046875,110522.58728027344,19846.16455078125,21.886796979173678,,,669.7468094825745,2347050.995628834
2020-10-31,10969049.704387188,11424502.520104885,56035.73525238037,399417.0804653168,CGPOWER.NS,Held,4555,23.950000762939453,2020-09-30,31.399999618530273,143026.9982624054,33934.74478721619,31.106466047045174,,,669.7468094825745,2347050.995628834
2020-10-31,10969049.704387188,11424502.520104885,56035.73525238037,399417.0804653168,RAMCOSYS.NS,Held,257,424.5,2020-09-30,471.79998779296875,121252.59686279297,12156.096862792969,11.14251773685954,,,669.7468094825745,2347050.995628834
2020-10-31,10969049.704387188,11424502.520104885,56035.73525238037,399417.0804653168,INDIAMART.NS,Held,43,2497.52490234375,2020-09-30,2423.0,104189.0,-3204.57080078125,-2.983950321128477,,,669.7468094825745,2347050.995628834
2020-10-31,10969049.704387188,11424502.520104885,56035.73525238037,399417.0804653168,APLAPOLLO.NS,Held,374,291.69000244140625,2020-09-30,314.42999267578125,117596.81726074219,8504.75634765625,7.795944339553748,,,669.7468094825745,2347050.995628834
2020-10-31,10969049.704387188,11424502.520104885,56035.73525238037,399417.0804653168,MARKSANS.NS,Held,2027,50.900001525878906,2020-10-31,50.900001525878906,103174.30309295654,0.0,0.0,,,669.7468094825745,2347050.995628834
2020-10-31,10969049.704387188,11424502.520104885,56035.73525238037,399417.0804653168,ESTER.NS,Held,848,121.5999984741211,2020-10-31,121.5999984741211,103116.79870605469,0.0,0.0,,,669.7468094825745,2347050.995628834
2020-10-31,10969049.704387188,11424502.520104885,56035.73525238037,399417.0804653168,ADANIENT.NS,Held,303,339.70001220703125,2020-10-31,339.70001220703125,102929.10369873047,0.0,0.0,,,669.7468094825745,2347050.995628834
2020-10-31,10969049.704387188,11424502.520104885,56035.73525238037,399417.0804653168,JSWSTEEL.NS,Held,334,309.0,2020-10-31,309.0,103206.0,0.0,0.0,,,669.7468094825745,2347050.995628834
2020-10-31,10969049.704387188,11424502.520104885,56035.73525238037,399417.0804653168,THYROCARE.NS,Held,269,382.8999938964844,2020-10-31,382.8999938964844,103000.0983581543,0.0,0.0,,,669.7468094825745,2347050.995628834
2020-10-31,10969049.704387188,11424502.520104885,56035.73525238037,399417.0804653168,ICIL.NS,Held,721,143.14999389648438,2020-10-31,143.14999389648438,103211.14559936523,0.0,0.0,,,669.7468094825745,2347050.995628834
2020-10-31,10969049.704387188,11424502.520104885,56035.73525238037,399417.0804653168,KOPRAN.NS,Held,791,130.4499969482422,2020-10-31,130.4499969482422,103185.94758605957,0.0,0.0,,,669.7468094825745,2347050.995628834
2020-11-30,,,,,PERSISTENT.NS,Sold,189,479.125,2020-08-31,596.6749877929688,112771.5726928711,0.0,,22216.947692871094,24.534304783296374,,
2020-11-30,,,,,JSWSTEEL.NS,Sold,334,309.0,2020-10-31,350.20001220703125,116966.80407714844,0.0,,13760.804077148438,13.333337283828882,,
2020-11-30,,,,,CDSL.NS,Sold,450,174.5500030517578,2020-07-31,244.85000610351562,110182.50274658203,0.0,,31635.001373291016,40.27499388293471,,
2020-11-30,,,,,BSOFT.NS,Sold,566,160.5500030517578,2020-08-31,197.60000610351562,111841.60345458984,0.0,,20970.301727294922,23.07692453908811,,
2020-11-30,,,,,RAMCOSYS.NS,Sold,257,424.5,2020-09-30,445.70001220703125,114544.90313720703,0.0,,5448.403137207031,4.99411359411808,,
2020-11-30,,,,,ESTER.NS,Sold,848,121.5999984741211,2020-10-31,127.19999694824219,107865.59741210938,0.0,,4748.7987060546875,4.605261960848532,,
2020-11-30,,,,,INDIAMART.NS,Sold,43,2497.52490234375,2020-09-30,2546.199951171875,109486.59790039062,0.0,,2093.027099609375,1.9489314714118335,,
2020-11-30,,,,,THYROCARE.NS,Sold,269,382.8999938964844,2020-10-31,366.0833435058594,98476.41940307617,0.0,,-4523.678955078125,-4.391917121620879,,
2020-11-30,,,,,ICIL.NS,Sold,721,143.14999389648438,2020-10-31,155.5,112115.5,0.0,,8904.354400634766,8.62731863785216,,
2020-11-30,,,,,KOPRAN.NS,Sold,791,130.4499969482422,2020-10-31,122.6500015258789,97016.15120697021,0.0,,-6169.7963790893555,-5.979299045486399,,
2020-11-30,11424502.520104885,12168791.398793697,99084.16287994385,645204.7158088684,DIXON.NS,Held,88,1151.780029296875,2020-06-30,2375.969970703125,209085.357421875,107728.71484375,106.28678308943931,,,8036.49533700943,2691922.7938523293
2020-11-30,11424502.520104885,12168791.398793697,99084.16287994385,645204.7158088684,GRANULES.NS,Held,287,273.29998779296875,2020-07-31,412.54998779296875,118401.84649658203,39964.75,50.95133780448069,,,8036.49533700943,2691922.7938523293
2020-11-30,11424502.520104885,12168791.398793697,99084.16287994385,645204.7158088684,LAURUSLABS.NS,Held,421,186.64999389648438,2020-07-31,316.8500061035156,133393.85256958008,54814.205139160156,69.75623705578037,,,8036.49533700943,2691922.7938523293
2020-11-30,11424502.520104885,12168791.398793697,99084.16287994385,645204.7158088684,ADANIGREEN.NS,Held,200,452.75,2020-08-31,1136.4000244140625,227280.0048828125,136730.0048828125,150.9994532112783,,,8036.49533700943,2691922.7938523293
2020-11-30,11424502.520104885,12168791.398793697,99084.16287994385,645204.7158088684,TANLA.NS,Held,397,228.9499969482422,2020-08-31,612.6500244140625,243222.0596923828,152328.91090393066,167.591191343218,,,8036.49533700943,2691922.7938523293
2020-11-30,11424502.520104885,12168791.398793697,99084.16287994385,645204.7158088684,AURUM.NS,Held,165,549.5540771484375,2020-08-31,693.0821533203125,114358.55529785156,23682.132568359375,26.117188851845658,,,8036.49533700943,2691922.7938523293
2020-11-30,11424502.520104885,12168791.398793697,99084.16287994385,645204.7158088684,CGPOWER.NS,Held,4555,23.950000762939453,2020-09-30,41.20000076293945,187666.0034751892,78573.75,72.02504989767215,,,8036.49533700943,2691922.7938523293
2020-11-30,11424502.520104885,12168791.398793697,99084.16287994385,645204.7158088684,APLAPOLLO.NS,Held,374,291.69000244140625,2020-09-30,337.8900146484375,126370.86547851562,17278.804565429688,15.838736953732846,,,8036.49533700943,2691922.7938523293
2020-11-30,11424502.520104885,12168791.398793697,99084.16287994385,645204.7158088684,MARKSANS.NS,Held,2027,50.900001525878906,2020-10-31,58.95000076293945,119491.65154647827,16317.348453521729,15.815322192019412,,,8036.49533700943,2691922.7938523293
2020-11-30,11424502.520104885,12168791.398793697,99084.16287994385,645204.7158088684,ADANIENT.NS,Held,303,339.70001220703125,2020-10-31,398.3999938964844,120715.19815063477,17786.094451904297,17.279946888455875,,,8036.49533700943,2691922.7938523293
2020-11-30,11424502.520104885,12168791.398793697,99084.16287994385,645204.7158088684,NAVINFLUOR.NS,Held,40,2687.10009765625,2020-11-30,2687.10009765625,107484.00390625,0.0,0.0,,,8036.49533700943,2691922.7938523293
2020-11-30,11424502.520104885,12168791.398793697,99084.16287994385,645204.7158088684,BLUEDART.NS,Held,27,3995.35009765625,2020-11-30,3995.35009765625,107874.45263671875,0.0,0.0,,,8036.49533700943,2691922.7938523293
2020-11-30,11424502.520104885,12168791.398793697,99084.16287994385,645204.7158088684,DALBHARAT.NS,Held,99,1101.699951171875,2020-11-30,1101.699951171875,109068.29516601562,0.0,0.0,,,8036.49533700943,2691922.7938523293
2020-11-30,11424502.520104885,12168791.398793697,99084.16287994385,645204.7158088684,ALKYLAMINE.NS,Held,67,1606.0,2020-11-30,1606.0,107602.0,0.0,0.0,,,8036.49533700943,2691922.7938523293
2020-11-30,11424502.520104885,12168791.398793697,99084.16287994385,645204.7158088684,FSL.NS,Held,1380,79.0999984741211,2020-11-30,79.0999984741211,109157.99789428711,0.0,0.0,,,8036.49533700943,2691922.7938523293
2020-11-30,11424502.520104885,12168791.398793697,99084.16287994385,645204.7158088684,TATACOMM.NS,Held,102,1061.550048828125,2020-11-30,1061.550048828125,108278.10498046875,0.0,0.0,,,8036.49533700943,2691922.7938523293
2020-11-30,11424502.520104885,12168791.398793697,99084.16287994385,645204.7158088684,CHOLAFIN.NS,Held,280,388.70001220703125,2020-11-30,388.70001220703125,108836.00341796875,0.0,0.0,,,8036.49533700943,2691922.7938523293
2020-11-30,11424502.520104885,12168791.398793697,99084.16287994385,645204.7158088684,BEPL.NS,Held,1364,80.0,2020-11-30,80.0,109120.0,0.0,0.0,,,8036.49533700943,2691922.7938523293
2020-11-30,11424502.520104885,12168791.398793697,99084.16287994385,645204.7158088684,JKCEMENT.NS,Held,53,2029.949951171875,2020-11-30,2029.949951171875,107587.34741210938,0.0,0.0,,,8036.49533700943,2691922.7938523293
2020-11-30,11424502.520104885,12168791.398793697,99084.16287994385,645204.7158088684,ATGL.NS,Held,313,347.8999938964844,2020-11-30,347.8999938964844,108892.69808959961,0.0,0.0,,,8036.49533700943,2691922.7938523293
2020-12-31,,,,,MARKSANS.NS,Sold,2027,50.900001525878906,2020-10-31,60.650001525878906,122937.55309295654,0.0,,19763.25,19.155205712602665,,
2020-12-31,,,,,GRANULES.NS,Sold,287,273.29998779296875,2020-07-31,352.1499938964844,101067.04824829102,0.0,,22629.951751708984,28.85108292183547,,
2020-12-31,,,,,NAVINFLUOR.NS,Sold,40,2687.10009765625,2020-11-30,2612.199951171875,104487.998046875,0.0,,-2996.005859375,-2.787396961866237,,
2020-12-31,,,,,CHOLAFIN.NS,Sold,280,388.70001220703125,2020-11-30,387.6499938964844,108541.99829101562,0.0,,-294.005126953125,-0.2701359088169025,,
2020-12-31,,,,,DALBHARAT.NS,Sold,99,1101.699951171875,2020-11-30,1079.75,106895.25,0.0,,-2173.045166015625,-1.9923710760381625,,
2020-12-31,,,,,ALKYLAMINE.NS,Sold,67,1606.0,2020-11-30,1531.97998046875,102642.65869140625,0.0,,-4959.34130859375,-4.608967592232254,,
2020-12-31,,,,,FSL.NS,Sold,1380,79.0999984741211,2020-11-30,101.5,140070.0,0.0,,30912.00210571289,28.318586546126735,,
2020-12-31,,,,,TATACOMM.NS,Sold,102,1061.550048828125,2020-11-30,1100.699951171875,112271.39501953125,0.0,,3993.2900390625,3.6879940222289735,,
2020-12-31,,,,,JKCEMENT.NS,Sold,53,2029.949951171875,2020-11-30,1916.800048828125,101590.40258789062,0.0,,-5996.94482421875,-5.574024240273974,,
2020-12-31,,,,,TANLA.NS,Sold,397,228.9499969482422,2020-08-31,673.9000244140625,267538.3096923828,0.0,,176645.16090393066,194.34375776227174,,
2020-12-31,,,,,BLUEDART.NS,Sold,27,3995.35009765625,2020-11-30,4097.25,110625.75,0.0,,2751.29736328125,2.5504624088769208,,
2020-12-31,,,,,AURUM.NS,Sold,165,549.5540771484375,2020-08-31,11.242118835449219,1854.949607849121,0.0,,-88821.47312164307,-97.95431981984683,,
2020-12-31,12168791.398793697,12871611.075845242,151454.13675689697,551365.5402946472,DIXON.NS,Held,88,1151.780029296875,2020-06-30,2689.7099609375,236694.4765625,135337.833984375,133.5263585512489,,,4554.934702396393,2749537.755095005
2020-12-31,12168791.398793697,12871611.075845242,151454.13675689697,551365.5402946472,LAURUSLABS.NS,Held,421,186.64999389648438,2020-07-31,353.1499938964844,148676.14743041992,70096.5,89.20439616640999,,,4554.934702396393,2749537.755095005
2020-12-31,12168791.398793697,12871611.075845242,151454.13675689697,551365.5402946472,ADANIGREEN.NS,Held,200,452.75,2020-08-31,1052.5999755859375,210519.9951171875,119969.9951171875,132.49033143808668,,,4554.934702396393,2749537.755095005
2020-12-31,12168791.398793697,12871611.075845242,151454.13675689697,551365.5402946472,CGPOWER.NS,Held,4555,23.950000762939453,2020-09-30,44.849998474121094,204291.74304962158,95199.48957443237,87.26512336284587,,,4554.934702396393,2749537.755095005
2020-12-31,12168791.398793697,12871611.075845242,151454.13675689697,551365.5402946472,APLAPOLLO.NS,Held,374,291.69000244140625,2020-09-30,441.5,165121.0,56028.93908691406,51.359318558985265,,,4554.934702396393,2749537.755095005
2020-12-31,12168791.398793697,12871611.075845242,151454.13675689697,551365.5402946472,ADANIENT.NS,Held,303,339.70001220703125,2020-10-31,479.54998779296875,145303.64630126953,42374.54260253906,41.168669579177255,,,4554.934702396393,2749537.755095005
2020-12-31,12168791.398793697,12871611.075845242,151454.13675689697,551365.5402946472,BEPL.NS,Held,1364,80.0,2020-11-30,97.36666870117188,132808.13610839844,23688.136108398438,21.708335876464844,,,4554.934702396393,2749537.755095005
2020-12-31,12168791.398793697,12871611.075845242,151454.13675689697,551365.5402946472,ATGL.NS,Held,313,347.8999938964844,2020-11-30,375.6000061035156,117562.80191040039,8670.103820800781,7.962061711123004,,,4554.934702396393,2749537.755095005
2020-12-31,12168791.398793697,12871611.075845242,151454.13675689697,551365.5402946472,IFBIND.NS,Held,99,1168.5,2020-12-31,1168.5,115681.5,0.0,0.0,,,4554.934702396393,2749537.755095005
2020-12-31,12168791.398793697,12871611.075845242,151454.13675689697,551365.5402946472,BORORENEW.NS,Held,385,300.45001220703125,2020-12-31,300.45001220703125,115673.25469970703,0.0,0.0,,,4554.934702396393,2749537.755095005
2020-12-31,12168791.398793697,12871611.075845242,151454.13675689697,551365.5402946472,RAMCOSYS.NS,Held,192,599.75,2020-12-31,599.75,115152.0,0.0,0.0,,,4554.934702396393,2749537.755095005
2020-12-31,12168791.398793697,12871611.075845242,151454.13675689697,551365.5402946472,SAIL.NS,Held,1561,74.0999984741211,2020-12-31,74.0999984741211,115670.09761810303,0.0,0.0,,,4554.934702396393,2749537.755095005
2020-12-31,12168791.398793697,12871611.075845242,151454.13675689697,551365.5402946472,INTELLECT.NS,Held,367,315.04998779296875,2020-12-31,315.04998779296875,115623.34552001953,0.0,0.0,,,4554.934702396393,2749537.755095005
2020-12-31,12168791.398793697,12871611.075845242,151454.13675689697,551365.5402946472,ASIANPAINT.NS,Held,41,2764.5,2020-12-31,2764.5,113344.5,0.0,0.0,,,4554.934702396393,2749537.755095005
2020-12-31,12168791.398793697,12871611.075845242,151454.13675689697,551365.5402946472,SUBEXLTD.NS,Held,4067,28.450000762939453,2020-12-31,28.450000762939453,115706.15310287476,0.0,0.0,,,4554.934702396393,2749537.755095005
2020-12-31,12168791.398793697,12871611.075845242,151454.13675689697,551365.5402946472,BERGEPAINT.NS,Held,182,632.875,2020-12-31,632.875,115183.25,0.0,0.0,,,4554.934702396393,2749537.755095005
2020-12-31,12168791.398793697,12871611.075845242,151454.13675689697,551365.5402946472,JSWSTEEL.NS,Held,298,387.20001220703125,2020-12-31,387.20001220703125,115385.60363769531,0.0,0.0,,,4554.934702396393,2749537.755095005
2020-12-31,12168791.398793697,12871611.075845242,151454.13675689697,551365.5402946472,TATASTEEL.NS,Held,1797,64.36499786376953,2020-12-31,64.36499786376953,115663.90116119385,0.0,0.0,,,4554.934702396393,2749537.755095005
2020-12-31,12168791.398793697,12871611.075845242,151454.13675689697,551365.5402946472,SURYAROSNI.NS,Held,1277,90.57499694824219,2020-12-31,90.57499694824219,115664.27110290527,0.0,0.0,,,4554.934702396393,2749537.755095005
2020-12-31,12168791.398793697,12871611.075845242,151454.13675689697,551365.5402946472,DIVISLAB.NS,Held,30,3841.89990234375,2020-12-31,3841.89990234375,115256.9970703125,0.0,0.0,,,4554.934702396393,2749537.755095005
2021-01-31,,,,,ASIANPAINT.NS,Sold,41,2764.5,2020-12-31,2407.35009765625,98701.35400390625,0.0,,-14643.14599609375,-12.919150021477662,,
2021-01-31,,,,,BERGEPAINT.NS,Sold,182,632.875,2020-12-31,589.0416870117188,107205.58703613281,0.0,,-7977.6629638671875,-6.926061700696227,,
2021-01-31,,,,,JSWSTEEL.NS,Sold,298,387.20001220703125,2020-12-31,366.8500061035156,109321.30181884766,0.0,,-6064.301818847656,-5.255683228810106,,
2021-01-31,,,,,TATASTEEL.NS,Sold,1797,64.36499786376953,2020-12-31,60.099998474121094,107999.6972579956,0.0,,-7664.203903198242,-6.626271313914184,,
2021-01-31,,,,,LAURUSLABS.NS,Sold,421,186.64999389648438,2020-07-31,345.3500061035156,145392.35256958008,0.0,,66812.70513916016,85.0254580212019,,
2021-01-31,,,,,DIVISLAB.NS,Sold,30,3841.89990234375,2020-12-31,3369.85009765625,101095.5029296875,0.0,,-14161.494140625,-12.286884528134795,,
2021-01-31,,,,,SAIL.NS,Sold,1561,74.0999984741211,2020-12-31,57.650001525878906,89991.65238189697,0.0,,-25678.445236206055,-22.199726433175616,,
2021-01-31,,,,,SURYAROSNI.NS,Sold,1277,90.57499694824219,2020-12-31,87.05000305175781,111162.85389709473,0.0,,-4501.417205810547,-3.8917957662186655,,
2021-01-31,12871611.075845242,13347551.050588131,-13877.966125488281,489817.9408683777,DIXON.NS,Held,88,1151.780029296875,2020-06-30,2825.5,248644.0,147287.357421875,145.31593951363072,,,2555.9317421913147,2674112.189543247
2021-01-31,12871611.075845242,13347551.050588131,-13877.966125488281,489817.9408683777,ADANIGREEN.NS,Held,200,452.75,2020-08-31,1004.9000244140625,200980.0048828125,110430.0048828125,121.95472654093042,,,2555.9317421913147,2674112.189543247
2021-01-31,12871611.075845242,13347551.050588131,-13877.966125488281,489817.9408683777,CGPOWER.NS,Held,4555,23.950000762939453,2020-09-30,39.75,181061.25,71968.99652481079,65.97076715550537,,,2555.9317421913147,2674112.189543247
2021-01-31,12871611.075845242,13347551.050588131,-13877.966125488281,489817.9408683777,APLAPOLLO.NS,Held,374,291.69000244140625,2020-09-30,453.32501220703125,169543.5545654297,60451.49365234375,55.41328410736111,,,2555.9317421913147,2674112.189543247
2021-01-31,12871611.075845242,13347551.050588131,-13877.966125488281,489817.9408683777,ADANIENT.NS,Held,303,339.70001220703125,2020-10-31,506.6499938964844,153514.94815063477,50585.8444519043,49.14629840746221,,,2555.9317421913147,2674112.189543247
2021-01-31,12871611.075845242,13347551.050588131,-13877.966125488281,489817.9408683777,BEPL.NS,Held,1364,80.0,2020-11-30,95.4000015258789,130125.60208129883,21005.602081298828,19.250001907348633,,,2555.9317421913147,2674112.189543247
2021-01-31,12871611.075845242,13347551.050588131,-13877.966125488281,489817.9408683777,ATGL.NS,Held,313,347.8999938964844,2020-11-30,381.04998779296875,119268.64617919922,10375.94808959961,9.528598585244001,,,2555.9317421913147,2674112.189543247
2021-01-31,12871611.075845242,13347551.050588131,-13877.966125488281,489817.9408683777,IFBIND.NS,Held,99,1168.5,2020-12-31,1375.6500244140625,136189.3524169922,20507.852416992188,17.727858315281345,,,2555.9317421913147,2674112.189543247
2021-01-31,12871611.075845242,13347551.050588131,-13877.966125488281,489817.9408683777,BORORENEW.NS,Held,385,300.45001220703125,2020-12-31,274.45001220703125,105663.25469970703,-10010.0,-8.653685785868488,,,2555.9317421913147,2674112.189543247
2021-01-31,12871611.075845242,13347551.050588131,-13877.966125488281,489817.9408683777,RAMCOSYS.NS,Held,192,599.75,2020-12-31,651.0999755859375,125011.1953125,9859.1953125,8.561896721290122,,,2555.9317421913147,2674112.189543247
2021-01-31,12871611.075845242,13347551.050588131,-13877.966125488281,489817.9408683777,INTELLECT.NS,Held,367,315.04998779296875,2020-12-31,328.8999938964844,120706.29776000977,5082.952239990234,4.396129706444231,,,2555.9317421913147,2674112.189543247
2021-01-31,12871611.075845242,13347551.050588131,-13877.966125488281,489817.9408683777,SUBEXLTD.NS,Held,4067,28.450000762939453,2020-12-31,26.549999237060547,107978.84689712524,-7727.306205749512,-6.678388312572397,,,2555.9317421913147,2674112.189543247
2021-01-31,12871611.075845242,13347551.050588131,-13877.966125488281,489817.9408683777,CENTURYPLY.NS,Held,414,264.1499938964844,2021-01-31,264.1499938964844,109358.09747314453,0.0,0.0,,,2555.9317421913147,2674112.189543247
2021-01-31,12871611.075845242,13347551.050588131,-13877.966125488281,489817.9408683777,GRASIM.NS,Held,104,1051.4691162109375,2021-01-31,1051.4691162109375,109352.7880859375,0.0,0.0,,,2555.9317421913147,2674112.189543247
2021-01-31,12871611.075845242,13347551.050588131,-13877.966125488281,489817.9408683777,ADANIPORTS.NS,Held,214,509.70001220703125,2021-01-31,509.70001220703125,109075.80261230469,0.0,0.0,,,2555.9317421913147,2674112.189543247
2021-01-31,12871611.075845242,13347551.050588131,-13877.966125488281,489817.9408683777,HAVELLS.NS,Held,104,1044.75,2021-01-31,1044.75,108654.0,0.0,0.0,,,2555.9317421913147,2674112.189543247
2021-01-31,12871611.075845242,13347551.050588131,-13877.966125488281,489817.9408683777,EMAMILTD.NS,Held,226,483.04998779296875,2021-01-31,483.04998779296875,109169.29724121094,0.0,0.0,,,2555.9317421913147,2674112.189543247
2021-01-31,12871611.075845242,13347551.050588131,-13877.966125488281,489817.9408683777,KAJARIACER.NS,Held,132,824.7000122070312,2021-01-31,824.7000122070312,108860.40161132812,0.0,0.0,,,2555.9317421913147,2674112.189543247
2021-01-31,12871611.075845242,13347551.050588131,-13877.966125488281,489817.9408683777,ALKYLAMINE.NS,Held,57,1913.3599853515625,2021-01-31,1913.3599853515625,109061.51916503906,0.0,0.0,,,2555.9317421913147,2674112.189543247
2021-01-31,12871611.075845242,13347551.050588131,-13877.966125488281,489817.9408683777,BSOFT.NS,Held,437,250.1999969482422,2021-01-31,250.1999969482422,109337.39866638184,0.0,0.0,,,2555.9317421913147,2674112.189543247
2021-02-28,,,,,GRASIM.NS,Sold,104,1051.4691162109375,2021-01-31,1196.0443115234375,124388.6083984375,0.0,,15035.8203125,13.749828034273568,,
2021-02-28,,,,,HAVELLS.NS,Sold,104,1044.75,2021-01-31,1105.550048828125,114977.205078125,0.0,,6323.205078125,5.81957873444604,,
2021-02-28,,,,,EMAMILTD.NS,Sold,226,483.04998779296875,2021-01-31,455.20001220703125,102875.20275878906,0.0,,-6294.094482421875,-5.765443802862443,,
2021-02-28,,,,,SUBEXLTD.NS,Sold,4067,28.450000762939453,2020-12-31,27.649999618530273,112452.54844856262,0.0,,-3253.604654312134,-2.811954737981257,,
2021-02-28,,,,,ALKYLAMINE.NS,Sold,57,1913.3599853515625,2021-01-31,2020.56005859375,115171.92333984375,0.0,,6110.4041748046875,5.602713240733445,,
2021-02-28,,,,,BEPL.NS,Sold,1364,80.0,2020-11-30,96.26666259765625,131307.72778320312,0.0,,22187.727783203125,20.333328247070312,,
2021-02-28,,,,,BSOFT.NS,Sold,437,250.1999969482422,2021-01-31,226.89999389648438,99155.29733276367,0.0,,-10182.101333618164,-9.312551293347052,,
2021-02-28,,,,,IFBIND.NS,Sold,99,1168.5,2020-12-31,1220.300048828125,120809.70483398438,0.0,,5128.204833984375,4.433037982723577,,
2021-02-28,,,,,RAMCOSYS.NS,Sold,192,599.75,2020-12-31,584.9500122070312,112310.40234375,0.0,,-2841.59765625,-2.467692837510421,,
2021-02-28,13347551.050588131,14315651.549067974,32213.964056015015,935886.5344238281,DIXON.NS,Held,88,1151.780029296875,2020-06-30,3969.780029296875,349340.642578125,247984.0,244.66477350890509,,,4567.798458576202,3152394.7471547127
2021-02-28,13347551.050588131,14315651.549067974,32213.964056015015,935886.5344238281,ADANIGREEN.NS,Held,200,452.75,2020-08-31,1159.8499755859375,231969.9951171875,141419.9951171875,156.1789012889978,,,4567.798458576202,3152394.7471547127
2021-02-28,13347551.050588131,14315651.549067974,32213.964056015015,935886.5344238281,CGPOWER.NS,Held,4555,23.950000762939453,2020-09-30,56.45000076293945,257129.7534751892,148037.5,135.69936937242576,,,4567.798458576202,3152394.7471547127
2021-02-28,13347551.050588131,14315651.549067974,32213.964056015015,935886.5344238281,APLAPOLLO.NS,Held,374,291.69000244140625,2020-09-30,536.3499755859375,200594.89086914062,91502.82995605469,83.87670852506429,,,4567.798458576202,3152394.7471547127
2021-02-28,13347551.050588131,14315651.549067974,32213.964056015015,935886.5344238281,ADANIENT.NS,Held,303,339.70001220703125,2020-10-31,833.6500244140625,252595.95739746094,149666.85369873047,145.4077110559513,,,4567.798458576202,3152394.7471547127
2021-02-28,13347551.050588131,14315651.549067974,32213.964056015015,935886.5344238281,ATGL.NS,Held,313,347.8999938964844,2020-11-30,512.2000122070312,160318.60382080078,51425.90573120117,47.22622052112867,,,4567.798458576202,3152394.7471547127
2021-02-28,13347551.050588131,14315651.549067974,32213.964056015015,935886.5344238281,BORORENEW.NS,Held,385,300.45001220703125,2020-12-31,282.3999938964844,108723.99765014648,-6949.257049560547,-6.00766103417867,,,4567.798458576202,3152394.7471547127
2021-02-28,13347551.050588131,14315651.549067974,32213.964056015015,935886.5344238281,INTELLECT.NS,Held,367,315.04998779296875,2020-12-31,434.04998779296875,159296.34552001953,43673.0,37.77178372030263,,,4567.798458576202,3152394.7471547127
2021-02-28,13347551.050588131,14315651.549067974,32213.964056015015,935886.5344238281,CENTURYPLY.NS,Held,414,264.1499938964844,2021-01-31,306.20001220703125,126766.80505371094,17408.707580566406,15.9189927246508,,,4567.798458576202,3152394.7471547127
2021-02-28,13347551.050588131,14315651.549067974,32213.964056015015,935886.5344238281,ADANIPORTS.NS,Held,214,509.70001220703125,2021-01-31,675.9000244140625,144642.60522460938,35566.80261230469,32.60741774114844,,,4567.798458576202,3152394.7471547127
2021-02-28,13347551.050588131,14315651.549067974,32213.964056015015,935886.5344238281,KAJARIACER.NS,Held,132,824.7000122070312,2021-01-31,947.0499877929688,125010.59838867188,16150.19677734375,14.83569464956222,,,4567.798458576202,3152394.7471547127
2021-02-28,13347551.050588131,14315651.549067974,32213.964056015015,935886.5344238281,POONAWALLA.NS,Held,976,117.9000015258789,2021-02-28,117.9000015258789,115070.40148925781,0.0,0.0,,,4567.798458576202,3152394.7471547127
2021-02-28,13347551.050588131,14315651.549067974,32213.964056015015,935886.5344238281,DBL.NS,Held,169,679.4500122070312,2021-02-28,679.4500122070312,114827.05206298828,0.0,0.0,,,4567.798458576202,3152394.7471547127
2021-02-28,13347551.050588131,14315651.549067974,32213.964056015015,935886.5344238281,LINDEINDIA.NS,Held,73,1560.199951171875,2021-02-28,1560.199951171875,113894.59643554688,0.0,0.0,,,4567.798458576202,3152394.7471547127
2021-02-28,13347551.050588131,14315651.549067974,32213.964056015015,935886.5344238281,ADANIENSOL.NS,Held,153,750.0,2021-02-28,750.0,114750.0,0.0,0.0,,,4567.798458576202,3152394.7471547127
2021-02-28,13347551.050588131,14315651.549067974,32213.964056015015,935886.5344238281,NEULANDLAB.NS,Held,56,2026.0,2021-02-28,2026.0,113456.0,0.0,0.0,,,4567.798458576202,3152394.7471547127
2021-02-28,13347551.050588131,14315651.549067974,32213.964056015015,935886.5344238281,HINDCOPPER.NS,Held,768,149.85000610351562,2021-02-28,149.85000610351562,115084.8046875,0.0,0.0,,,4567.798458576202,3152394.7471547127
2021-02-28,13347551.050588131,14315651.549067974,32213.964056015015,935886.5344238281,DEEPAKNTR.NS,Held,84,1368.6500244140625,2021-02-28,1368.6500244140625,114966.60205078125,0.0,0.0,,,4567.798458576202,3152394.7471547127
2021-02-28,13347551.050588131,14315651.549067974,32213.964056015015,935886.5344238281,TANLA.NS,Held,128,896.5999755859375,2021-02-28,896.5999755859375,114764.796875,0.0,0.0,,,4567.798458576202,3152394.7471547127
2021-02-28,13347551.050588131,14315651.549067974,32213.964056015015,935886.5344238281,TATACHEM.NS,Held,155,739.5,2021-02-28,739.5,114622.5,0.0,0.0,,,4567.798458576202,3152394.7471547127
2021-03-31,,,,,DBL.NS,Sold,169,679.4500122070312,2021-02-28,580.0,98020.0,0.0,,-16807.05206298828,-14.636840153110251,,
2021-03-31,,,,,BORORENEW.NS,Sold,385,300.45001220703125,2020-12-31,246.1999969482422,94786.99882507324,0.0,,-20886.25587463379,-18.056253304928134,,
2021-03-31,,,,,ADANIGREEN.NS,Sold,200,452.75,2020-08-31,1104.8499755859375,220969.9951171875,0.0,,130419.9951171875,144.03091675006903,,
2021-03-31,,,,,CENTURYPLY.NS,Sold,414,264.1499938964844,2021-01-31,318.25,131755.5,0.0,,22397.40252685547,20.4807902152428,,
2021-03-31,,,,,NEULANDLAB.NS,Sold,56,2026.0,2021-02-28,2089.199951171875,116995.197265625,0.0,,3539.197265625,3.1194447764992597,,
2021-03-31,,,,,HINDCOPPER.NS,Sold,768,149.85000610351562,2021-02-28,119.5999984741211,91852.798828125,0.0,,-23232.005859375,-20.186857789313656,,
2021-03-31,14315651.549067974,15643105.481696606,95431.2811126709,1232022.6515159607,DIXON.NS,Held,88,1151.780029296875,2020-06-30,3672.14990234375,323149.19140625,221792.548828125,218.8238907550325,,,3315.9750332832336,3543962.145359516
2021-03-31,14315651.549067974,15643105.481696606,95431.2811126709,1232022.6515159607,CGPOWER.NS,Held,4555,23.950000762939453,2020-09-30,66.9000015258789,304729.5069503784,195637.2534751892,179.33193901772583,,,3315.9750332832336,3543962.145359516
2021-03-31,14315651.549067974,15643105.481696606,95431.2811126709,1232022.6515159607,APLAPOLLO.NS,Held,374,291.69000244140625,2020-09-30,700.4249877929688,261958.9454345703,152866.88452148438,140.12649797062136,,,3315.9750332832336,3543962.145359516
2021-03-31,14315651.549067974,15643105.481696606,95431.2811126709,1232022.6515159607,ADANIENT.NS,Held,303,339.70001220703125,2020-10-31,1031.1500244140625,312438.45739746094,209509.35369873047,203.54724385044324,,,3315.9750332832336,3543962.145359516
2021-03-31,14315651.549067974,15643105.481696606,95431.2811126709,1232022.6515159607,ATGL.NS,Held,313,347.8999938964844,2020-11-30,961.25,300871.25,191978.5519104004,176.30066595689976,,,3315.9750332832336,3543962.145359516
2021-03-31,14315651.549067974,15643105.481696606,95431.2811126709,1232022.6515159607,INTELLECT.NS,Held,367,315.04998779296875,2020-12-31,740.0,271580.0,155956.65447998047,134.8833609497811,,,3315.9750332832336,3543962.145359516
2021-03-31,14315651.549067974,15643105.481696606,95431.2811126709,1232022.6515159607,ADANIPORTS.NS,Held,214,509.70001220703125,2021-01-31,702.4000244140625,150313.60522460938,41237.80261230469,37.80655436373815,,,3315.9750332832336,3543962.145359516
2021-03-31,14315651.549067974,15643105.481696606,95431.2811126709,1232022.6515159607,KAJARIACER.NS,Held,132,824.7000122070312,2021-01-31,926.9000244140625,122350.80322265625,13490.401611328125,12.392386406485846,,,3315.9750332832336,3543962.145359516
2021-03-31,14315651.549067974,15643105.481696606,95431.2811126709,1232022.6515159607,POONAWALLA.NS,Held,976,117.9000015258789,2021-02-28,110.0999984741211,107457.59851074219,-7612.802978515625,-6.615778584231588,,,3315.9750332832336,3543962.145359516
2021-03-31,14315651.549067974,15643105.481696606,95431.2811126709,1232022.6515159607,LINDEINDIA.NS,Held,73,1560.199951171875,2021-02-28,1799.5,131363.5,17468.903564453125,15.33778081766926,,,3315.9750332832336,3543962.145359516
2021-03-31,14315651.549067974,15643105.481696606,95431.2811126709,1232022.6515159607,ADANIENSOL.NS,Held,153,750.0,2021-02-28,908.4000244140625,138985.20373535156,24235.203735351562,21.120003255208335,,,3315.9750332832336,3543962.145359516
2021-03-31,14315651.549067974,15643105.481696606,95431.2811126709,1232022.6515159607,DEEPAKNTR.NS,Held,84,1368.6500244140625,2021-02-28,1656.5,139146.0,24179.39794921875,21.031671387955438,,,3315.9750332832336,3543962.145359516
2021-03-31,14315651.549067974,15643105.481696606,95431.2811126709,1232022.6515159607,TANLA.NS,Held,128,896.5999755859375,2021-02-28,813.5999755859375,104140.796875,-10624.0,-9.257194095478157,,,3315.9750332832336,3543962.145359516
2021-03-31,14315651.549067974,15643105.481696606,95431.2811126709,1232022.6515159607,TATACHEM.NS,Held,155,739.5,2021-02-28,751.7999877929688,116528.99810791016,1906.4981079101562,1.66328435334263,,,3315.9750332832336,3543962.145359516
2021-03-31,14315651.549067974,15643105.481696606,95431.2811126709,1232022.6515159607,APOLLOPIPE.NS,Held,383,329.4666748046875,2021-03-31,329.4666748046875,126185.73645019531,0.0,0.0,,,3315.9750332832336,3543962.145359516
2021-03-31,14315651.549067974,15643105.481696606,95431.2811126709,1232022.6515159607,GRASIM.NS,Held,87,1444.80517578125,2021-03-31,1444.80517578125,125698.05029296875,0.0,0.0,,,3315.9750332832336,3543962.145359516
2021-03-31,14315651.549067974,15643105.481696606,95431.2811126709,1232022.6515159607,SAREGAMA.NS,Held,815,155.04986572265625,2021-03-31,155.04986572265625,126365.64056396484,0.0,0.0,,,3315.9750332832336,3543962.145359516
2021-03-31,14315651.549067974,15643105.481696606,95431.2811126709,1232022.6515159607,GPIL.NS,Held,703,179.71249389648438,2021-03-31,179.71249389648438,126337.88320922852,0.0,0.0,,,3315.9750332832336,3543962.145359516
2021-03-31,14315651.549067974,15643105.481696606,95431.2811126709,1232022.6515159607,PRSMJOHNSN.NS,Held,965,131.0500030517578,2021-03-31,131.0500030517578,126463.25294494629,0.0,0.0,,,3315.9750332832336,3543962.145359516
2021-03-31,14315651.549067974,15643105.481696606,95431.2811126709,1232022.6515159607,JKCEMENT.NS,Held,43,2897.25,2021-03-31,2897.25,124581.75,0.0,0.0,,,3315.9750332832336,3543962.145359516
2021-04-30,,,,,ADANIPORTS.NS,Sold,214,509.70001220703125,2021-01-31,730.0499877929688,156230.6973876953,0.0,,47154.894775390625,43.23130671153196,,
2021-04-30,,,,,GRASIM.NS,Sold,87,1444.80517578125,2021-03-31,1396.1983642578125,121469.25769042969,0.0,,-4228.7926025390625,-3.364246774459008,,
2021-04-30,,,,,DIXON.NS,Sold,88,1151.780029296875,2020-06-30,4201.7998046875,369758.3828125,0.0,,268401.740234375,264.80922553003154,,
2021-04-30,,,,,TATACHEM.NS,Sold,155,739.5,2021-02-28,792.4500122070312,122829.75189208984,0.0,,8207.251892089844,7.160245058422075,,
2021-04-30,,,,,JKCEMENT.NS,Sold,43,2897.25,2021-03-31,2806.39990234375,120675.19580078125,0.0,,-3906.55419921875,-3.135735530459919,,
2021-04-30,,,,,KAJARIACER.NS,Sold,132,824.7000122070312,2021-01-31,912.9500122070312,120509.40161132812,0.0,,11649.0,10.700860760730276,,
2021-04-30,,,,,APLAPOLLO.NS,Sold,374,291.69000244140625,2020-09-30,651.125,243520.75,0.0,,134428.68908691406,123.22499727456237,,
2021-04-30,,,,,POONAWALLA.NS,Sold,976,117.9000015258789,2021-02-28,118.19999694824219,115363.19702148438,0.0,,292.7955322265625,0.25444904027200765,,
2021-04-30,,,,,SAREGAMA.NS,Sold,815,155.04986572265625,2021-03-31,178.6307830810547,145584.08821105957,0.0,,19218.447647094727,15.208602244505354,,
2021-04-30,,,,,PRSMJOHNSN.NS,Sold,965,131.0500030517578,2021-03-31,130.25,125691.25,0.0,,-772.0029449462891,-0.610456339662849,,
2021-04-30,15643105.481696606,17131908.205920696,480445.4694213867,1008357.2548027039,CGPOWER.NS,Held,4555,23.950000762939453,2020-09-30,69.5999984741211,317027.9930496216,207935.73957443237,190.60541234646243,,,2938.649166584015,3800742.218067646
2021-04-30,15643105.481696606,17131908.205920696,480445.4694213867,1008357.2548027039,ADANIENT.NS,Held,303,339.70001220703125,2020-10-31,1158.699951171875,351086.0852050781,248156.98150634766,241.09505726649832,,,2938.649166584015,3800742.218067646
2021-04-30,15643105.481696606,17131908.205920696,480445.4694213867,1008357.2548027039,ATGL.NS,Held,313,347.8999938964844,2020-11-30,1150.75,360184.75,251292.0519104004,230.77034210653048,,,2938.649166584015,3800742.218067646
2021-04-30,15643105.481696606,17131908.205920696,480445.4694213867,1008357.2548027039,INTELLECT.NS,Held,367,315.04998779296875,2020-12-31,681.2999877929688,250037.09552001953,134413.75,116.25139317278015,,,2938.649166584015,3800742.218067646
2021-04-30,15643105.481696606,17131908.205920696,480445.4694213867,1008357.2548027039,LINDEINDIA.NS,Held,73,1560.199951171875,2021-02-28,1834.699951171875,133933.09643554688,20038.5,17.593898768797008,,,2938.649166584015,3800742.218067646
2021-04-30,15643105.481696606,17131908.205920696,480445.4694213867,1008357.2548027039,ADANIENSOL.NS,Held,153,750.0,2021-02-28,1049.9000244140625,160634.70373535156,45884.70373535156,39.986669921875,,,2938.649166584015,3800742.218067646
2021-04-30,15643105.481696606,17131908.205920696,480445.4694213867,1008357.2548027039,DEEPAKNTR.NS,Held,84,1368.6500244140625,2021-02-28,1865.5999755859375,156710.39794921875,41743.7958984375,36.30949784877445,,,2938.649166584015,3800742.218067646
2021-04-30,15643105.481696606,17131908.205920696,480445.4694213867,1008357.2548027039,TANLA.NS,Held,128,896.5999755859375,2021-02-28,883.75,113120.0,-1644.796875,-1.4331893749539648,,,2938.649166584015,3800742.218067646
2021-04-30,15643105.481696606,17131908.205920696,480445.4694213867,1008357.2548027039,APOLLOPIPE.NS,Held,383,329.4666748046875,2021-03-31,388.6833190917969,148865.7112121582,22679.97476196289,17.973485276534824,,,2938.649166584015,3800742.218067646
2021-04-30,15643105.481696606,17131908.205920696,480445.4694213867,1008357.2548027039,GPIL.NS,Held,703,179.71249389648438,2021-03-31,233.5625,164194.4375,37856.554290771484,29.964531088491597,,,2938.649166584015,3800742.218067646
2021-04-30,15643105.481696606,17131908.205920696,480445.4694213867,1008357.2548027039,VEDL.NS,Held,639,257.25,2021-04-30,257.25,164382.75,0.0,0.0,,,2938.649166584015,3800742.218067646
2021-04-30,15643105.481696606,17131908.205920696,480445.4694213867,1008357.2548027039,SAIL.NS,Held,1376,119.5,2021-04-30,119.5,164432.0,0.0,0.0,,,2938.649166584015,3800742.218067646
2021-04-30,15643105.481696606,17131908.205920696,480445.4694213867,1008357.2548027039,SPLPETRO.NS,Held,452,363.8999938964844,2021-04-30,363.8999938964844,164482.79724121094,0.0,0.0,,,2938.649166584015,3800742.218067646
2021-04-30,15643105.481696606,17131908.205920696,480445.4694213867,1008357.2548027039,POLYMED.NS,Held,165,992.75,2021-04-30,992.75,163803.75,0.0,0.0,,,2938.649166584015,3800742.218067646
2021-04-30,15643105.481696606,17131908.205920696,480445.4694213867,1008357.2548027039,BALAMINES.NS,Held,63,2590.050048828125,2021-04-30,2590.050048828125,163173.15307617188,0.0,0.0,,,2938.649166584015,3800742.218067646
2021-04-30,15643105.481696606,17131908.205920696,480445.4694213867,1008357.2548027039,GRAPHITE.NS,Held,224,732.4000244140625,2021-04-30,732.4000244140625,164057.60546875,0.0,0.0,,,2938.649166584015,3800742.218067646
2021-04-30,15643105.481696606,17131908.205920696,480445.4694213867,1008357.2548027039,JSWSTEEL.NS,Held,229,717.8499755859375,2021-04-30,717.8499755859375,164387.6444091797,0.0,0.0,,,2938.649166584015,3800742.218067646
2021-04-30,15643105.481696606,17131908.205920696,480445.4694213867,1008357.2548027039,TATASTEEL.NS,Held,1590,103.4000015258789,2021-04-30,103.4000015258789,164406.00242614746,0.0,0.0,,,2938.649166584015,3800742.218067646
2021-04-30,15643105.481696606,17131908.205920696,480445.4694213867,1008357.2548027039,HINDCOPPER.NS,Held,1062,154.8000030517578,2021-04-30,154.8000030517578,164397.6032409668,0.0,0.0,,,2938.649166584015,3800742.218067646
2021-04-30,15643105.481696606,17131908.205920696,480445.4694213867,1008357.2548027039,EKC.NS,Held,1240,132.64999389648438,2021-04-30,132.64999389648438,164485.99243164062,0.0,0.0,,,2938.649166584015,3800742.218067646
2021-05-31,,,,,DEEPAKNTR.NS,Sold,84,1368.6500244140625,2021-02-28,1785.4000244140625,149973.60205078125,0.0,,35007.0,30.44971267789341,,
2021-05-31,,,,,LINDEINDIA.NS,Sold,73,1560.199951171875,2021-02-28,1598.5999755859375,116697.79821777344,0.0,,2803.2017822265625,2.461224561968485,,
2021-05-31,,,,,POLYMED.NS,Sold,165,992.75,2021-04-30,1018.1500244140625,167994.7540283203,0.0,,4191.0040283203125,2.558551942992949,,
2021-05-31,,,,,GRAPHITE.NS,Sold,224,732.4000244140625,2021-04-30,745.7000122070312,167036.802734375,0.0,,2979.197265625,1.8159458423842978,,
2021-05-31,,,,,HINDCOPPER.NS,Sold,1062,154.8000030517578,2021-04-30,170.39999389648438,180964.7935180664,0.0,,16567.19027709961,10.077513266915545,,
2021-05-31,,,,,TANLA.NS,Sold,128,896.5999755859375,2021-02-28,917.4500122070312,117433.6015625,0.0,,2668.8046875,2.325455854208342,,
2021-05-31,,,,,APOLLOPIPE.NS,Sold,383,329.4666748046875,2021-03-31,353.5333251953125,135403.2635498047,0.0,,9217.527099609375,7.304729804582527,,
2021-05-31,,,,,EKC.NS,Sold,1240,132.64999389648438,2021-04-30,101.8499984741211,126293.99810791016,0.0,,-38191.99432373047,-23.21899497892067,,
2021-05-31,17131908.205920696,18437978.72511244,35241.93081665039,1270828.5883750916,CGPOWER.NS,Held,4555,23.950000762939453,2020-09-30,85.5999984741211,389907.9930496216,280815.7395744324,257.4112557298105,,,5002.456600666046,4098455.482456684
2021-05-31,17131908.205920696,18437978.72511244,35241.93081665039,1270828.5883750916,ADANIENT.NS,Held,303,339.70001220703125,2020-10-31,1316.300048828125,398838.9147949219,295909.8110961914,287.48896129738785,,,5002.456600666046,4098455.482456684
2021-05-31,17131908.205920696,18437978.72511244,35241.93081665039,1270828.5883750916,ATGL.NS,Held,313,347.8999938964844,2020-11-30,1348.8499755859375,422190.04235839844,313297.3442687988,287.7119859873524,,,5002.456600666046,4098455.482456684
2021-05-31,17131908.205920696,18437978.72511244,35241.93081665039,1270828.5883750916,INTELLECT.NS,Held,367,315.04998779296875,2020-12-31,773.75,283966.25,168342.90447998047,145.59594666877447,,,5002.456600666046,4098455.482456684
2021-05-31,17131908.205920696,18437978.72511244,35241.93081665039,1270828.5883750916,ADANIENSOL.NS,Held,153,750.0,2021-02-28,1473.5999755859375,225460.79626464844,110710.79626464844,96.47999674479166,,,5002.456600666046,4098455.482456684
2021-05-31,17131908.205920696,18437978.72511244,35241.93081665039,1270828.5883750916,GPIL.NS,Held,703,179.71249389648438,2021-03-31,240.78750610351562,169273.61679077148,42935.73358154297,33.984844839007614,,,5002.456600666046,4098455.482456684
2021-05-31,17131908.205920696,18437978.72511244,35241.93081665039,1270828.5883750916,VEDL.NS,Held,639,257.25,2021-04-30,274.20001220703125,175213.80780029297,10831.057800292969,6.588926028000486,,,5002.456600666046,4098455.482456684
2021-05-31,17131908.205920696,18437978.72511244,35241.93081665039,1270828.5883750916,SAIL.NS,Held,1376,119.5,2021-04-30,126.5999984741211,174201.59790039062,9769.597900390625,5.941421317256145,,,5002.456600666046,4098455.482456684
2021-05-31,17131908.205920696,18437978.72511244,35241.93081665039,1270828.5883750916,SPLPETRO.NS,Held,452,363.8999938964844,2021-04-30,389.3999938964844,176008.79724121094,11526.0,7.007419738306941,,,5002.456600666046,4098455.482456684
2021-05-31,17131908.205920696,18437978.72511244,35241.93081665039,1270828.5883750916,BALAMINES.NS,Held,63,2590.050048828125,2021-04-30,2807.64990234375,176881.94384765625,13708.790771484375,8.401376398656026,,,5002.456600666046,4098455.482456684
2021-05-31,17131908.205920696,18437978.72511244,35241.93081665039,1270828.5883750916,JSWSTEEL.NS,Held,229,717.8499755859375,2021-04-30,710.9000244140625,162796.1055908203,-1591.538818359375,-0.9681620684324987,,,5002.456600666046,4098455.482456684
2021-05-31,17131908.205920696,18437978.72511244,35241.93081665039,1270828.5883750916,TATASTEEL.NS,Held,1590,103.4000015258789,2021-04-30,112.56500244140625,178978.35388183594,14572.351455688477,8.863637118258195,,,5002.456600666046,4098455.482456684
2021-05-31,17131908.205920696,18437978.72511244,35241.93081665039,1270828.5883750916,ELECON.NS,Held,2478,58.75,2021-05-31,58.75,145582.5,0.0,0.0,,,5002.456600666046,4098455.482456684
2021-05-31,17131908.205920696,18437978.72511244,35241.93081665039,1270828.5883750916,SHAKTIPUMP.NS,Held,1173,124.07499694824219,2021-05-31,124.07499694824219,145539.9714202881,0.0,0.0,,,5002.456600666046,4098455.482456684
2021-05-31,17131908.205920696,18437978.72511244,35241.93081665039,1270828.5883750916,BIRLANU.NS,Held,29,4903.64990234375,2021-05-31,4903.64990234375,142205.84716796875,0.0,0.0,,,5002.456600666046,4098455.482456684
2021-05-31,17131908.205920696,18437978.72511244,35241.93081665039,1270828.5883750916,PERSISTENT.NS,Held,114,1271.4749755859375,2021-05-31,1271.4749755859375,144948.14721679688,0.0,0.0,,,5002.456600666046,4098455.482456684
2021-05-31,17131908.205920696,18437978.72511244,35241.93081665039,1270828.5883750916,SAREGAMA.NS,Held,579,251.4487762451172,2021-05-31,251.4487762451172,145588.84144592285,0.0,0.0,,,5002.456600666046,4098455.482456684
2021-05-31,17131908.205920696,18437978.72511244,35241.93081665039,1270828.5883750916,LAURUSLABS.NS,Held,277,523.75,2021-05-31,523.75,145078.75,0.0,0.0,,,5002.456600666046,4098455.482456684
2021-05-31,17131908.205920696,18437978.72511244,35241.93081665039,1270828.5883750916,CDSL.NS,Held,294,494.82501220703125,2021-05-31,494.82501220703125,145478.5535888672,0.0,0.0,,,5002.456600666046,4098455.482456684
2021-05-31,17131908.205920696,18437978.72511244,35241.93081665039,1270828.5883750916,HIKAL.NS,Held,369,393.79998779296875,2021-05-31,393.79998779296875,145312.19549560547,0.0,0.0,,,5002.456600666046,4098455.482456684
2021-06-30,,,,,ELECON.NS,Sold,2478,58.75,2021-05-31,68.4000015258789,169495.20378112793,0.0,,23912.70378112793,16.425534512134305,,
2021-06-30,,,,,SHAKTIPUMP.NS,Sold,1173,124.07499694824219,2021-05-31,129.0833282470703,151414.74403381348,0.0,,5874.772613525391,4.036535500313047,,
2021-06-30,,,,,CGPOWER.NS,Sold,4555,23.950000762939453,2020-09-30,79.0999984741211,360300.4930496216,0.0,,251208.23957443237,230.27138185532533,,
2021-06-30,,,,,VEDL.NS,Sold,639,257.25,2021-04-30,262.8500061035156,167961.15390014648,0.0,,3578.4039001464844,2.176873120900146,,
2021-06-30,,,,,SAIL.NS,Sold,1376,119.5,2021-04-30,130.60000610351562,179705.6083984375,0.0,,15273.6083984375,9.288708036414748,,
2021-06-30,,,,,BALAMINES.NS,Sold,63,2590.050048828125,2021-04-30,2673.800048828125,168449.40307617188,0.0,,5276.25,3.233528249305179,,
2021-06-30,,,,,INTELLECT.NS,Sold,367,315.04998779296875,2020-12-31,723.9500122070312,265689.65447998047,0.0,,150066.30895996094,129.7889351713818,,
2021-06-30,,,,,TATASTEEL.NS,Sold,1590,103.4000015258789,2021-04-30,116.66000366210938,185489.4058227539,0.0,,21083.403396606445,12.823986402854898,,
2021-06-30,,,,,BIRLANU.NS,Sold,29,4903.64990234375,2021-05-31,4615.10009765625,133837.90283203125,0.0,,-8367.9443359375,-5.884388372619845,,
2021-06-30,,,,,ADANIENSOL.NS,Sold,153,750.0,2021-02-28,1059.449951171875,162095.84252929688,0.0,,47345.842529296875,41.25999348958334,,
2021-06-30,,,,,SPLPETRO.NS,Sold,452,363.8999938964844,2021-04-30,368.3500061035156,166494.20275878906,0.0,,2011.405517578125,1.2228667990297104,,
2021-06-30,,,,,SAREGAMA.NS,Sold,579,251.4487762451172,2021-05-31,304.3260192871094,176204.76516723633,0.0,,30615.923721313477,21.029031770051812,,
2021-06-30,,,,,ATGL.NS,Sold,313,347.8999938964844,2020-11-30,1019.8499755859375,319213.04235839844,0.0,,210320.34426879883,193.1445799017139,,
2021-06-30,18437978.72511244,19748536.055491924,758199.2623252869,552358.0680541992,ADANIENT.NS,Held,303,339.70001220703125,2020-10-31,1507.550048828125,456787.6647949219,353858.5610961914,343.78863545914265,,,5078.915797710419,4138184.2244610786
2021-06-30,18437978.72511244,19748536.055491924,758199.2623252869,552358.0680541992,GPIL.NS,Held,703,179.71249389648438,2021-03-31,327.4375,230188.5625,103850.67929077148,82.20074347674804,,,5078.915797710419,4138184.2244610786
2021-06-30,18437978.72511244,19748536.055491924,758199.2623252869,552358.0680541992,JSWSTEEL.NS,Held,229,717.8499755859375,2021-04-30,683.9000244140625,156613.1055908203,-7774.538818359375,-4.729393651391255,,,5078.915797710419,4138184.2244610786
2021-06-30,18437978.72511244,19748536.055491924,758199.2623252869,552358.0680541992,PERSISTENT.NS,Held,114,1271.4749755859375,2021-05-31,1469.425048828125,167514.45556640625,22566.308349609375,15.568538669112666,,,5078.915797710419,4138184.2244610786
2021-06-30,18437978.72511244,19748536.055491924,758199.2623252869,552358.0680541992,LAURUSLABS.NS,Held,277,523.75,2021-05-31,688.6500244140625,190756.0567626953,45677.30676269531,31.484491534904535,,,5078.915797710419,4138184.2244610786
2021-06-30,18437978.72511244,19748536.055491924,758199.2623252869,552358.0680541992,CDSL.NS,Held,294,494.82501220703125,2021-05-31,489.2749938964844,143846.8482055664,-1631.7053833007812,-1.1216123222616698,,,5078.915797710419,4138184.2244610786
2021-06-30,18437978.72511244,19748536.055491924,758199.2623252869,552358.0680541992,HIKAL.NS,Held,369,393.79998779296875,2021-05-31,490.8500061035156,181123.65225219727,35811.4567565918,24.644495002262083,,,5078.915797710419,4138184.2244610786
2021-06-30,18437978.72511244,19748536.055491924,758199.2623252869,552358.0680541992,DALMIASUG.NS,Held,427,470.0,2021-06-30,470.0,200690.0,0.0,0.0,,,5078.915797710419,4138184.2244610786
2021-06-30,18437978.72511244,19748536.055491924,758199.2623252869,552358.0680541992,BCG.NS,Held,18724,10.727996826171875,2021-06-30,10.727996826171875,200871.0125732422,0.0,0.0,,,5078.915797710419,4138184.2244610786
2021-06-30,18437978.72511244,19748536.055491924,758199.2623252869,552358.0680541992,RENUKA.NS,Held,5104,39.349998474121094,2021-06-30,39.349998474121094,200842.39221191406,0.0,0.0,,,5078.915797710419,4138184.2244610786
2021-06-30,18437978.72511244,19748536.055491924,758199.2623252869,552358.0680541992,RTNPOWER.NS,Held,24953,8.050000190734863,2021-06-30,8.050000190734863,200871.65475940704,0.0,0.0,,,5078.915797710419,4138184.2244610786
2021-06-30,18437978.72511244,19748536.055491924,758199.2623252869,552358.0680541992,TTML.NS,Held,4503,44.599998474121094,2021-06-30,44.599998474121094,200833.79312896729,0.0,0.0,,,5078.915797710419,4138184.2244610786
2021-06-30,18437978.72511244,19748536.055491924,758199.2623252869,552358.0680541992,VEEDOL.NS,Held,80,2479.97998046875,2021-06-30,2479.97998046875,198398.3984375,0.0,0.0,,,5078.915797710419,4138184.2244610786
2021-06-30,18437978.72511244,19748536.055491924,758199.2623252869,552358.0680541992,JSWENERGY.NS,Held,1197,167.75,2021-06-30,167.75,200796.75,0.0,0.0,,,5078.915797710419,4138184.2244610786
2021-06-30,18437978.72511244,19748536.055491924,758199.2623252869,552358.0680541992,TRIVENI.NS,Held,1042,192.60000610351562,2021-06-30,192.60000610351562,200689.20635986328,0.0,0.0,,,5078.915797710419,4138184.2244610786
2021-06-30,18437978.72511244,19748536.055491924,758199.2623252869,552358.0680541992,TNPETRO.NS,Held,1726,116.3499984741211,2021-06-30,116.3499984741211,200820.097366333,0.0,0.0,,,5078.915797710419,4138184.2244610786
2021-06-30,18437978.72511244,19748536.055491924,758199.2623252869,552358.0680541992,LUXIND.NS,Held,56,3577.550048828125,2021-06-30,3577.550048828125,200342.802734375,0.0,0.0,,,5078.915797710419,4138184.2244610786
2021-06-30,18437978.72511244,19748536.055491924,758199.2623252869,552358.0680541992,BAJAJHIND.NS,Held,9870,20.350000381469727,2021-06-30,20.350000381469727,200854.5037651062,0.0,0.0,,,5078.915797710419,4138184.2244610786
2021-06-30,18437978.72511244,19748536.055491924,758199.2623252869,552358.0680541992,FSL.NS,Held,1074,186.9499969482422,2021-06-30,186.9499969482422,200784.2967224121,0.0,0.0,,,5078.915797710419,4138184.2244610786
2021-06-30,18437978.72511244,19748536.055491924,758199.2623252869,552358.0680541992,POLYCAB.NS,Held,101,1975.050048828125,2021-06-30,1975.050048828125,199480.05493164062,0.0,0.0,,,5078.915797710419,4138184.2244610786
2021-07-31,,,,,DALMIASUG.NS,Sold,427,470.0,2021-06-30,479.8500061035156,204895.95260620117,0.0,,4205.952606201172,2.0957459794714093,,
2021-07-31,,,,,ADANIENT.NS,Sold,303,339.70001220703125,2020-10-31,1420.25,430335.75,0.0,,327406.64630126953,318.0894757031754,,
2021-07-31,,,,,TRIVENI.NS,Sold,1042,192.60000610351562,2021-06-30,186.85000610351562,194697.70635986328,0.0,,-5991.5,-2.9854620030020045,,
2021-07-31,,,,,BAJAJHIND.NS,Sold,9870,20.350000381469727,2021-06-30,18.899999618530273,186542.9962348938,0.0,,-14311.507530212402,-7.1253107408282546,,
2021-07-31,,,,,JSWSTEEL.NS,Sold,229,717.8499755859375,2021-04-30,736.9500122070312,168761.55279541016,0.0,,4373.908386230469,2.6607281842565427,,
2021-07-31,,,,,LAURUSLABS.NS,Sold,277,523.75,2021-05-31,641.5,177695.5,0.0,,32616.75,22.482100238663485,,
2021-07-31,,,,,POLYCAB.NS,Sold,101,1975.050048828125,2021-06-30,1850.6500244140625,186915.6524658203,0.0,,-12564.402465820312,-6.298575800034735,,
2021-07-31,,,,,FSL.NS,Sold,1074,186.9499969482422,2021-06-30,194.8000030517578,209215.2032775879,0.0,,8430.906555175781,4.1989870188063865,,
2021-07-31,,,,,RENUKA.NS,Sold,5104,39.349998474121094,2021-06-30,34.25,174812.0,0.0,,-26030.392211914062,-12.960606535919329,,
2021-07-31,,,,,RTNPOWER.NS,Sold,24953,8.050000190734863,2021-06-30,6.5,162194.5,0.0,,-38677.15475940704,-19.254660298254823,,
2021-07-31,,,,,TTML.NS,Sold,4503,44.599998474121094,2021-06-30,37.95000076293945,170888.85343551636,0.0,,-29944.939693450928,-14.910309279584988,,
2021-07-31,,,,,BCG.NS,Sold,18724,10.727996826171875,2021-06-30,21.863994598388672,409381.4348602295,0.0,,208510.4222869873,103.803141934658,,
2021-07-31,19748536.055491924,20728885.50259638,458024.6894750595,522324.75762939453,GPIL.NS,Held,703,179.71249389648438,2021-03-31,421.79998779296875,296525.39141845703,170187.50820922852,134.7082156880692,,,8472.721721172333,4566175.603511333
2021-07-31,19748536.055491924,20728885.50259638,458024.6894750595,522324.75762939453,PERSISTENT.NS,Held,114,1271.4749755859375,2021-05-31,1571.5999755859375,179162.39721679688,34214.25,23.604475570719945,,,8472.721721172333,4566175.603511333
2021-07-31,19748536.055491924,20728885.50259638,458024.6894750595,522324.75762939453,CDSL.NS,Held,294,494.82501220703125,2021-05-31,665.7249755859375,195723.14282226562,50244.58923339844,34.53745448651713,,,8472.721721172333,4566175.603511333
2021-07-31,19748536.055491924,20728885.50259638,458024.6894750595,522324.75762939453,HIKAL.NS,Held,369,393.79998779296875,2021-05-31,535.0999755859375,197451.89099121094,52139.69549560547,35.881155960638054,,,8472.721721172333,4566175.603511333
2021-07-31,19748536.055491924,20728885.50259638,458024.6894750595,522324.75762939453,VEEDOL.NS,Held,80,2479.97998046875,2021-06-30,3111.550048828125,248924.00390625,50525.60546875,25.4667405919946,,,8472.721721172333,4566175.603511333
2021-07-31,19748536.055491924,20728885.50259638,458024.6894750595,522324.75762939453,JSWENERGY.NS,Held,1197,167.75,2021-06-30,252.5500030517578,302302.3536529541,101505.6036529541,50.551417616547134,,,8472.721721172333,4566175.603511333
2021-07-31,19748536.055491924,20728885.50259638,458024.6894750595,522324.75762939453,TNPETRO.NS,Held,1726,116.3499984741211,2021-06-30,134.1999969482422,231629.19473266602,30809.097366333008,15.341640488367814,,,8472.721721172333,4566175.603511333
2021-07-31,19748536.055491924,20728885.50259638,458024.6894750595,522324.75762939453,LUXIND.NS,Held,56,3577.550048828125,2021-06-30,4161.4501953125,233041.2109375,32698.408203125,16.321229291415207,,,8472.721721172333,4566175.603511333
2021-07-31,19748536.055491924,20728885.50259638,458024.6894750595,522324.75762939453,IMFA.NS,Held,472,472.45001220703125,2021-07-31,472.45001220703125,222996.40576171875,0.0,0.0,,,8472.721721172333,4566175.603511333
2021-07-31,19748536.055491924,20728885.50259638,458024.6894750595,522324.75762939453,NITINSPIN.NS,Held,910,245.39999389648438,2021-07-31,245.39999389648438,223313.99444580078,0.0,0.0,,,8472.721721172333,4566175.603511333
2021-07-31,19748536.055491924,20728885.50259638,458024.6894750595,522324.75762939453,HITECH.NS,Held,3202,69.7750015258789,2021-07-31,69.7750015258789,223419.55488586426,0.0,0.0,,,8472.721721172333,4566175.603511333
2021-07-31,19748536.055491924,20728885.50259638,458024.6894750595,522324.75762939453,BIRLANU.NS,Held,34,6395.2998046875,2021-07-31,6395.2998046875,217440.193359375,0.0,0.0,,,8472.721721172333,4566175.603511333
2021-07-31,19748536.055491924,20728885.50259638,458024.6894750595,522324.75762939453,VTL.NS,Held,585,381.92999267578125,2021-07-31,381.92999267578125,223429.04571533203,0.0,0.0,,,8472.721721172333,4566175.603511333
2021-07-31,19748536.055491924,20728885.50259638,458024.6894750595,522324.75762939453,POONAWALLA.NS,Held,1287,173.5,2021-07-31,173.5,223294.5,0.0,0.0,,,8472.721721172333,4566175.603511333
2021-07-31,19748536.055491924,20728885.50259638,458024.6894750595,522324.75762939453,SSWL.NS,Held,1641,136.08999633789062,2021-07-31,136.08999633789062,223323.68399047852,0.0,0.0,,,8472.721721172333,4566175.603511333
2021-07-31,19748536.055491924,20728885.50259638,458024.6894750595,522324.75762939453,RTNINDIA.NS,Held,3345,66.80000305175781,2021-07-31,66.80000305175781,223446.01020812988,0.0,0.0,,,8472.721721172333,4566175.603511333
2021-07-31,19748536.055491924,20728885.50259638,458024.6894750595,522324.75762939453,APCL.NS,Held,490,455.6178894042969,2021-07-31,455.6178894042969,223252.76580810547,0.0,0.0,,,8472.721721172333,4566175.603511333
2021-07-31,19748536.055491924,20728885.50259638,458024.6894750595,522324.75762939453,FLUOROCHEM.NS,Held,129,1723.8499755859375,2021-07-31,1723.8499755859375,222376.64685058594,0.0,0.0,,,8472.721721172333,4566175.603511333
2021-07-31,19748536.055491924,20728885.50259638,458024.6894750595,522324.75762939453,TATASTEEL.NS,Held,1557,143.42999267578125,2021-07-31,143.42999267578125,223320.4985961914,0.0,0.0,,,8472.721721172333,4566175.603511333
2021-07-31,19748536.055491924,20728885.50259638,458024.6894750595,522324.75762939453,TIRUMALCHM.NS,Held,1150,194.1999969482422,2021-07-31,194.1999969482422,223329.99649047852,0.0,0.0,,,8472.721721172333,4566175.603511333
2021-08-31,,,,,BIRLANU.NS,Sold,34,6395.2998046875,2021-07-31,5672.0,192848.0,0.0,,-24592.193359375,-11.309865475850717,,
2021-08-31,,,,,VTL.NS,Sold,585,381.92999267578125,2021-07-31,368.4200134277344,215525.7078552246,0.0,,-7903.337860107422,-3.537292044910293,,
2021-08-31,,,,,POONAWALLA.NS,Sold,1287,173.5,2021-07-31,172.9499969482422,222586.6460723877,0.0,,-707.8539276123047,-0.3170046407826009,,
2021-08-31,,,,,TIRUMALCHM.NS,Sold,1150,194.1999969482422,2021-07-31,208.89999389648438,240234.99298095703,0.0,,16904.996490478516,7.569514510425044,,
2021-08-31,,,,,CDSL.NS,Sold,294,494.82501220703125,2021-05-31,594.0750122070312,174658.0535888672,0.0,,29179.5,20.057595625031684,,
2021-08-31,,,,,IMFA.NS,Sold,472,472.45001220703125,2021-07-31,347.3999938964844,163972.79711914062,0.0,,-59023.608642578125,-26.468412547262034,,
2021-08-31,,,,,HITECH.NS,Sold,3202,69.7750015258789,2021-07-31,55.974998474121094,179231.94511413574,0.0,,-44187.609771728516,-19.77786133998079,,
2021-08-31,,,,,NITINSPIN.NS,Sold,910,245.39999389648438,2021-07-31,204.39999389648438,186003.99444580078,0.0,,-37310.0,-16.707416878459576,,
2021-08-31,,,,,GPIL.NS,Sold,703,179.71249389648438,2021-03-31,288.86248779296875,203070.32891845703,0.0,,76732.44570922852,60.735896280731325,,
2021-08-31,,,,,RTNINDIA.NS,Sold,3345,66.80000305175781,2021-07-31,46.150001525878906,154371.75510406494,0.0,,-69074.25510406494,-30.91317452467618,,
2021-08-31,,,,,VEEDOL.NS,Sold,80,2479.97998046875,2021-06-30,1786.0999755859375,142887.998046875,0.0,,-55510.400390625,-27.979258314482834,,
2021-08-31,,,,,APCL.NS,Sold,490,455.6178894042969,2021-07-31,401.0207824707031,196500.18341064453,0.0,,-26752.582397460938,-11.983091139151142,,
2021-08-31,,,,,TNPETRO.NS,Sold,1726,116.3499984741211,2021-06-30,120.6500015258789,208241.902633667,0.0,,7421.805267333984,3.695748266566786,,
2021-08-31,20728885.50259638,20900923.436213017,-194823.09398651123,366861.0276031494,PERSISTENT.NS,Held,114,1271.4749755859375,2021-05-31,1661.0250244140625,189356.85278320312,44408.70556640625,30.637649683086178,,,7770.289863109589,4215888.779498577
2021-08-31,20728885.50259638,20900923.436213017,-194823.09398651123,366861.0276031494,HIKAL.NS,Held,369,393.79998779296875,2021-05-31,631.7999877929688,233134.19549560547,87822.0,60.43677180739858,,,7770.289863109589,4215888.779498577
2021-08-31,20728885.50259638,20900923.436213017,-194823.09398651123,366861.0276031494,JSWENERGY.NS,Held,1197,167.75,2021-06-30,264.6499938964844,316786.0426940918,115989.2926940918,57.764526912956406,,,7770.289863109589,4215888.779498577
2021-08-31,20728885.50259638,20900923.436213017,-194823.09398651123,366861.0276031494,LUXIND.NS,Held,56,3577.550048828125,2021-06-30,3994.75,223706.0,23363.197265625,11.661610473025654,,,7770.289863109589,4215888.779498577
2021-08-31,20728885.50259638,20900923.436213017,-194823.09398651123,366861.0276031494,SSWL.NS,Held,1641,136.08999633789062,2021-07-31,189.8350067138672,311519.24601745605,88195.56202697754,39.492256464270845,,,7770.289863109589,4215888.779498577
2021-08-31,20728885.50259638,20900923.436213017,-194823.09398651123,366861.0276031494,FLUOROCHEM.NS,Held,129,1723.8499755859375,2021-07-31,1759.5,226975.5,4598.8531494140625,2.0680468091166135,,,7770.289863109589,4215888.779498577
2021-08-31,20728885.50259638,20900923.436213017,-194823.09398651123,366861.0276031494,TATASTEEL.NS,Held,1557,143.42999267578125,2021-07-31,145.02499389648438,225803.91549682617,2483.4169006347656,1.1120416245914286,,,7770.289863109589,4215888.779498577
2021-08-31,20728885.50259638,20900923.436213017,-194823.09398651123,366861.0276031494,BCG.NS,Held,8159,23.45999526977539,2021-08-31,23.45999526977539,191410.1014060974,0.0,0.0,,,7770.289863109589,4215888.779498577
2021-08-31,20728885.50259638,20900923.436213017,-194823.09398651123,366861.0276031494,APOLLOHOSP.NS,Held,38,4969.5498046875,2021-08-31,4969.5498046875,188842.892578125,0.0,0.0,,,7770.289863109589,4215888.779498577
2021-08-31,20728885.50259638,20900923.436213017,-194823.09398651123,366861.0276031494,RKFORGE.NS,Held,966,197.99000549316406,2021-08-31,197.99000549316406,191258.34530639648,0.0,0.0,,,7770.289863109589,4215888.779498577
2021-08-31,20728885.50259638,20900923.436213017,-194823.09398651123,366861.0276031494,BALAMINES.NS,Held,47,4040.14990234375,2021-08-31,4040.14990234375,189887.04541015625,0.0,0.0,,,7770.289863109589,4215888.779498577
2021-08-31,20728885.50259638,20900923.436213017,-194823.09398651123,366861.0276031494,MPHASIS.NS,Held,66,2898.10009765625,2021-08-31,2898.10009765625,191274.6064453125,0.0,0.0,,,7770.289863109589,4215888.779498577
2021-08-31,20728885.50259638,20900923.436213017,-194823.09398651123,366861.0276031494,SRF.NS,Held,94,2027.949951171875,2021-08-31,2027.949951171875,190627.29541015625,0.0,0.0,,,7770.289863109589,4215888.779498577
2021-08-31,20728885.50259638,20900923.436213017,-194823.09398651123,366861.0276031494,AMBUJACEM.NS,Held,454,421.04998779296875,2021-08-31,421.04998779296875,191156.6944580078,0.0,0.0,,,7770.289863109589,4215888.779498577
2021-08-31,20728885.50259638,20900923.436213017,-194823.09398651123,366861.0276031494,MAXHEALTH.NS,Held,496,385.5,2021-08-31,385.5,191208.0,0.0,0.0,,,7770.289863109589,4215888.779498577
2021-08-31,20728885.50259638,20900923.436213017,-194823.09398651123,366861.0276031494,KNRCON.NS,Held,575,332.3999938964844,2021-08-31,332.3999938964844,191129.99649047852,0.0,0.0,,,7770.289863109589,4215888.779498577
2021-08-31,20728885.50259638,20900923.436213017,-194823.09398651123,366861.0276031494,COFORGE.NS,Held,183,1041.75,2021-08-31,1041.75,190640.25,0.0,0.0,,,7770.289863109589,4215888.779498577
2021-08-31,20728885.50259638,20900923.436213017,-194823.09398651123,366861.0276031494,TECHM.NS,Held,132,1447.6500244140625,2021-08-31,1447.6500244140625,191089.80322265625,0.0,0.0,,,7770.289863109589,4215888.779498577
2021-08-31,20728885.50259638,20900923.436213017,-194823.09398651123,366861.0276031494,CARBORUNIV.NS,Held,230,829.9500122070312,2021-08-31,829.9500122070312,190888.5028076172,0.0,0.0,,,7770.289863109589,4215888.779498577
2021-08-31,20728885.50259638,20900923.436213017,-194823.09398651123,366861.0276031494,DIVISLAB.NS,Held,37,5173.60009765625,2021-08-31,5173.60009765625,191423.20361328125,0.0,0.0,,,7770.289863109589,4215888.779498577
2021-09-30,,,,,APOLLOHOSP.NS,Sold,38,4969.5498046875,2021-08-31,4481.60009765625,170300.8037109375,0.0,,-18542.0888671875,-9.818790961124773,,
2021-09-30,,,,,AMBUJACEM.NS,Sold,454,421.04998779296875,2021-08-31,400.20001220703125,181690.8055419922,0.0,,-9465.888916015625,-4.951900294601002,,
2021-09-30,,,,,MAXHEALTH.NS,Sold,496,385.5,2021-08-31,359.54998779296875,178336.7939453125,0.0,,-12871.2060546875,-6.731520676272698,,
2021-09-30,,,,,LUXIND.NS,Sold,56,3577.550048828125,2021-06-30,3520.449951171875,197145.197265625,0.0,,-3197.60546875,-1.5960670536238595,,
2021-09-30,,,,,TATASTEEL.NS,Sold,1557,143.42999267578125,2021-07-31,128.88999938964844,200681.72904968262,0.0,,-22638.76954650879,-10.13734506631398,,
2021-09-30,,,,,COFORGE.NS,Sold,183,1041.75,2021-08-31,1048.260009765625,191831.58178710938,0.0,,1191.331787109375,0.62491094462443,,
2021-09-30,,,,,HIKAL.NS,Sold,369,393.79998779296875,2021-05-31,603.4500122070312,222673.05450439453,0.0,,77360.85900878906,53.237691953479995,,
2021-09-30,,,,,TECHM.NS,Sold,132,1447.6500244140625,2021-08-31,1380.5999755859375,182239.19677734375,0.0,,-8850.6064453125,-4.6316476839948635,,
2021-09-30,,,,,KNRCON.NS,Sold,575,332.3999938964844,2021-08-31,286.75,164881.25,0.0,,-26248.746490478516,-13.733452086253841,,
2021-09-30,,,,,DIVISLAB.NS,Sold,37,5173.60009765625,2021-08-31,4798.7001953125,177551.9072265625,0.0,,-13871.29638671875,-7.246402800123411,,
2021-09-30,,,,,SSWL.NS,Sold,1641,136.08999633789062,2021-07-31,170.74000549316406,280184.3490142822,0.0,,56860.66502380371,25.461099336973135,,
2021-09-30,20900923.436213017,21459983.606585026,19726.64764404297,539333.5227279663,PERSISTENT.NS,Held,114,1271.4749755859375,2021-05-31,1858.1500244140625,211829.10278320312,66880.95556640625,46.14129731949823,,,6029.849509716034,4408087.922267437
2021-09-30,20900923.436213017,21459983.606585026,19726.64764404297,539333.5227279663,JSWENERGY.NS,Held,1197,167.75,2021-06-30,389.8999938964844,466710.2926940918,265913.5426940918,132.42920649566878,,,6029.849509716034,4408087.922267437
2021-09-30,20900923.436213017,21459983.606585026,19726.64764404297,539333.5227279663,FLUOROCHEM.NS,Held,129,1723.8499755859375,2021-07-31,1911.3499755859375,246564.14685058594,24187.5,10.876816582386681,,,6029.849509716034,4408087.922267437
2021-09-30,20900923.436213017,21459983.606585026,19726.64764404297,539333.5227279663,BCG.NS,Held,8159,23.45999526977539,2021-08-31,34.94999313354492,285156.993976593,93746.8925704956,48.976982866542315,,,6029.849509716034,4408087.922267437
2021-09-30,20900923.436213017,21459983.606585026,19726.64764404297,539333.5227279663,RKFORGE.NS,Held,966,197.99000549316406,2021-08-31,216.50999450683594,209148.65469360352,17890.30938720703,9.354001969716249,,,6029.849509716034,4408087.922267437
2021-09-30,20900923.436213017,21459983.606585026,19726.64764404297,539333.5227279663,BALAMINES.NS,Held,47,4040.14990234375,2021-08-31,4517.39990234375,212317.79541015625,22430.75,11.812680507798493,,,6029.849509716034,4408087.922267437
2021-09-30,20900923.436213017,21459983.606585026,19726.64764404297,539333.5227279663,MPHASIS.NS,Held,66,2898.10009765625,2021-08-31,3104.39990234375,204890.3935546875,13615.787109375,7.1184499408539645,,,6029.849509716034,4408087.922267437
2021-09-30,20900923.436213017,21459983.606585026,19726.64764404297,539333.5227279663,SRF.NS,Held,94,2027.949951171875,2021-08-31,2255.820068359375,212047.08642578125,21419.791015625,11.236476376343635,,,6029.849509716034,4408087.922267437
2021-09-30,20900923.436213017,21459983.606585026,19726.64764404297,539333.5227279663,CARBORUNIV.NS,Held,230,829.9500122070312,2021-08-31,887.5499877929688,204136.4971923828,13247.994384765625,6.940174075395901,,,6029.849509716034,4408087.922267437
2021-09-30,20900923.436213017,21459983.606585026,19726.64764404297,539333.5227279663,CGPOWER.NS,Held,1593,122.94999694824219,2021-09-30,122.94999694824219,195859.3451385498,0.0,0.0,,,6029.849509716034,4408087.922267437
2021-09-30,20900923.436213017,21459983.606585026,19726.64764404297,539333.5227279663,HGINFRA.NS,Held,302,647.0999755859375,2021-09-30,647.0999755859375,195424.19262695312,0.0,0.0,,,6029.849509716034,4408087.922267437
2021-09-30,20900923.436213017,21459983.606585026,19726.64764404297,539333.5227279663,TRIDENT.NS,Held,6997,28.0,2021-09-30,28.0,195916.0,0.0,0.0,,,6029.849509716034,4408087.922267437
2021-09-30,20900923.436213017,21459983.606585026,19726.64764404297,539333.5227279663,OIL.NS,Held,1129,173.46665954589844,2021-09-30,173.46665954589844,195843.85862731934,0.0,0.0,,,6029.849509716034,4408087.922267437
2021-09-30,20900923.436213017,21459983.606585026,19726.64764404297,539333.5227279663,IEX.NS,Held,909,215.31666564941406,2021-09-30,215.31666564941406,195722.84907531738,0.0,0.0,,,6029.849509716034,4408087.922267437
2021-09-30,20900923.436213017,21459983.606585026,19726.64764404297,539333.5227279663,BAJAJHLDNG.NS,Held,40,4808.60009765625,2021-09-30,4808.60009765625,192344.00390625,0.0,0.0,,,6029.849509716034,4408087.922267437
2021-09-30,20900923.436213017,21459983.606585026,19726.64764404297,539333.5227279663,IRCTC.NS,Held,257,759.7000122070312,2021-09-30,759.7000122070312,195242.90313720703,0.0,0.0,,,6029.849509716034,4408087.922267437
2021-09-30,20900923.436213017,21459983.606585026,19726.64764404297,539333.5227279663,SEAMECLTD.NS,Held,166,1179.699951171875,2021-09-30,1179.699951171875,195830.19189453125,0.0,0.0,,,6029.849509716034,4408087.922267437
2021-09-30,20900923.436213017,21459983.606585026,19726.64764404297,539333.5227279663,TIRUMALCHM.NS,Held,642,304.75,2021-09-30,304.75,195649.5,0.0,0.0,,,6029.849509716034,4408087.922267437
2021-09-30,20900923.436213017,21459983.606585026,19726.64764404297,539333.5227279663,DMART.NS,Held,46,4250.2001953125,2021-09-30,4250.2001953125,195509.208984375,0.0,0.0,,,6029.849509716034,4408087.922267437
2021-09-30,20900923.436213017,21459983.606585026,19726.64764404297,539333.5227279663,MANINFRA.NS,Held,2674,73.26666259765625,2021-09-30,73.26666259765625,195915.0557861328,0.0,0.0,,,6029.849509716034,4408087.922267437
2021-10-31,,,,,MPHASIS.NS,Sold,66,2898.10009765625,2021-08-31,3235.800048828125,213562.80322265625,0.0,,22288.19677734375,11.652459880353323,,
2021-10-31,,,,,FLUOROCHEM.NS,Sold,129,1723.8499755859375,2021-07-31,1816.4000244140625,234315.60314941406,0.0,,11938.956298828125,5.368799497570384,,
2021-10-31,,,,,TIRUMALCHM.NS,Sold,642,304.75,2021-09-30,264.3500061035156,169712.70391845703,0.0,,-25936.79608154297,-13.25676583969955,,
2021-10-31,,,,,SEAMECLTD.NS,Sold,166,1179.699951171875,2021-09-30,1161.050048828125,192734.30810546875,0.0,,-3095.8837890625,-1.5809021883254128,,
2021-10-31,,,,,IEX.NS,Sold,909,215.31666564941406,2021-09-30,236.10000610351562,214614.9055480957,0.0,,18892.05647277832,9.652453232738475,,
2021-10-31,,,,,BALAMINES.NS,Sold,47,4040.14990234375,2021-08-31,3459.89990234375,162615.29541015625,0.0,,-27271.75,-14.362090863593663,,
2021-10-31,,,,,IRCTC.NS,Sold,257,759.7000122070312,2021-09-30,845.7000122070312,217344.90313720703,0.0,,22102.0,11.320257814681137,,
2021-10-31,21459983.606585026,22118351.54749918,18916.779678344727,639451.1612358093,PERSISTENT.NS,Held,114,1271.4749755859375,2021-05-31,1961.8499755859375,223650.89721679688,78702.75,54.29717558395929,,,2529.4284205436707,4527122.340453625
2021-10-31,21459983.606585026,22118351.54749918,18916.779678344727,639451.1612358093,JSWENERGY.NS,Held,1197,167.75,2021-06-30,348.6499938964844,417334.0426940918,216537.2926940918,107.83904256124255,,,2529.4284205436707,4527122.340453625
2021-10-31,21459983.606585026,22118351.54749918,18916.779678344727,639451.1612358093,BCG.NS,Held,8159,23.45999526977539,2021-08-31,43.58999252319336,355650.7489967346,164240.6475906372,85.80563219188875,,,2529.4284205436707,4527122.340453625
2021-10-31,21459983.606585026,22118351.54749918,18916.779678344727,639451.1612358093,RKFORGE.NS,Held,966,197.99000549316406,2021-08-31,218.27000427246094,210848.82412719727,19590.47882080078,10.242940661970474,,,2529.4284205436707,4527122.340453625
2021-10-31,21459983.606585026,22118351.54749918,18916.779678344727,639451.1612358093,SRF.NS,Held,94,2027.949951171875,2021-08-31,2117.300048828125,199026.20458984375,8398.9091796875,4.405932089429425,,,2529.4284205436707,4527122.340453625
2021-10-31,21459983.606585026,22118351.54749918,18916.779678344727,639451.1612358093,CARBORUNIV.NS,Held,230,829.9500122070312,2021-08-31,839.2999877929688,193038.9971923828,2150.494384765625,1.126570931793076,,,2529.4284205436707,4527122.340453625
2021-10-31,21459983.606585026,22118351.54749918,18916.779678344727,639451.1612358093,CGPOWER.NS,Held,1593,122.94999694824219,2021-09-30,146.3000030517578,233055.9048614502,37196.55972290039,18.991465378681703,,,2529.4284205436707,4527122.340453625
2021-10-31,21459983.606585026,22118351.54749918,18916.779678344727,639451.1612358093,HGINFRA.NS,Held,302,647.0999755859375,2021-09-30,737.1500244140625,222619.30737304688,27195.11474609375,13.915940693180568,,,2529.4284205436707,4527122.340453625
2021-10-31,21459983.606585026,22118351.54749918,18916.779678344727,639451.1612358093,TRIDENT.NS,Held,6997,28.0,2021-09-30,37.95000076293945,265536.15533828735,69620.15533828735,35.53571701049805,,,2529.4284205436707,4527122.340453625
2021-10-31,21459983.606585026,22118351.54749918,18916.779678344727,639451.1612358093,OIL.NS,Held,1129,173.46665954589844,2021-09-30,150.03334045410156,169387.64137268066,-26456.217254638672,-13.508831698921679,,,2529.4284205436707,4527122.340453625
2021-10-31,21459983.606585026,22118351.54749918,18916.779678344727,639451.1612358093,BAJAJHLDNG.NS,Held,40,4808.60009765625,2021-09-30,4829.7001953125,193188.0078125,844.00390625,0.43879917705226423,,,2529.4284205436707,4527122.340453625
2021-10-31,21459983.606585026,22118351.54749918,18916.779678344727,639451.1612358093,DMART.NS,Held,46,4250.2001953125,2021-09-30,4635.4501953125,213230.708984375,17721.5,9.06427891149429,,,2529.4284205436707,4527122.340453625
2021-10-31,21459983.606585026,22118351.54749918,18916.779678344727,639451.1612358093,MANINFRA.NS,Held,2674,73.26666259765625,2021-09-30,82.13333129882812,219624.5278930664,23709.472106933594,12.101914276979109,,,2529.4284205436707,4527122.340453625
2021-10-31,21459983.606585026,22118351.54749918,18916.779678344727,639451.1612358093,UNITDSPR.NS,Held,212,947.3499755859375,2021-10-31,947.3499755859375,200838.19482421875,0.0,0.0,,,2529.4284205436707,4527122.340453625
2021-10-31,21459983.606585026,22118351.54749918,18916.779678344727,639451.1612358093,CENTURYPLY.NS,Held,373,540.0999755859375,2021-10-31,540.0999755859375,201457.2908935547,0.0,0.0,,,2529.4284205436707,4527122.340453625
2021-10-31,21459983.606585026,22118351.54749918,18916.779678344727,639451.1612358093,ADANIENSOL.NS,Held,114,1767.4000244140625,2021-10-31,1767.4000244140625,201483.60278320312,0.0,0.0,,,2529.4284205436707,4527122.340453625
2021-10-31,21459983.606585026,22118351.54749918,18916.779678344727,639451.1612358093,TTML.NS,Held,3831,52.599998474121094,2021-10-31,52.599998474121094,201510.5941543579,0.0,0.0,,,2529.4284205436707,4527122.340453625
2021-10-31,21459983.606585026,22118351.54749918,18916.779678344727,639451.1612358093,TATAPOWER.NS,Held,940,214.3000030517578,2021-10-31,214.3000030517578,201442.00286865234,0.0,0.0,,,2529.4284205436707,4527122.340453625
2021-10-31,21459983.606585026,22118351.54749918,18916.779678344727,639451.1612358093,TITAN.NS,Held,84,2383.550048828125,2021-10-31,2383.550048828125,200218.2041015625,0.0,0.0,,,2529.4284205436707,4527122.340453625
2021-10-31,21459983.606585026,22118351.54749918,18916.779678344727,639451.1612358093,SOLARINDS.NS,Held,81,2487.050048828125,2021-10-31,2487.050048828125,201451.05395507812,0.0,0.0,,,2529.4284205436707,4527122.340453625
2021-11-30,,,,,UNITDSPR.NS,Sold,212,947.3499755859375,2021-10-31,882.9500122070312,187185.40258789062,0.0,,-13652.792236328125,-6.797906268913426,,
2021-11-30,,,,,OIL.NS,Sold,1129,173.46665954589844,2021-09-30,141.10000610351562,159301.90689086914,0.0,,-36541.951736450195,-18.658717200822533,,
2021-11-30,,,,,ADANIENSOL.NS,Sold,114,1767.4000244140625,2021-10-31,1799.5,205143.0,0.0,,3659.397216796875,1.8162258199911165,,
2021-11-30,,,,,BAJAJHLDNG.NS,Sold,40,4808.60009765625,2021-09-30,5037.7998046875,201511.9921875,0.0,,9167.98828125,4.766453902934531,,
2021-11-30,,,,,SRF.NS,Sold,94,2027.949951171875,2021-08-31,2005.8499755859375,188549.89770507812,0.0,,-2077.397705078125,-1.089769280211613,,
2021-11-30,,,,,TITAN.NS,Sold,84,2383.550048828125,2021-10-31,2375.5,199542.0,0.0,,-676.2041015625,-0.33773357652308644,,
2021-11-30,,,,,DMART.NS,Sold,46,4250.2001953125,2021-09-30,4710.89990234375,216701.3955078125,0.0,,21192.1865234375,10.839482515184832,,
2021-11-30,,,,,CARBORUNIV.NS,Sold,230,829.9500122070312,2021-08-31,917.7000122070312,211071.0028076172,0.0,,20182.5,10.572925924376122,,
2021-11-30,,,,,JSWENERGY.NS,Sold,1197,167.75,2021-06-30,287.29998779296875,343898.0853881836,0.0,,143101.3353881836,71.2667587439456,,
2021-11-30,,,,,RKFORGE.NS,Sold,966,197.99000549316406,2021-08-31,180.2899932861328,174160.1335144043,0.0,,-17098.211791992188,-8.939851364185337,,
2021-11-30,,,,,HGINFRA.NS,Sold,302,647.0999755859375,2021-09-30,602.7000122070312,182015.40368652344,0.0,,-13408.788940429688,-6.861376148052374,,
2021-11-30,22118351.54749918,23333362.963083744,113848.06089782715,1101163.354686737,PERSISTENT.NS,Held,114,1271.4749755859375,2021-05-31,2069.39990234375,235911.5888671875,90963.44165039062,62.75584986563361,,,5317.790954113007,5102682.59480238
2021-11-30,22118351.54749918,23333362.963083744,113848.06089782715,1101163.354686737,BCG.NS,Held,8159,23.45999526977539,2021-08-31,82.46998596191406,672872.6154632568,481462.5140571594,251.53453789551273,,,5317.790954113007,5102682.59480238
2021-11-30,22118351.54749918,23333362.963083744,113848.06089782715,1101163.354686737,CGPOWER.NS,Held,1593,122.94999694824219,2021-09-30,149.14999389648438,237595.9402770996,41736.595138549805,21.30947344331493,,,5317.790954113007,5102682.59480238
2021-11-30,22118351.54749918,23333362.963083744,113848.06089782715,1101163.354686737,TRIDENT.NS,Held,6997,28.0,2021-09-30,52.0,363844.0,167928.0,85.71428571428571,,,5317.790954113007,5102682.59480238
2021-11-30,22118351.54749918,23333362.963083744,113848.06089782715,1101163.354686737,MANINFRA.NS,Held,2674,73.26666259765625,2021-09-30,88.75,237317.5,41402.44421386719,21.132854771030683,,,5317.790954113007,5102682.59480238
2021-11-30,22118351.54749918,23333362.963083744,113848.06089782715,1101163.354686737,CENTURYPLY.NS,Held,373,540.0999755859375,2021-10-31,601.5999755859375,224396.7908935547,22939.5,11.386780740599105,,,5317.790954113007,5102682.59480238
2021-11-30,22118351.54749918,23333362.963083744,113848.06089782715,1101163.354686737,TTML.NS,Held,3831,52.599998474121094,2021-10-31,112.55000305175781,431179.0616912842,229668.46753692627,113.97339603941583,,,5317.790954113007,5102682.59480238
2021-11-30,22118351.54749918,23333362.963083744,113848.06089782715,1101163.354686737,TATAPOWER.NS,Held,940,214.3000030517578,2021-10-31,216.8000030517578,203792.00286865234,2350.0,1.166588877460818,,,5317.790954113007,5102682.59480238
2021-11-30,22118351.54749918,23333362.963083744,113848.06089782715,1101163.354686737,SOLARINDS.NS,Held,81,2487.050048828125,2021-10-31,2767.449951171875,224163.44604492188,22712.39208984375,11.274397251308708,,,5317.790954113007,5102682.59480238
2021-11-30,22118351.54749918,23333362.963083744,113848.06089782715,1101163.354686737,RAYMOND.NS,Held,322,641.0499877929688,2021-11-30,641.0499877929688,206418.09606933594,0.0,0.0,,,5317.790954113007,5102682.59480238
2021-11-30,22118351.54749918,23333362.963083744,113848.06089782715,1101163.354686737,BORORENEW.NS,Held,351,588.1500244140625,2021-11-30,588.1500244140625,206440.65856933594,0.0,0.0,,,5317.790954113007,5102682.59480238
2021-11-30,22118351.54749918,23333362.963083744,113848.06089782715,1101163.354686737,BRIGADE.NS,Held,548,376.8374938964844,2021-11-30,376.8374938964844,206506.94665527344,0.0,0.0,,,5317.790954113007,5102682.59480238
2021-11-30,22118351.54749918,23333362.963083744,113848.06089782715,1101163.354686737,IEX.NS,Held,832,248.1666717529297,2021-11-30,248.1666717529297,206474.6708984375,0.0,0.0,,,5317.790954113007,5102682.59480238
2021-11-30,22118351.54749918,23333362.963083744,113848.06089782715,1101163.354686737,ALLCARGO.NS,Held,2473,83.48750305175781,2021-11-30,83.48750305175781,206464.59504699707,0.0,0.0,,,5317.790954113007,5102682.59480238
2021-11-30,22118351.54749918,23333362.963083744,113848.06089782715,1101163.354686737,FLUOROCHEM.NS,Held,104,1966.8499755859375,2021-11-30,1966.8499755859375,204552.3974609375,0.0,0.0,,,5317.790954113007,5102682.59480238
2021-11-30,22118351.54749918,23333362.963083744,113848.06089782715,1101163.354686737,GOKEX.NS,Held,768,268.6499938964844,2021-11-30,268.6499938964844,206323.1953125,0.0,0.0,,,5317.790954113007,5102682.59480238
2021-11-30,22118351.54749918,23333362.963083744,113848.06089782715,1101163.354686737,TANLA.NS,Held,137,1499.25,2021-11-30,1499.25,205397.25,0.0,0.0,,,5317.790954113007,5102682.59480238
2021-11-30,22118351.54749918,23333362.963083744,113848.06089782715,1101163.354686737,JBMA.NS,Held,1103,187.1199951171875,2021-11-30,187.1199951171875,206393.3546142578,0.0,0.0,,,5317.790954113007,5102682.59480238
2021-11-30,22118351.54749918,23333362.963083744,113848.06089782715,1101163.354686737,SFL.NS,Held,126,1630.3499755859375,2021-11-30,1630.3499755859375,205424.09692382812,0.0,0.0,,,5317.790954113007,5102682.59480238
2021-11-30,22118351.54749918,23333362.963083744,113848.06089782715,1101163.354686737,LTTS.NS,Held,39,5279.39990234375,2021-11-30,5279.39990234375,205896.59619140625,0.0,0.0,,,5317.790954113007,5102682.59480238
2021-12-31,,,,,CENTURYPLY.NS,Sold,373,540.0999755859375,2021-10-31,597.9000244140625,223016.7091064453,0.0,,21559.418212890625,10.701731427671247,,
2021-12-31,,,,,RAYMOND.NS,Sold,322,641.0499877929688,2021-11-30,621.5499877929688,200139.09606933594,0.0,,-6279.0,-3.0418844663167905,,
2021-12-31,,,,,BRIGADE.NS,Sold,548,376.8374938964844,2021-11-30,367.7250061035156,201513.30334472656,0.0,,-4993.643310546875,-2.418147859637319,,
2021-12-31,,,,,IEX.NS,Sold,832,248.1666717529297,2021-11-30,252.8000030517578,210329.6025390625,0.0,,3854.931640625,1.8670239908125081,,
2021-12-31,,,,,TATAPOWER.NS,Sold,940,214.3000030517578,2021-10-31,220.9499969482422,207692.99713134766,0.0,,6250.9942626953125,3.103123565928399,,
2021-12-31,,,,,ALLCARGO.NS,Sold,2473,83.48750305175781,2021-11-30,97.5,241117.5,0.0,,34652.90495300293,16.7839454242094,,
2021-12-31,,,,,SOLARINDS.NS,Sold,81,2487.050048828125,2021-10-31,2421.550048828125,196145.55395507812,0.0,,-5305.5,-2.633642215236601,,
2021-12-31,,,,,LTTS.NS,Sold,39,5279.39990234375,2021-11-30,5598.9501953125,218359.0576171875,0.0,,12462.46142578125,6.052776809479578,,
2021-12-31,,,,,SFL.NS,Sold,126,1630.3499755859375,2021-11-30,1614.324951171875,203404.94384765625,0.0,,-2019.153076171875,-0.9829192905838028,,
2021-12-31,,,,,MANINFRA.NS,Sold,2674,73.26666259765625,2021-09-30,101.75,272079.5,0.0,,76164.44421386719,38.87625885016757,,
2021-12-31,23333362.963083744,25366916.298307896,136347.85832214355,1897205.476902008,PERSISTENT.NS,Held,114,1271.4749755859375,2021-05-31,2452.175048828125,279547.95556640625,134599.80834960938,92.86066150834641,,,2521.938036441803,6035072.575339794
2021-12-31,23333362.963083744,25366916.298307896,136347.85832214355,1897205.476902008,BCG.NS,Held,8159,23.45999526977539,2021-08-31,107.48997497558594,877010.7058258057,685600.6044197083,358.184128937444,,,2521.938036441803,6035072.575339794
2021-12-31,23333362.963083744,25366916.298307896,136347.85832214355,1897205.476902008,CGPOWER.NS,Held,1593,122.94999694824219,2021-09-30,194.5500030517578,309918.1548614502,114058.80972290039,58.23506131005177,,,2521.938036441803,6035072.575339794
2021-12-31,23333362.963083744,25366916.298307896,136347.85832214355,1897205.476902008,TRIDENT.NS,Held,6997,28.0,2021-09-30,53.349998474121094,373289.9393234253,177373.9393234253,90.53570883614677,,,2521.938036441803,6035072.575339794
2021-12-31,23333362.963083744,25366916.298307896,136347.85832214355,1897205.476902008,TTML.NS,Held,3831,52.599998474121094,2021-10-31,206.35000610351562,790526.8733825684,589016.2792282104,292.30040321206224,,,2521.938036441803,6035072.575339794
2021-12-31,23333362.963083744,25366916.298307896,136347.85832214355,1897205.476902008,BORORENEW.NS,Held,351,588.1500244140625,2021-11-30,624.25,219111.75,12671.091430664062,6.137885588273447,,,2521.938036441803,6035072.575339794
2021-12-31,23333362.963083744,25366916.298307896,136347.85832214355,1897205.476902008,FLUOROCHEM.NS,Held,104,1966.8499755859375,2021-11-30,2414.89990234375,251149.58984375,46597.1923828125,22.780076381999372,,,2521.938036441803,6035072.575339794
2021-12-31,23333362.963083744,25366916.298307896,136347.85832214355,1897205.476902008,GOKEX.NS,Held,768,268.6499938964844,2021-11-30,324.54998779296875,249254.390625,42931.1953125,20.807740616597087,,,2521.938036441803,6035072.575339794
2021-12-31,23333362.963083744,25366916.298307896,136347.85832214355,1897205.476902008,TANLA.NS,Held,137,1499.25,2021-11-30,1883.25,258005.25,52608.0,25.6128064032016,,,2521.938036441803,6035072.575339794
2021-12-31,23333362.963083744,25366916.298307896,136347.85832214355,1897205.476902008,JBMA.NS,Held,1103,187.1199951171875,2021-11-30,224.97000122070312,248141.91134643555,41748.556732177734,20.22766518340882,,,2521.938036441803,6035072.575339794
2021-12-31,23333362.963083744,25366916.298307896,136347.85832214355,1897205.476902008,RAMASTEEL.NS,Held,48196,4.52133321762085,2021-12-31,4.52133321762085,217910.17575645447,0.0,0.0,,,2521.938036441803,6035072.575339794
2021-12-31,23333362.963083744,25366916.298307896,136347.85832214355,1897205.476902008,WEBELSOLAR.NS,Held,13919,15.654999732971191,2021-12-31,15.654999732971191,217901.941283226,0.0,0.0,,,2521.938036441803,6035072.575339794
2021-12-31,23333362.963083744,25366916.298307896,136347.85832214355,1897205.476902008,KPRMILL.NS,Held,325,669.2999877929688,2021-12-31,669.2999877929688,217522.49603271484,0.0,0.0,,,2521.938036441803,6035072.575339794
2021-12-31,23333362.963083744,25366916.298307896,136347.85832214355,1897205.476902008,LYKALABS.NS,Held,980,222.3000030517578,2021-12-31,222.3000030517578,217854.00299072266,0.0,0.0,,,2521.938036441803,6035072.575339794
2021-12-31,23333362.963083744,25366916.298307896,136347.85832214355,1897205.476902008,UNOMINDA.NS,Held,355,612.4249877929688,2021-12-31,612.4249877929688,217410.8706665039,0.0,0.0,,,2521.938036441803,6035072.575339794
2021-12-31,23333362.963083744,25366916.298307896,136347.85832214355,1897205.476902008,STEELXIND.NS,Held,12491,17.44499969482422,2021-12-31,17.44499969482422,217905.49118804932,0.0,0.0,,,2521.938036441803,6035072.575339794
2021-12-31,23333362.963083744,25366916.298307896,136347.85832214355,1897205.476902008,BSE.NS,Held,1022,213.1666717529297,2021-12-31,213.1666717529297,217856.33853149414,0.0,0.0,,,2521.938036441803,6035072.575339794
2021-12-31,23333362.963083744,25366916.298307896,136347.85832214355,1897205.476902008,EKC.NS,Held,908,239.75,2021-12-31,239.75,217693.0,0.0,0.0,,,2521.938036441803,6035072.575339794
2021-12-31,23333362.963083744,25366916.298307896,136347.85832214355,1897205.476902008,TECHM.NS,Held,121,1790.550048828125,2021-12-31,1790.550048828125,216656.55590820312,0.0,0.0,,,2521.938036441803,6035072.575339794
2021-12-31,23333362.963083744,25366916.298307896,136347.85832214355,1897205.476902008,63MOONS.NS,Held,955,228.14999389648438,2021-12-31,228.14999389648438,217883.24417114258,0.0,0.0,,,2521.938036441803,6035072.575339794
2022-01-31,,,,,PERSISTENT.NS,Sold,114,1271.4749755859375,2021-05-31,2200.050048828125,250805.70556640625,0.0,,105857.55834960938,73.03132905264373,,
2022-01-31,,,,,WEBELSOLAR.NS,Sold,13919,15.654999732971191,2021-12-31,13.585000038146973,189089.6155309677,0.0,,-28812.3257522583,-13.222610859996161,,
2022-01-31,,,,,UNOMINDA.NS,Sold,355,612.4249877929688,2021-12-31,551.5750122070312,195809.1293334961,0.0,,-21601.741333007812,-9.935906731243293,,
2022-01-31,,,,,BSE.NS,Sold,1022,213.1666717529297,2021-12-31,217.01666259765625,221791.0291748047,0.0,,3934.690643310547,1.8060941764803107,,
2022-01-31,,,,,TANLA.NS,Sold,137,1499.25,2021-11-30,1748.199951171875,239503.39331054688,0.0,,34106.143310546875,16.604965894405534,,
2022-01-31,,,,,TECHM.NS,Sold,121,1790.550048828125,2021-12-31,1479.0,178959.0,0.0,,-37697.555908203125,-17.39968391456176,,
2022-01-31,,,,,LYKALABS.NS,Sold,980,222.3000030517578,2021-12-31,171.85000610351562,168413.0059814453,0.0,,-49440.997009277344,-22.694555220719444,,
2022-01-31,,,,,63MOONS.NS,Sold,955,228.14999389648438,2021-12-31,261.20001220703125,249446.01165771484,0.0,,31562.767486572266,14.48609213004943,,
2022-01-31,,,,,TTML.NS,Sold,3831,52.599998474121094,2021-10-31,149.1999969482422,571585.1883087158,0.0,,370074.5941543579,183.65019254068565,,
2022-01-31,25366916.298307896,27187776.54357004,407983.1339416504,1412877.1113204956,BCG.NS,Held,8159,23.45999526977539,2021-08-31,108.5999755859375,886067.2008056641,694657.0993995667,362.91559029362605,,,1803.6330351829529,5958727.343699932
2022-01-31,25366916.298307896,27187776.54357004,407983.1339416504,1412877.1113204956,CGPOWER.NS,Held,1593,122.94999694824219,2021-09-30,174.5500030517578,278058.1548614502,82198.80972290039,41.96828579445796,,,1803.6330351829529,5958727.343699932
2022-01-31,25366916.298307896,27187776.54357004,407983.1339416504,1412877.1113204956,TRIDENT.NS,Held,6997,28.0,2021-09-30,60.900001525878906,426117.3106765747,230201.3106765747,117.50000544956751,,,1803.6330351829529,5958727.343699932
2022-01-31,25366916.298307896,27187776.54357004,407983.1339416504,1412877.1113204956,BORORENEW.NS,Held,351,588.1500244140625,2021-11-30,639.9000244140625,224604.90856933594,18164.25,8.79877545725775,,,1803.6330351829529,5958727.343699932
2022-01-31,25366916.298307896,27187776.54357004,407983.1339416504,1412877.1113204956,FLUOROCHEM.NS,Held,104,1966.8499755859375,2021-11-30,2793.300048828125,290503.205078125,85950.8076171875,42.01896857923709,,,1803.6330351829529,5958727.343699932
2022-01-31,25366916.298307896,27187776.54357004,407983.1339416504,1412877.1113204956,GOKEX.NS,Held,768,268.6499938964844,2021-11-30,391.20001220703125,300441.609375,94118.4140625,45.61698160982188,,,1803.6330351829529,5958727.343699932
2022-01-31,25366916.298307896,27187776.54357004,407983.1339416504,1412877.1113204956,JBMA.NS,Held,1103,187.1199951171875,2021-11-30,304.29998779296875,335642.88653564453,129249.53192138672,62.622913495906744,,,1803.6330351829529,5958727.343699932
2022-01-31,25366916.298307896,27187776.54357004,407983.1339416504,1412877.1113204956,RAMASTEEL.NS,Held,48196,4.52133321762085,2021-12-31,4.703332901000977,226681.83249664307,8771.656740188599,4.02535435058901,,,1803.6330351829529,5958727.343699932
2022-01-31,25366916.298307896,27187776.54357004,407983.1339416504,1412877.1113204956,KPRMILL.NS,Held,325,669.2999877929688,2021-12-31,670.75,217993.75,471.25396728515625,0.21664608299377033,,,1803.6330351829529,5958727.343699932
2022-01-31,25366916.298307896,27187776.54357004,407983.1339416504,1412877.1113204956,STEELXIND.NS,Held,12491,17.44499969482422,2021-12-31,23.260000228881836,290540.662858963,72635.1716709137,33.33333697783255,,,1803.6330351829529,5958727.343699932
2022-01-31,25366916.298307896,27187776.54357004,407983.1339416504,1412877.1113204956,EKC.NS,Held,908,239.75,2021-12-31,235.85000610351562,214151.8055419922,-3541.1944580078125,-1.626691927626434,,,1803.6330351829529,5958727.343699932
2022-01-31,25366916.298307896,27187776.54357004,407983.1339416504,1412877.1113204956,PRECWIRE.NS,Held,3358,75.03333282470703,2022-01-31,75.03333282470703,251961.9316253662,0.0,0.0,,,1803.6330351829529,5958727.343699932
2022-01-31,25366916.298307896,27187776.54357004,407983.1339416504,1412877.1113204956,POONAWALLA.NS,Held,888,283.75,2022-01-31,283.75,251970.0,0.0,0.0,,,1803.6330351829529,5958727.343699932
2022-01-31,25366916.298307896,27187776.54357004,407983.1339416504,1412877.1113204956,ADANIGREEN.NS,Held,134,1877.8499755859375,2022-01-31,1877.8499755859375,251631.89672851562,0.0,0.0,,,1803.6330351829529,5958727.343699932
2022-01-31,25366916.298307896,27187776.54357004,407983.1339416504,1412877.1113204956,SHARDACROP.NS,Held,432,582.8499755859375,2022-01-31,582.8499755859375,251791.189453125,0.0,0.0,,,1803.6330351829529,5958727.343699932
2022-01-31,25366916.298307896,27187776.54357004,407983.1339416504,1412877.1113204956,JINDWORLD.NS,Held,3843,65.56999969482422,2022-01-31,65.56999969482422,251985.50882720947,0.0,0.0,,,1803.6330351829529,5958727.343699932
2022-01-31,25366916.298307896,27187776.54357004,407983.1339416504,1412877.1113204956,KABRAEXTRU.NS,Held,518,485.6000061035156,2022-01-31,485.6000061035156,251540.8031616211,0.0,0.0,,,1803.6330351829529,5958727.343699932
2022-01-31,25366916.298307896,27187776.54357004,407983.1339416504,1412877.1113204956,SUZLON.NS,Held,22965,10.97265625,2022-01-31,10.97265625,251987.05078125,0.0,0.0,,,1803.6330351829529,5958727.343699932
2022-01-31,25366916.298307896,27187776.54357004,407983.1339416504,1412877.1113204956,ATGL.NS,Held,138,1821.25,2022-01-31,1821.25,251332.5,0.0,0.0,,,1803.6330351829529,5958727.343699932
2022-01-31,25366916.298307896,27187776.54357004,407983.1339416504,1412877.1113204956,MANINFRA.NS,Held,2155,116.9000015258789,2022-01-31,116.9000015258789,251919.50328826904,0.0,0.0,,,1803.6330351829529,5958727.343699932
2022-02-28,,,,,POONAWALLA.NS,Sold,888,283.75,2022-01-31,237.1999969482422,210633.59729003906,0.0,,-41336.40270996094,-16.4052874191217,,
2022-02-28,,,,,BORORENEW.NS,Sold,351,588.1500244140625,2021-11-30,581.2999877929688,204036.29571533203,0.0,,-2404.3628540039062,-1.164675055130367,,
2022-02-28,,,,,ATGL.NS,Sold,138,1821.25,2022-01-31,1588.5,219213.0,0.0,,-32119.5,-12.779684282772822,,
2022-02-28,,,,,TRIDENT.NS,Sold,6997,28.0,2021-09-30,50.75,355097.75,0.0,,159181.75,81.25,,
2022-02-28,,,,,EKC.NS,Sold,908,239.75,2021-12-31,186.89999389648438,169705.1944580078,0.0,,-47987.80554199219,-22.043798166221322,,
2022-02-28,,,,,BCG.NS,Sold,8159,23.45999526977539,2021-08-31,71.8799819946289,586468.7730941772,0.0,,395058.67168807983,206.39384692133865,,
2022-02-28,,,,,MANINFRA.NS,Sold,2155,116.9000015258789,2022-01-31,101.25,218193.75,0.0,,-33725.75328826904,-13.38751182344028,,
2022-02-28,,,,,JINDWORLD.NS,Sold,3843,65.56999969482422,2022-01-31,58.290000915527344,224008.47351837158,0.0,,-27977.03530883789,-11.102636591702659,,
2022-02-28,,,,,KABRAEXTRU.NS,Sold,518,485.6000061035156,2022-01-31,430.25,222869.5,0.0,,-28671.303161621094,-11.398271294855922,,
2022-02-28,,,,,JBMA.NS,Sold,1103,187.1199951171875,2021-11-30,215.85000610351562,238082.55673217773,0.0,,31689.202117919922,15.353789940158668,,
2022-02-28,,,,,STEELXIND.NS,Sold,12491,17.44499969482422,2021-12-31,23.670000076293945,295661.9709529877,0.0,,77756.47976493835,35.68357976708151,,
2022-02-28,,,,,GOKEX.NS,Sold,768,268.6499938964844,2021-11-30,345.45001220703125,265305.609375,0.0,,58982.4140625,28.587388816446165,,
2022-02-28,,,,,SUZLON.NS,Sold,22965,10.97265625,2022-01-31,8.631211280822754,198215.76706409454,0.0,,-53771.28371715546,-21.33890751546369,,
2022-02-28,,,,,RAMASTEEL.NS,Sold,48196,4.52133321762085,2021-12-31,4.431333065032959,213572.5284023285,0.0,,-4337.647354125977,-1.9905666814632434,,
2022-02-28,,,,,PRECWIRE.NS,Sold,3358,75.03333282470703,2022-01-31,59.0,198122.0,0.0,,-53839.93162536621,-21.368280231086263,,
2022-02-28,27187776.54357004,27687331.977307796,396497.4920721054,103057.94166564941,CGPOWER.NS,Held,1593,122.94999694824219,2021-09-30,171.25,272801.25,76941.9048614502,39.284265352272016,,,3547.226974964142,5045405.666117191
2022-02-28,27187776.54357004,27687331.977307796,396497.4920721054,103057.94166564941,FLUOROCHEM.NS,Held,104,1966.8499755859375,2021-11-30,2579.75,268294.0,63741.6025390625,31.161503521969212,,,3547.226974964142,5045405.666117191
2022-02-28,27187776.54357004,27687331.977307796,396497.4920721054,103057.94166564941,KPRMILL.NS,Held,325,669.2999877929688,2021-12-31,632.4000244140625,205530.0079345703,-11992.488098144531,-5.513217399059677,,,3547.226974964142,5045405.666117191
2022-02-28,27187776.54357004,27687331.977307796,396497.4920721054,103057.94166564941,ADANIGREEN.NS,Held,134,1877.8499755859375,2022-01-31,1843.4000244140625,247015.60327148438,-4616.29345703125,-1.8345422488357053,,,3547.226974964142,5045405.666117191
2022-02-28,27187776.54357004,27687331.977307796,396497.4920721054,103057.94166564941,SHARDACROP.NS,Held,432,582.8499755859375,2022-01-31,534.2000122070312,230774.4052734375,-21016.7841796875,-8.346910082650098,,,3547.226974964142,5045405.666117191
2022-02-28,27187776.54357004,27687331.977307796,396497.4920721054,103057.94166564941,POWERINDIA.NS,Held,77,3303.449951171875,2022-02-28,3303.449951171875,254365.64624023438,0.0,0.0,,,3547.226974964142,5045405.666117191
2022-02-28,27187776.54357004,27687331.977307796,396497.4920721054,103057.94166564941,AMBIKCO.NS,Held,101,2512.5,2022-02-28,2512.5,253762.5,0.0,0.0,,,3547.226974964142,5045405.666117191
2022-02-28,27187776.54357004,27687331.977307796,396497.4920721054,103057.94166564941,HINDALCO.NS,Held,443,573.75,2022-02-28,573.75,254171.25,0.0,0.0,,,3547.226974964142,5045405.666117191
2022-02-28,27187776.54357004,27687331.977307796,396497.4920721054,103057.94166564941,FCL.NS,Held,16091,15.829999923706055,2022-02-28,15.829999923706055,254720.52877235413,0.0,0.0,,,3547.226974964142,5045405.666117191
2022-02-28,27187776.54357004,27687331.977307796,396497.4920721054,103057.94166564941,NATIONALUM.NS,Held,2100,121.30000305175781,2022-02-28,121.30000305175781,254730.0064086914,0.0,0.0,,,3547.226974964142,5045405.666117191
2022-02-28,27187776.54357004,27687331.977307796,396497.4920721054,103057.94166564941,JAGSNPHARM.NS,Held,2632,96.76000213623047,2022-02-28,96.76000213623047,254672.3256225586,0.0,0.0,,,3547.226974964142,5045405.666117191
2022-02-28,27187776.54357004,27687331.977307796,396497.4920721054,103057.94166564941,BIRLACABLE.NS,Held,1738,146.5,2022-02-28,146.5,254617.0,0.0,0.0,,,3547.226974964142,5045405.666117191
2022-02-28,27187776.54357004,27687331.977307796,396497.4920721054,103057.94166564941,BSE.NS,Held,1167,218.15554809570312,2022-02-28,218.15554809570312,254587.52462768555,0.0,0.0,,,3547.226974964142,5045405.666117191
2022-02-28,27187776.54357004,27687331.977307796,396497.4920721054,103057.94166564941,RHIM.NS,Held,488,521.4000244140625,2022-02-28,521.4000244140625,254443.2119140625,0.0,0.0,,,3547.226974964142,5045405.666117191
2022-02-28,27187776.54357004,27687331.977307796,396497.4920721054,103057.94166564941,DEEPAKFERT.NS,Held,450,566.0,2022-02-28,566.0,254700.0,0.0,0.0,,,3547.226974964142,5045405.666117191
2022-02-28,27187776.54357004,27687331.977307796,396497.4920721054,103057.94166564941,GMDCLTD.NS,Held,1920,132.64999389648438,2022-02-28,132.64999389648438,254687.98828125,0.0,0.0,,,3547.226974964142,5045405.666117191
2022-02-28,27187776.54357004,27687331.977307796,396497.4920721054,103057.94166564941,BUTTERFLY.NS,Held,184,1383.0,2022-02-28,1383.0,254472.0,0.0,0.0,,,3547.226974964142,5045405.666117191
2022-02-28,27187776.54357004,27687331.977307796,396497.4920721054,103057.94166564941,NDTV.NS,Held,1706,149.25,2022-02-28,149.25,254620.5,0.0,0.0,,,3547.226974964142,5045405.666117191
2022-02-28,27187776.54357004,27687331.977307796,396497.4920721054,103057.94166564941,GRAVITA.NS,Held,754,337.54998779296875,2022-02-28,337.54998779296875,254512.69079589844,0.0,0.0,,,3547.226974964142,5045405.666117191
2022-02-28,27187776.54357004,27687331.977307796,396497.4920721054,103057.94166564941,GNFC.NS,Held,460,553.0,2022-02-28,553.0,254380.0,0.0,0.0,,,3547.226974964142,5045405.666117191
2022-03-31,,,,,CGPOWER.NS,Sold,1593,122.94999694824219,2021-09-30,189.4499969482422,301793.8451385498,0.0,,105934.5,54.08702858934943,,
2022-03-31,,,,,KPRMILL.NS,Sold,325,669.2999877929688,2021-12-31,622.5499877929688,202328.74603271484,0.0,,-15193.75,-6.984909734446454,,
2022-03-31,,,,,HINDALCO.NS,Sold,443,573.75,2022-02-28,569.5,252288.5,0.0,,-1882.75,-0.7407407407407408,,
2022-03-31,,,,,ADANIGREEN.NS,Sold,134,1877.8499755859375,2022-01-31,1914.699951171875,256569.79345703125,0.0,,4937.896728515625,1.962349285886875,,
2022-03-31,,,,,FCL.NS,Sold,16091,15.829999923706055,2022-02-28,18.06999969482422,290764.3650894165,0.0,,36043.83631706238,14.150346063891481,,
2022-03-31,,,,,NATIONALUM.NS,Sold,2100,121.30000305175781,2022-02-28,121.80000305175781,255780.0064086914,0.0,,1050.0,0.4122011437927613,,
2022-03-31,,,,,BIRLACABLE.NS,Sold,1738,146.5,2022-02-28,156.6999969482422,272344.5946960449,0.0,,17727.594696044922,6.9624552547728245,,
2022-03-31,,,,,DEEPAKFERT.NS,Sold,450,566.0,2022-02-28,561.3499755859375,252607.48901367188,0.0,,-2092.510986328125,-0.8215590837566255,,
2022-03-31,,,,,POWERINDIA.NS,Sold,77,3303.449951171875,2022-02-28,3521.25,271136.25,0.0,,16770.603759765625,6.593108781649984,,
2022-03-31,,,,,BUTTERFLY.NS,Sold,184,1383.0,2022-02-28,1389.0999755859375,255594.3955078125,0.0,,1122.3955078125,0.441068372085141,,
2022-03-31,,,,,GRAVITA.NS,Sold,754,337.54998779296875,2022-02-28,317.75,239583.5,0.0,,-14929.190795898438,-5.865794255371971,,
2022-03-31,,,,,JAGSNPHARM.NS,Sold,2632,96.76000213623047,2022-02-28,125.41999816894531,330105.43518066406,0.0,,75433.10955810547,29.61967279864652,,
2022-03-31,,,,,AMBIKCO.NS,Sold,101,2512.5,2022-02-28,2356.300048828125,237986.30493164062,0.0,,-15776.195068359375,-6.216913479477612,,
2022-03-31,27687331.977307796,28524684.51006651,209145.53971672058,628206.9930419922,FLUOROCHEM.NS,Held,104,1966.8499755859375,2021-11-30,2742.550048828125,285225.205078125,80672.8076171875,39.43870060608468,,,5825.817955493927,5779700.257210255
2022-03-31,27687331.977307796,28524684.51006651,209145.53971672058,628206.9930419922,SHARDACROP.NS,Held,432,582.8499755859375,2022-01-31,615.0,265680.0,13888.810546875,5.516003390365105,,,5825.817955493927,5779700.257210255
2022-03-31,27687331.977307796,28524684.51006651,209145.53971672058,628206.9930419922,BSE.NS,Held,1167,218.15554809570312,2022-02-28,314.6666564941406,367215.9881286621,112628.46350097656,44.239584663736736,,,5825.817955493927,5779700.257210255
2022-03-31,27687331.977307796,28524684.51006651,209145.53971672058,628206.9930419922,RHIM.NS,Held,488,521.4000244140625,2022-02-28,612.9500122070312,299119.60595703125,44676.39404296875,17.558493192602082,,,5825.817955493927,5779700.257210255
2022-03-31,27687331.977307796,28524684.51006651,209145.53971672058,628206.9930419922,GMDCLTD.NS,Held,1920,132.64999389648438,2022-02-28,189.75,364320.0,109632.01171875,43.04561532665773,,,5825.817955493927,5779700.257210255
2022-03-31,27687331.977307796,28524684.51006651,209145.53971672058,628206.9930419922,NDTV.NS,Held,1706,149.25,2022-02-28,227.0,387262.0,132641.5,52.09380234505863,,,5825.817955493927,5779700.257210255
2022-03-31,27687331.977307796,28524684.51006651,209145.53971672058,628206.9930419922,GNFC.NS,Held,460,553.0,2022-02-28,844.4500122070312,388447.0056152344,134067.00561523438,52.70343801212138,,,5825.817955493927,5779700.257210255
2022-03-31,27687331.977307796,28524684.51006651,209145.53971672058,628206.9930419922,TRIDENT.NS,Held,4934,53.349998474121094,2022-03-31,53.349998474121094,263228.8924713135,0.0,0.0,,,5825.817955493927,5779700.257210255
2022-03-31,27687331.977307796,28524684.51006651,209145.53971672058,628206.9930419922,NAHARPOLY.NS,Held,468,561.5999755859375,2022-03-31,561.5999755859375,262828.78857421875,0.0,0.0,,,5825.817955493927,5779700.257210255
2022-03-31,27687331.977307796,28524684.51006651,209145.53971672058,628206.9930419922,DHAMPURSUG.NS,Held,492,534.7000122070312,2022-03-31,534.7000122070312,263072.4060058594,0.0,0.0,,,5825.817955493927,5779700.257210255
2022-03-31,27687331.977307796,28524684.51006651,209145.53971672058,628206.9930419922,LINDEINDIA.NS,Held,69,3784.89990234375,2022-03-31,3784.89990234375,261158.09326171875,0.0,0.0,,,5825.817955493927,5779700.257210255
2022-03-31,27687331.977307796,28524684.51006651,209145.53971672058,628206.9930419922,UGARSUGAR.NS,Held,3843,68.5,2022-03-31,68.5,263245.5,0.0,0.0,,,5825.817955493927,5779700.257210255
2022-03-31,27687331.977307796,28524684.51006651,209145.53971672058,628206.9930419922,INGERRAND.NS,Held,164,1597.6500244140625,2022-03-31,1597.6500244140625,262014.60400390625,0.0,0.0,,,5825.817955493927,5779700.257210255
2022-03-31,27687331.977307796,28524684.51006651,209145.53971672058,628206.9930419922,SARDAEN.NS,Held,2324,113.26499938964844,2022-03-31,113.26499938964844,263227.85858154297,0.0,0.0,,,5825.817955493927,5779700.257210255
2022-03-31,27687331.977307796,28524684.51006651,209145.53971672058,628206.9930419922,TRIVENI.NS,Held,846,311.1499938964844,2022-03-31,311.1499938964844,263232.8948364258,0.0,0.0,,,5825.817955493927,5779700.257210255
2022-03-31,27687331.977307796,28524684.51006651,209145.53971672058,628206.9930419922,POLYPLEX.NS,Held,108,2424.89990234375,2022-03-31,2424.89990234375,261889.189453125,0.0,0.0,,,5825.817955493927,5779700.257210255
2022-03-31,27687331.977307796,28524684.51006651,209145.53971672058,628206.9930419922,GOKEX.NS,Held,651,404.29998779296875,2022-03-31,404.29998779296875,263199.29205322266,0.0,0.0,,,5825.817955493927,5779700.257210255
2022-03-31,27687331.977307796,28524684.51006651,209145.53971672058,628206.9930419922,USHAMART.NS,Held,1957,134.5,2022-03-31,134.5,263216.5,0.0,0.0,,,5825.817955493927,5779700.257210255
2022-03-31,27687331.977307796,28524684.51006651,209145.53971672058,628206.9930419922,DWARKESH.NS,Held,2096,125.55000305175781,2022-03-31,125.55000305175781,263152.8063964844,0.0,0.0,,,5825.817955493927,5779700.257210255
2022-03-31,27687331.977307796,28524684.51006651,209145.53971672058,628206.9930419922,AVADHSUGAR.NS,Held,362,726.9000244140625,2022-03-31,726.9000244140625,263137.8088378906,0.0,0.0,,,5825.817955493927,5779700.257210255
2022-04-30,,,,,DHAMPURSUG.NS,Sold,492,534.7000122070312,2022-03-31,522.0,256824.0,0.0,,-6248.406005859375,-2.375165871908362,,
2022-04-30,,,,,LINDEINDIA.NS,Sold,69,3784.89990234375,2022-03-31,3581.64990234375,247133.84326171875,0.0,,-14024.25,-5.3700231246311185,,
2022-04-30,,,,,SHARDACROP.NS,Sold,432,582.8499755859375,2022-01-31,622.1500244140625,268768.810546875,0.0,,16977.62109375,6.7427383502275635,,
2022-04-30,,,,,TRIVENI.NS,Sold,846,311.1499938964844,2022-03-31,320.3500061035156,271016.1051635742,0.0,,7783.2103271484375,2.956777241683629,,
2022-04-30,,,,,AVADHSUGAR.NS,Sold,362,726.9000244140625,2022-03-31,746.9500122070312,270395.9044189453,0.0,,7258.0955810546875,2.7582868509504572,,
2022-04-30,,,,,TRIDENT.NS,Sold,4934,53.349998474121094,2022-03-31,52.150001525878906,257308.10752868652,0.0,,-5920.784942626953,-2.249291438732242,,
2022-04-30,,,,,NAHARPOLY.NS,Sold,468,561.5999755859375,2022-03-31,506.5,237042.0,0.0,,-25786.78857421875,-9.811249640538126,,
2022-04-30,,,,,UGARSUGAR.NS,Sold,3843,68.5,2022-03-31,69.1500015258789,265743.45586395264,0.0,,2497.9558639526367,0.9489073370494983,,
2022-04-30,,,,,INGERRAND.NS,Sold,164,1597.6500244140625,2022-03-31,1701.5,279046.0,0.0,,17031.39599609375,6.500170500358765,,
2022-04-30,,,,,SARDAEN.NS,Sold,2324,113.26499938964844,2022-03-31,120.55000305175781,280158.20709228516,0.0,,16930.348510742188,6.431822452978506,,
2022-04-30,,,,,FLUOROCHEM.NS,Sold,104,1966.8499755859375,2021-11-30,2803.89990234375,291605.58984375,0.0,,87053.1923828125,42.55789394961097,,
2022-04-30,,,,,NDTV.NS,Sold,1706,149.25,2022-02-28,189.9499969482422,324054.6947937012,0.0,,69434.19479370117,27.269679697314697,,
2022-04-30,28524684.51006651,29133327.65762663,172985.7850265503,435657.36253356934,BSE.NS,Held,1167,218.15554809570312,2022-02-28,299.8500061035156,349924.95712280273,95337.43249511719,37.44780213977129,,,2703.9744687080383,5760136.411728382
2022-04-30,28524684.51006651,29133327.65762663,172985.7850265503,435657.36253356934,RHIM.NS,Held,488,521.4000244140625,2022-02-28,608.0499877929688,296728.39404296875,42285.18212890625,16.618711032144947,,,2703.9744687080383,5760136.411728382
2022-04-30,28524684.51006651,29133327.65762663,172985.7850265503,435657.36253356934,GMDCLTD.NS,Held,1920,132.64999389648438,2022-02-28,186.89999389648438,358847.98828125,104160.0,40.8970995070945,,,2703.9744687080383,5760136.411728382
2022-04-30,28524684.51006651,29133327.65762663,172985.7850265503,435657.36253356934,GNFC.NS,Held,460,553.0,2022-02-28,827.5499877929688,380672.9943847656,126292.99438476562,49.64737573109742,,,2703.9744687080383,5760136.411728382
2022-04-30,28524684.51006651,29133327.65762663,172985.7850265503,435657.36253356934,POLYPLEX.NS,Held,108,2424.89990234375,2022-03-31,2733.39990234375,295207.189453125,33318.0,12.722174622623559,,,2703.9744687080383,5760136.411728382
2022-04-30,28524684.51006651,29133327.65762663,172985.7850265503,435657.36253356934,GOKEX.NS,Held,651,404.29998779296875,2022-03-31,399.70001220703125,260204.70794677734,-2994.5841064453125,-1.137762979179961,,,2703.9744687080383,5760136.411728382
2022-04-30,28524684.51006651,29133327.65762663,172985.7850265503,435657.36253356934,USHAMART.NS,Held,1957,134.5,2022-03-31,151.4499969482422,296387.64402770996,33171.14402770996,12.60222821430646,,,2703.9744687080383,5760136.411728382
2022-04-30,28524684.51006651,29133327.65762663,172985.7850265503,435657.36253356934,DWARKESH.NS,Held,2096,125.55000305175781,2022-03-31,127.5,267240.0,4087.193603515625,1.55316360083106,,,2703.9744687080383,5760136.411728382
2022-04-30,28524684.51006651,29133327.65762663,172985.7850265503,435657.36253356934,CHENNPETRO.NS,Held,971,279.25,2022-04-30,279.25,271151.75,0.0,0.0,,,2703.9744687080383,5760136.411728382
2022-04-30,28524684.51006651,29133327.65762663,172985.7850265503,435657.36253356934,ADANIGREEN.NS,Held,94,2882.800048828125,2022-04-30,2882.800048828125,270983.20458984375,0.0,0.0,,,2703.9744687080383,5760136.411728382
2022-04-30,28524684.51006651,29133327.65762663,172985.7850265503,435657.36253356934,RENUKA.NS,Held,5041,53.79999923706055,2022-04-30,53.79999923706055,271205.7961540222,0.0,0.0,,,2703.9744687080383,5760136.411728382
2022-04-30,28524684.51006651,29133327.65762663,172985.7850265503,435657.36253356934,APCOTEXIND.NS,Held,458,591.0999755859375,2022-04-30,591.0999755859375,270723.7888183594,0.0,0.0,,,2703.9744687080383,5760136.411728382
2022-04-30,28524684.51006651,29133327.65762663,172985.7850265503,435657.36253356934,NIITLTD.NS,Held,472,574.4000244140625,2022-04-30,574.4000244140625,271116.8115234375,0.0,0.0,,,2703.9744687080383,5760136.411728382
2022-04-30,28524684.51006651,29133327.65762663,172985.7850265503,435657.36253356934,ADANIENT.NS,Held,116,2332.0,2022-04-30,2332.0,270512.0,0.0,0.0,,,2703.9744687080383,5760136.411728382
2022-04-30,28524684.51006651,29133327.65762663,172985.7850265503,435657.36253356934,GAEL.NS,Held,1636,165.72500610351562,2022-04-30,165.72500610351562,271126.10998535156,0.0,0.0,,,2703.9744687080383,5760136.411728382
2022-04-30,28524684.51006651,29133327.65762663,172985.7850265503,435657.36253356934,DEEPAKFERT.NS,Held,401,674.7999877929688,2022-04-30,674.7999877929688,270594.79510498047,0.0,0.0,,,2703.9744687080383,5760136.411728382
2022-04-30,28524684.51006651,29133327.65762663,172985.7850265503,435657.36253356934,BLS.NS,Held,3000,90.4124984741211,2022-04-30,90.4124984741211,271237.4954223633,0.0,0.0,,,2703.9744687080383,5760136.411728382
2022-04-30,28524684.51006651,29133327.65762663,172985.7850265503,435657.36253356934,ANGELONE.NS,Held,1391,194.9199981689453,2022-04-30,194.9199981689453,271133.71745300293,0.0,0.0,,,2703.9744687080383,5760136.411728382
2022-04-30,28524684.51006651,29133327.65762663,172985.7850265503,435657.36253356934,ADANIPOWER.NS,Held,4837,56.06999969482422,2022-04-30,56.06999969482422,271210.58852386475,0.0,0.0,,,2703.9744687080383,5760136.411728382
2022-04-30,28524684.51006651,29133327.65762663,172985.7850265503,435657.36253356934,BDL.NS,Held,725,374.1000061035156,2022-04-30,374.1000061035156,271222.5044250488,0.0,0.0,,,2703.9744687080383,5760136.411728382
2022-05-31,,,,,POLYPLEX.NS,Sold,108,2424.89990234375,2022-03-31,2367.64990234375,255706.189453125,0.0,,-6183.0,-2.3609221949601253,,
2022-05-31,,,,,RHIM.NS,Sold,488,521.4000244140625,2022-02-28,536.6500244140625,261885.2119140625,0.0,,7442.0,2.9248176612836954,,
2022-05-31,,,,,ADANIGREEN.NS,Sold,94,2882.800048828125,2022-04-30,1888.949951171875,177561.29541015625,0.0,,-93421.9091796875,-34.47516583955436,,
2022-05-31,,,,,RENUKA.NS,Sold,5041,53.79999923706055,2022-04-30,46.900001525878906,236422.90769195557,0.0,,-34782.88846206665,-12.82527473797532,,
2022-05-31,,,,,NIITLTD.NS,Sold,472,574.4000244140625,2022-04-30,460.29998779296875,217261.59423828125,0.0,,-53855.21728515625,-19.86421165937199,,
2022-05-31,,,,,BSE.NS,Sold,1167,218.15554809570312,2022-02-28,251.9499969482422,294025.64643859863,0.0,,39438.121810913086,15.490987576311241,,
2022-05-31,,,,,ANGELONE.NS,Sold,1391,194.9199981689453,2022-04-30,147.5500030517578,205242.05424499512,0.0,,-65891.66320800781,-24.302275580841094,,
2022-05-31,,,,,USHAMART.NS,Sold,1957,134.5,2022-03-31,117.1500015258789,229262.55298614502,0.0,,-33953.94701385498,-12.899627118305645,,
2022-05-31,,,,,GMDCLTD.NS,Sold,1920,132.64999389648438,2022-02-28,155.10000610351562,297792.01171875,0.0,,43104.0234375,16.92424669431232,,
2022-05-31,,,,,DWARKESH.NS,Sold,2096,125.55000305175781,2022-03-31,109.94999694824219,230455.19360351562,0.0,,-32697.61279296875,-12.4253331137591,,
2022-05-31,,,,,GNFC.NS,Sold,460,553.0,2022-02-28,665.75,306245.0,0.0,,51865.0,20.38878842676311,,
2022-05-31,29133327.65762663,29027453.40491438,-178937.09269332886,73062.8399810791,GOKEX.NS,Held,651,404.29998779296875,2022-03-31,443.70001220703125,288848.70794677734,25649.415893554688,9.745245016984319,,,5654.34480714798,5218604.796482563
2022-05-31,29133327.65762663,29027453.40491438,-178937.09269332886,73062.8399810791,CHENNPETRO.NS,Held,971,279.25,2022-04-30,281.25,273093.75,1942.0,0.7162041181736795,,,5654.34480714798,5218604.796482563
2022-05-31,29133327.65762663,29027453.40491438,-178937.09269332886,73062.8399810791,APCOTEXIND.NS,Held,458,591.0999755859375,2022-04-30,608.5,278693.0,7969.211181640625,2.9436686064509545,,,5654.34480714798,5218604.796482563
2022-05-31,29133327.65762663,29027453.40491438,-178937.09269332886,73062.8399810791,ADANIENT.NS,Held,116,2332.0,2022-04-30,2167.550048828125,251435.8056640625,-19076.1943359375,-7.051884698622427,,,5654.34480714798,5218604.796482563
2022-05-31,29133327.65762663,29027453.40491438,-178937.09269332886,73062.8399810791,GAEL.NS,Held,1636,165.72500610351562,2022-04-30,168.25,275257.0,4130.8900146484375,1.5236046483577779,,,5654.34480714798,5218604.796482563
2022-05-31,29133327.65762663,29027453.40491438,-178937.09269332886,73062.8399810791,DEEPAKFERT.NS,Held,401,674.7999877929688,2022-04-30,647.7000122070312,259727.70489501953,-10867.090209960938,-4.0160011968245435,,,5654.34480714798,5218604.796482563
2022-05-31,29133327.65762663,29027453.40491438,-178937.09269332886,73062.8399810791,BLS.NS,Held,3000,90.4124984741211,2022-04-30,93.4000015258789,280200.0045776367,8962.509155273438,3.3043031684528987,,,5654.34480714798,5218604.796482563
2022-05-31,29133327.65762663,29027453.40491438,-178937.09269332886,73062.8399810791,ADANIPOWER.NS,Held,4837,56.06999969482422,2022-04-30,64.6500015258789,312712.05738067627,41501.46885681152,15.302304044504394,,,5654.34480714798,5218604.796482563
2022-05-31,29133327.65762663,29027453.40491438,-178937.09269332886,73062.8399810791,BDL.NS,Held,725,374.1000061035156,2022-04-30,391.82501220703125,284073.13385009766,12850.629425048828,4.7380395119830645,,,5654.34480714798,5218604.796482563
2022-05-31,29133327.65762663,29027453.40491438,-178937.09269332886,73062.8399810791,RAYMOND.NS,Held,251,981.7000122070312,2022-05-31,981.7000122070312,246406.70306396484,0.0,0.0,,,5654.34480714798,5218604.796482563
2022-05-31,29133327.65762663,29027453.40491438,-178937.09269332886,73062.8399810791,ITC.NS,Held,946,260.6130065917969,2022-05-31,260.6130065917969,246539.90423583984,0.0,0.0,,,5654.34480714798,5218604.796482563
2022-05-31,29133327.65762663,29027453.40491438,-178937.09269332886,73062.8399810791,GHCL.NS,Held,380,647.75,2022-05-31,647.75,246145.0,0.0,0.0,,,5654.34480714798,5218604.796482563
2022-05-31,29133327.65762663,29027453.40491438,-178937.09269332886,73062.8399810791,MRPL.NS,Held,3041,81.1500015258789,2022-05-31,81.1500015258789,246777.15464019775,0.0,0.0,,,5654.34480714798,5218604.796482563
2022-05-31,29133327.65762663,29027453.40491438,-178937.09269332886,73062.8399810791,VRLLOG.NS,Held,764,323.0,2022-05-31,323.0,246772.0,0.0,0.0,,,5654.34480714798,5218604.796482563
2022-05-31,29133327.65762663,29027453.40491438,-178937.09269332886,73062.8399810791,SHARDACROP.NS,Held,343,718.5,2022-05-31,718.5,246445.5,0.0,0.0,,,5654.34480714798,5218604.796482563
2022-05-31,29133327.65762663,29027453.40491438,-178937.09269332886,73062.8399810791,FLUOROCHEM.NS,Held,85,2887.25,2022-05-31,2887.25,245416.25,0.0,0.0,,,5654.34480714798,5218604.796482563
2022-05-31,29133327.65762663,29027453.40491438,-178937.09269332886,73062.8399810791,CREDITACC.NS,Held,230,1071.5,2022-05-31,1071.5,246445.0,0.0,0.0,,,5654.34480714798,5218604.796482563
2022-05-31,29133327.65762663,29027453.40491438,-178937.09269332886,73062.8399810791,NAVA.NS,Held,2662,92.69999694824219,2022-05-31,92.69999694824219,246767.3918762207,0.0,0.0,,,5654.34480714798,5218604.796482563
2022-05-31,29133327.65762663,29027453.40491438,-178937.09269332886,73062.8399810791,ATGL.NS,Held,102,2397.89990234375,2022-05-31,2397.89990234375,244585.7900390625,0.0,0.0,,,5654.34480714798,5218604.796482563
2022-05-31,29133327.65762663,29027453.40491438,-178937.09269332886,73062.8399810791,SHOPERSTOP.NS,Held,532,463.54998779296875,2022-05-31,463.54998779296875,246608.59350585938,0.0,0.0,,,5654.34480714798,5218604.796482563
2022-06-30,,,,,ADANIENT.NS,Sold,116,2332.0,2022-04-30,2190.89990234375,254144.388671875,0.0,,-16367.611328125,-6.050604530713979,,
2022-06-30,,,,,DEEPAKFERT.NS,Sold,401,674.7999877929688,2022-04-30,594.5499877929688,238414.54510498047,0.0,,-32180.25,-11.892412781818397,,
2022-06-30,,,,,RAYMOND.NS,Sold,251,981.7000122070312,2022-05-31,877.4500122070312,220239.95306396484,0.0,,-26166.75,-10.619333676652197,,
2022-06-30,,,,,MRPL.NS,Sold,3041,81.1500015258789,2022-05-31,90.5999984741211,275514.59535980225,0.0,,28737.440719604492,11.645097683982868,,
2022-06-30,,,,,APCOTEXIND.NS,Sold,458,591.0999755859375,2022-04-30,592.0999755859375,271181.7888183594,0.0,,458.0,0.16917611932037954,,
2022-06-30,,,,,FLUOROCHEM.NS,Sold,85,2887.25,2022-05-31,2774.949951171875,235870.74584960938,0.0,,-9545.504150390625,-3.8895159348211963,,
2022-06-30,,,,,GOKEX.NS,Sold,651,404.29998779296875,2022-03-31,346.20001220703125,225376.20794677734,0.0,,-37823.08410644531,-14.37051133815244,,
2022-06-30,,,,,GAEL.NS,Sold,1636,165.72500610351562,2022-04-30,141.35000610351562,231248.60998535156,0.0,,-39877.5,-14.70810022765956,,
2022-06-30,,,,,SHOPERSTOP.NS,Sold,532,463.54998779296875,2022-05-31,488.45001220703125,259855.40649414062,0.0,,13246.81298828125,5.371594233583149,,
2022-06-30,29027453.40491438,28827515.676795483,-119518.4458770752,-80419.28224182129,CHENNPETRO.NS,Held,971,279.25,2022-04-30,313.6000061035156,304505.6059265137,33353.85592651367,12.300807915314458,,,6388.3582882881165,4945604.228382587
2022-06-30,29027453.40491438,28827515.676795483,-119518.4458770752,-80419.28224182129,BLS.NS,Held,3000,90.4124984741211,2022-04-30,96.3499984741211,289049.9954223633,17812.5,6.567123019722213,,,6388.3582882881165,4945604.228382587
2022-06-30,29027453.40491438,28827515.676795483,-119518.4458770752,-80419.28224182129,ADANIPOWER.NS,Held,4837,56.06999969482422,2022-04-30,52.56999969482422,254281.08852386475,-16929.5,-6.242197287408016,,,6388.3582882881165,4945604.228382587
2022-06-30,29027453.40491438,28827515.676795483,-119518.4458770752,-80419.28224182129,BDL.NS,Held,725,374.1000061035156,2022-04-30,340.625,246953.125,-24269.379425048828,-8.948143693494861,,,6388.3582882881165,4945604.228382587
2022-06-30,29027453.40491438,28827515.676795483,-119518.4458770752,-80419.28224182129,ITC.NS,Held,946,260.6130065917969,2022-05-31,263.3573303222656,249136.03448486328,2596.1302490234375,1.0530263881906847,,,6388.3582882881165,4945604.228382587
2022-06-30,29027453.40491438,28827515.676795483,-119518.4458770752,-80419.28224182129,GHCL.NS,Held,380,647.75,2022-05-31,564.6500244140625,214567.00927734375,-31577.99072265625,-12.82901977397723,,,6388.3582882881165,4945604.228382587
2022-06-30,29027453.40491438,28827515.676795483,-119518.4458770752,-80419.28224182129,VRLLOG.NS,Held,764,323.0,2022-05-31,312.7250061035156,238921.90466308594,-7850.0953369140625,-3.1811126614502707,,,6388.3582882881165,4945604.228382587
2022-06-30,29027453.40491438,28827515.676795483,-119518.4458770752,-80419.28224182129,SHARDACROP.NS,Held,343,718.5,2022-05-31,632.0499877929688,216793.14581298828,-29652.35418701172,-12.032012833268094,,,6388.3582882881165,4945604.228382587
2022-06-30,29027453.40491438,28827515.676795483,-119518.4458770752,-80419.28224182129,CREDITACC.NS,Held,230,1071.5,2022-05-31,1015.7999877929688,233633.9971923828,-12811.002807617188,-5.198321251239501,,,6388.3582882881165,4945604.228382587
2022-06-30,29027453.40491438,28827515.676795483,-119518.4458770752,-80419.28224182129,NAVA.NS,Held,2662,92.69999694824219,2022-05-31,88.7249984741211,236185.94593811035,-10581.445938110352,-4.288024385093002,,,6388.3582882881165,4945604.228382587
2022-06-30,29027453.40491438,28827515.676795483,-119518.4458770752,-80419.28224182129,ATGL.NS,Held,102,2397.89990234375,2022-05-31,2392.89990234375,244075.7900390625,-510.0,-0.20851579313685742,,,6388.3582882881165,4945604.228382587
2022-06-30,29027453.40491438,28827515.676795483,-119518.4458770752,-80419.28224182129,ELECON.NS,Held,1886,130.5749969482422,2022-06-30,130.5749969482422,246264.44424438477,0.0,0.0,,,6388.3582882881165,4945604.228382587
2022-06-30,29027453.40491438,28827515.676795483,-119518.4458770752,-80419.28224182129,VADILALIND.NS,Held,120,2048.25,2022-06-30,2048.25,245790.0,0.0,0.0,,,6388.3582882881165,4945604.228382587
2022-06-30,29027453.40491438,28827515.676795483,-119518.4458770752,-80419.28224182129,BLUEDART.NS,Held,31,7802.14990234375,2022-06-30,7802.14990234375,241866.64697265625,0.0,0.0,,,6388.3582882881165,4945604.228382587
2022-06-30,29027453.40491438,28827515.676795483,-119518.4458770752,-80419.28224182129,MAHLIFE.NS,Held,604,407.79998779296875,2022-06-30,407.79998779296875,246311.19262695312,0.0,0.0,,,6388.3582882881165,4945604.228382587
2022-06-30,29027453.40491438,28827515.676795483,-119518.4458770752,-80419.28224182129,TIMETECHNO.NS,Held,4784,51.5,2022-06-30,51.5,246376.0,0.0,0.0,,,6388.3582882881165,4945604.228382587
2022-06-30,29027453.40491438,28827515.676795483,-119518.4458770752,-80419.28224182129,HBLENGINE.NS,Held,2596,94.9000015258789,2022-06-30,94.9000015258789,246360.40396118164,0.0,0.0,,,6388.3582882881165,4945604.228382587
2022-06-30,29027453.40491438,28827515.676795483,-119518.4458770752,-80419.28224182129,TVSMOTOR.NS,Held,292,841.9500122070312,2022-06-30,841.9500122070312,245849.40356445312,0.0,0.0,,,6388.3582882881165,4945604.228382587
2022-06-30,29027453.40491438,28827515.676795483,-119518.4458770752,-80419.28224182129,VBL.NS,Held,1558,158.11000061035156,2022-06-30,158.11000061035156,246335.38095092773,0.0,0.0,,,6388.3582882881165,4945604.228382587
2022-06-30,29027453.40491438,28827515.676795483,-119518.4458770752,-80419.28224182129,M&M.NS,Held,225,1093.1500244140625,2022-06-30,1093.1500244140625,245958.75549316406,0.0,0.0,,,6388.3582882881165,4945604.228382587
2022-07-31,,,,,GHCL.NS,Sold,380,647.75,2022-05-31,644.0999755859375,244757.99072265625,0.0,,-1387.00927734375,-0.5634927694423003,,
2022-07-31,,,,,TIMETECHNO.NS,Sold,4784,51.5,2022-06-30,53.525001525878906,256063.6072998047,0.0,,9687.607299804688,3.9320417978231186,,
2022-07-31,,,,,HBLENGINE.NS,Sold,2596,94.9000015258789,2022-06-30,87.75,227799.0,0.0,,-18561.40396118164,-7.534248062081564,,
2022-07-31,,,,,CREDITACC.NS,Sold,230,1071.5,2022-05-31,1056.449951171875,242983.48876953125,0.0,,-3461.51123046875,-1.4045775854526366,,
2022-07-31,,,,,NAVA.NS,Sold,2662,92.69999694824219,2022-05-31,100.125,266532.75,0.0,,19765.358123779297,8.009712293629809,,
2022-07-31,,,,,VRLLOG.NS,Sold,764,323.0,2022-05-31,312.25,238559.0,0.0,,-8213.0,-3.3281733746130033,,
2022-07-31,,,,,BDL.NS,Sold,725,374.1000061035156,2022-04-30,405.875,294259.375,0.0,,23036.870574951172,8.493716487054012,,
2022-07-31,,,,,MAHLIFE.NS,Sold,604,407.79998779296875,2022-06-30,400.20001220703125,241720.80737304688,0.0,,-4590.38525390625,-1.8636527252168147,,
2022-07-31,,,,,VADILALIND.NS,Sold,120,2048.25,2022-06-30,2171.35009765625,260562.01171875,0.0,,14772.01171875,6.010013311668497,,
2022-07-31,,,,,CHENNPETRO.NS,Sold,971,279.25,2022-04-30,276.0,267996.0,0.0,,-3155.75,-1.1638316920322291,,
2022-07-31,,,,,SHARDACROP.NS,Sold,343,718.5,2022-05-31,518.1500244140625,177725.45837402344,0.0,,-68720.04162597656,-27.884478160882047,,
2022-07-31,28827515.676795483,29197950.008307934,-40827.2536315918,411261.58514404297,BLS.NS,Held,3000,90.4124984741211,2022-04-30,120.80000305175781,362400.00915527344,91162.51373291016,33.60984940188837,,,6320.885495185852,5396457.84213686
2022-07-31,28827515.676795483,29197950.008307934,-40827.2536315918,411261.58514404297,ADANIPOWER.NS,Held,4837,56.06999969482422,2022-04-30,62.790000915527344,303715.23442840576,32504.645904541016,11.98502096892903,,,6320.885495185852,5396457.84213686
2022-07-31,28827515.676795483,29197950.008307934,-40827.2536315918,411261.58514404297,ITC.NS,Held,946,260.6130065917969,2022-05-31,291.81146240234375,276053.6434326172,29513.739196777344,11.971181415136972,,,6320.885495185852,5396457.84213686
2022-07-31,28827515.676795483,29197950.008307934,-40827.2536315918,411261.58514404297,ATGL.NS,Held,102,2397.89990234375,2022-05-31,3127.199951171875,318974.39501953125,74388.60498046875,30.414115623229065,,,6320.885495185852,5396457.84213686
2022-07-31,28827515.676795483,29197950.008307934,-40827.2536315918,411261.58514404297,ELECON.NS,Held,1886,130.5749969482422,2022-06-30,181.10000610351562,341554.61151123047,95290.1672668457,38.69424494438298,,,6320.885495185852,5396457.84213686
2022-07-31,28827515.676795483,29197950.008307934,-40827.2536315918,411261.58514404297,BLUEDART.NS,Held,31,7802.14990234375,2022-06-30,8587.4501953125,266210.9560546875,24344.30908203125,10.065178223925784,,,6320.885495185852,5396457.84213686
2022-07-31,28827515.676795483,29197950.008307934,-40827.2536315918,411261.58514404297,TVSMOTOR.NS,Held,292,841.9500122070312,2022-06-30,908.0499877929688,265150.5964355469,19301.19287109375,7.850819481867749,,,6320.885495185852,5396457.84213686
2022-07-31,28827515.676795483,29197950.008307934,-40827.2536315918,411261.58514404297,VBL.NS,Held,1558,158.11000061035156,2022-06-30,176.5399932861328,275049.3095397949,28713.928588867188,11.656437040437673,,,6320.885495185852,5396457.84213686
2022-07-31,28827515.676795483,29197950.008307934,-40827.2536315918,411261.58514404297,M&M.NS,Held,225,1093.1500244140625,2022-06-30,1164.449951171875,262001.23901367188,16042.483520507812,6.522428318659175,,,6320.885495185852,5396457.84213686
2022-07-31,28827515.676795483,29197950.008307934,-40827.2536315918,411261.58514404297,CGPOWER.NS,Held,1105,224.14999389648438,2022-07-31,224.14999389648438,247685.74325561523,0.0,0.0,,,6320.885495185852,5396457.84213686
2022-07-31,28827515.676795483,29197950.008307934,-40827.2536315918,411261.58514404297,CUMMINSIND.NS,Held,201,1226.8499755859375,2022-07-31,1226.8499755859375,246596.84509277344,0.0,0.0,,,6320.885495185852,5396457.84213686
2022-07-31,28827515.676795483,29197950.008307934,-40827.2536315918,411261.58514404297,PCJEWELLER.NS,Held,52883,4.684999942779541,2022-07-31,4.684999942779541,247756.85197401047,0.0,0.0,,,6320.885495185852,5396457.84213686
2022-07-31,28827515.676795483,29197950.008307934,-40827.2536315918,411261.58514404297,ADANIENT.NS,Held,96,2569.199951171875,2022-07-31,2569.199951171875,246643.1953125,0.0,0.0,,,6320.885495185852,5396457.84213686
2022-07-31,28827515.676795483,29197950.008307934,-40827.2536315918,411261.58514404297,WSTCSTPAPR.NS,Held,586,422.6000061035156,2022-07-31,422.6000061035156,247643.60357666016,0.0,0.0,,,6320.885495185852,5396457.84213686
2022-07-31,28827515.676795483,29197950.008307934,-40827.2536315918,411261.58514404297,SHOPERSTOP.NS,Held,424,583.4500122070312,2022-07-31,583.4500122070312,247382.80517578125,0.0,0.0,,,6320.885495185852,5396457.84213686
2022-07-31,28827515.676795483,29197950.008307934,-40827.2536315918,411261.58514404297,KKCL.NS,Held,722,342.8500061035156,2022-07-31,342.8500061035156,247537.70440673828,0.0,0.0,,,6320.885495185852,5396457.84213686
2022-07-31,28827515.676795483,29197950.008307934,-40827.2536315918,411261.58514404297,ABB.NS,Held,90,2736.14990234375,2022-07-31,2736.14990234375,246253.4912109375,0.0,0.0,,,6320.885495185852,5396457.84213686
2022-07-31,28827515.676795483,29197950.008307934,-40827.2536315918,411261.58514404297,KPIGREEN.NS,Held,3238,76.49444580078125,2022-07-31,76.49444580078125,247689.0155029297,0.0,0.0,,,6320.885495185852,5396457.84213686
2022-07-31,28827515.676795483,29197950.008307934,-40827.2536315918,411261.58514404297,RAJRATAN.NS,Held,268,922.4000244140625,2022-07-31,922.4000244140625,247203.20654296875,0.0,0.0,,,6320.885495185852,5396457.84213686
2022-07-31,28827515.676795483,29197950.008307934,-40827.2536315918,411261.58514404297,TIMKEN.NS,Held,83,2971.5,2022-07-31,2971.5,246634.5,0.0,0.0,,,6320.885495185852,5396457.84213686
2022-08-31,,,,,CGPOWER.NS,Sold,1105,224.14999389648438,2022-07-31,224.85000610351562,248459.25674438477,0.0,,773.5134887695312,0.3122963310695094,,
2022-08-31,,,,,CUMMINSIND.NS,Sold,201,1226.8499755859375,2022-07-31,1192.5999755859375,239712.59509277344,0.0,,-6884.25,-2.791702382652155,,
2022-08-31,,,,,BLUEDART.NS,Sold,31,7802.14990234375,2022-06-30,8545.7001953125,264916.7060546875,0.0,,23050.05908203125,9.530069304941053,,
2022-08-31,,,,,ABB.NS,Sold,90,2736.14990234375,2022-07-31,3262.75,293647.5,0.0,,47394.0087890625,19.246025124762767,,
2022-08-31,,,,,TIMKEN.NS,Sold,83,2971.5,2022-07-31,3016.199951171875,250344.59594726562,0.0,,3710.095947265625,1.504289119026586,,
2022-08-31,29197950.008307934,30493929.42777443,68043.4273071289,1227935.9921593666,BLS.NS,Held,3000,90.4124984741211,2022-04-30,129.8000030517578,389400.00915527344,118162.51373291016,43.56422534757257,,,550.6587800979614,6281175.676459312
2022-08-31,29197950.008307934,30493929.42777443,68043.4273071289,1227935.9921593666,ADANIPOWER.NS,Held,4837,56.06999969482422,2022-04-30,82.79000091552734,400455.23442840576,129244.64590454102,47.65471975411769,,,550.6587800979614,6281175.676459312
2022-08-31,29197950.008307934,30493929.42777443,68043.4273071289,1227935.9921593666,ITC.NS,Held,946,260.6130065917969,2022-05-31,308.6143493652344,291949.1744995117,45409.270263671875,18.418628986013317,,,550.6587800979614,6281175.676459312
2022-08-31,29197950.008307934,30493929.42777443,68043.4273071289,1227935.9921593666,ATGL.NS,Held,102,2397.89990234375,2022-05-31,3744.949951171875,381984.89501953125,137399.10498046875,56.1762418652878,,,550.6587800979614,6281175.676459312
2022-08-31,29197950.008307934,30493929.42777443,68043.4273071289,1227935.9921593666,ELECON.NS,Held,1886,130.5749969482422,2022-06-30,187.6750030517578,353955.05575561523,107690.61151123047,43.72966298145819,,,550.6587800979614,6281175.676459312
2022-08-31,29197950.008307934,30493929.42777443,68043.4273071289,1227935.9921593666,TVSMOTOR.NS,Held,292,841.9500122070312,2022-06-30,985.5999755859375,287795.19287109375,41945.789306640625,17.061578632483403,,,550.6587800979614,6281175.676459312
2022-08-31,29197950.008307934,30493929.42777443,68043.4273071289,1227935.9921593666,VBL.NS,Held,1558,158.11000061035156,2022-06-30,206.8300018310547,322241.1428527832,75905.76190185547,30.813990913053857,,,550.6587800979614,6281175.676459312
2022-08-31,29197950.008307934,30493929.42777443,68043.4273071289,1227935.9921593666,M&M.NS,Held,225,1093.1500244140625,2022-06-30,1308.699951171875,294457.4890136719,48498.73352050781,19.718238297012256,,,550.6587800979614,6281175.676459312
2022-08-31,29197950.008307934,30493929.42777443,68043.4273071289,1227935.9921593666,PCJEWELLER.NS,Held,52883,4.684999942779541,2022-07-31,7.135000228881836,377320.21710395813,129563.36512994766,52.29456384259304,,,550.6587800979614,6281175.676459312
2022-08-31,29197950.008307934,30493929.42777443,68043.4273071289,1227935.9921593666,ADANIENT.NS,Held,96,2569.199951171875,2022-07-31,3194.35009765625,306657.609375,60014.4140625,24.332483199652433,,,550.6587800979614,6281175.676459312
2022-08-31,29197950.008307934,30493929.42777443,68043.4273071289,1227935.9921593666,WSTCSTPAPR.NS,Held,586,422.6000061035156,2022-07-31,631.8499755859375,370264.0856933594,122620.48211669922,49.51489977763186,,,550.6587800979614,6281175.676459312
2022-08-31,29197950.008307934,30493929.42777443,68043.4273071289,1227935.9921593666,SHOPERSTOP.NS,Held,424,583.4500122070312,2022-07-31,624.0499877929688,264597.19482421875,17214.3896484375,6.958603948324371,,,550.6587800979614,6281175.676459312
2022-08-31,29197950.008307934,30493929.42777443,68043.4273071289,1227935.9921593666,KKCL.NS,Held,722,342.8500061035156,2022-07-31,420.29998779296875,303456.59118652344,55918.886779785156,22.59004821661543,,,550.6587800979614,6281175.676459312
2022-08-31,29197950.008307934,30493929.42777443,68043.4273071289,1227935.9921593666,KPIGREEN.NS,Held,3238,76.49444580078125,2022-07-31,102.16666412353516,330815.65843200684,83126.64292907715,33.56089197588737,,,550.6587800979614,6281175.676459312
2022-08-31,29197950.008307934,30493929.42777443,68043.4273071289,1227935.9921593666,RAJRATAN.NS,Held,268,922.4000244140625,2022-07-31,1128.449951171875,302424.5869140625,55221.38037109375,22.338456342594082,,,550.6587800979614,6281175.676459312
2022-08-31,29197950.008307934,30493929.42777443,68043.4273071289,1227935.9921593666,VINYLINDIA.NS,Held,526,495.3999938964844,2022-08-31,495.3999938964844,260580.39678955078,0.0,0.0,,,550.6587800979614,6281175.676459312
2022-08-31,29197950.008307934,30493929.42777443,68043.4273071289,1227935.9921593666,ANDHRAPAP.NS,Held,2650,98.36000061035156,2022-08-31,98.36000061035156,260654.00161743164,0.0,0.0,,,550.6587800979614,6281175.676459312
2022-08-31,29197950.008307934,30493929.42777443,68043.4273071289,1227935.9921593666,FCL.NS,Held,9460,27.55500030517578,2022-08-31,27.55500030517578,260670.3028869629,0.0,0.0,,,550.6587800979614,6281175.676459312
2022-08-31,29197950.008307934,30493929.42777443,68043.4273071289,1227935.9921593666,RAMASTEEL.NS,Held,30656,8.50333309173584,2022-08-31,8.50333309173584,260678.1792602539,0.0,0.0,,,550.6587800979614,6281175.676459312
2022-08-31,29197950.008307934,30493929.42777443,68043.4273071289,1227935.9921593666,NDTV.NS,Held,552,471.5,2022-08-31,471.5,260268.0,0.0,0.0,,,550.6587800979614,6281175.676459312
2022-09-30,,,,,ELECON.NS,Sold,1886,130.5749969482422,2022-06-30,170.9499969482422,322411.69424438477,0.0,,76147.25,30.920927393170068,,
2022-09-30,,,,,WSTCSTPAPR.NS,Sold,586,422.6000061035156,2022-07-31,496.5,290949.0,0.0,,43305.396423339844,17.486983632078466,,
2022-09-30,,,,,VBL.NS,Sold,1558,158.11000061035156,2022-06-30,208.83999633789062,325372.7142944336,0.0,,79037.33334350586,32.08525427342117,,
2022-09-30,,,,,ATGL.NS,Sold,102,2397.89990234375,2022-05-31,3339.85009765625,340664.7099609375,0.0,,96078.919921875,39.28229841420074,,
2022-09-30,,,,,M&M.NS,Sold,225,1093.1500244140625,2022-06-30,1268.199951171875,285344.9890136719,0.0,,39386.23352050781,16.0133488403516,,
2022-09-30,,,,,VINYLINDIA.NS,Sold,526,495.3999938964844,2022-08-31,655.9000244140625,345003.4128417969,0.0,,84423.0160522461,32.39806873132808,,
2022-09-30,,,,,ANDHRAPAP.NS,Sold,2650,98.36000061035156,2022-08-31,88.48999786376953,234498.49433898926,0.0,,-26155.507278442383,-10.034569627222325,,
2022-09-30,,,,,KKCL.NS,Sold,722,342.8500061035156,2022-07-31,407.04998779296875,293890.09118652344,0.0,,46352.386779785156,18.72538443825182,,
2022-09-30,,,,,RAMASTEEL.NS,Sold,30656,8.50333309173584,2022-08-31,7.150000095367432,219190.40292358398,0.0,,-41487.77633666992,-15.915323812067012,,
2022-09-30,,,,,NDTV.NS,Sold,552,471.5,2022-08-31,373.04998779296875,205923.59326171875,0.0,,-54344.40673828125,-20.880172260239927,,
2022-09-30,30493929.42777443,31752602.265964985,342742.8456878662,915929.9925026894,BLS.NS,Held,3000,90.4124984741211,2022-04-30,141.5749969482422,424724.99084472656,153487.49542236328,56.58786045909948,,,2660.394040107727,6311912.522490501
2022-09-30,30493929.42777443,31752602.265964985,342742.8456878662,915929.9925026894,ADANIPOWER.NS,Held,4837,56.06999969482422,2022-04-30,74.69999694824219,361323.88523864746,90113.29671478271,33.22631951991555,,,2660.394040107727,6311912.522490501
2022-09-30,30493929.42777443,31752602.265964985,342742.8456878662,915929.9925026894,ITC.NS,Held,946,260.6130065917969,2022-05-31,319.88043212890625,302606.8887939453,56066.98455810547,22.74154552460272,,,2660.394040107727,6311912.522490501
2022-09-30,30493929.42777443,31752602.265964985,342742.8456878662,915929.9925026894,TVSMOTOR.NS,Held,292,841.9500122070312,2022-06-30,1032.25,301417.0,55567.596435546875,22.602290520090275,,,2660.394040107727,6311912.522490501
2022-09-30,30493929.42777443,31752602.265964985,342742.8456878662,915929.9925026894,PCJEWELLER.NS,Held,52883,4.684999942779541,2022-07-31,8.385000228881836,443423.96710395813,195667.11512994766,78.97546064658304,,,2660.394040107727,6311912.522490501
2022-09-30,30493929.42777443,31752602.265964985,342742.8456878662,915929.9925026894,ADANIENT.NS,Held,96,2569.199951171875,2022-07-31,3455.75,331752.0,85108.8046875,34.50685293776951,,,2660.394040107727,6311912.522490501
2022-09-30,30493929.42777443,31752602.265964985,342742.8456878662,915929.9925026894,SHOPERSTOP.NS,Held,424,583.4500122070312,2022-07-31,748.1500244140625,317215.6103515625,69832.80517578125,28.228641487899935,,,2660.394040107727,6311912.522490501
2022-09-30,30493929.42777443,31752602.265964985,342742.8456878662,915929.9925026894,KPIGREEN.NS,Held,3238,76.49444580078125,2022-07-31,95.80000305175781,310200.4098815918,62511.39437866211,25.237854917277396,,,2660.394040107727,6311912.522490501
2022-09-30,30493929.42777443,31752602.265964985,342742.8456878662,915929.9925026894,RAJRATAN.NS,Held,268,922.4000244140625,2022-07-31,1203.9000244140625,322645.20654296875,75442.0,30.518212548706042,,,2660.394040107727,6311912.522490501
2022-09-30,30493929.42777443,31752602.265964985,342742.8456878662,915929.9925026894,FCL.NS,Held,9460,27.55500030517578,2022-08-31,35.18000030517578,332802.8028869629,72132.5,27.671928563062874,,,2660.394040107727,6311912.522490501
2022-09-30,30493929.42777443,31752602.265964985,342742.8456878662,915929.9925026894,POWERMECH.NS,Held,317,901.8499755859375,2022-09-30,901.8499755859375,285886.4422607422,0.0,0.0,,,2660.394040107727,6311912.522490501
2022-09-30,30493929.42777443,31752602.265964985,342742.8456878662,915929.9925026894,KIRLOSENG.NS,Held,1178,243.0500030517578,2022-09-30,243.0500030517578,286312.9035949707,0.0,0.0,,,2660.394040107727,6311912.522490501
2022-09-30,30493929.42777443,31752602.265964985,342742.8456878662,915929.9925026894,AMBUJACEM.NS,Held,555,515.5999755859375,2022-09-30,515.5999755859375,286157.9864501953,0.0,0.0,,,2660.394040107727,6311912.522490501
2022-09-30,30493929.42777443,31752602.265964985,342742.8456878662,915929.9925026894,MAZDOCK.NS,Held,1160,246.72500610351562,2022-09-30,246.72500610351562,286201.0070800781,0.0,0.0,,,2660.394040107727,6311912.522490501
2022-09-30,30493929.42777443,31752602.265964985,342742.8456878662,915929.9925026894,KARURVYSYA.NS,Held,4216,67.91666412353516,2022-09-30,67.91666412353516,286336.6559448242,0.0,0.0,,,2660.394040107727,6311912.522490501
2022-09-30,30493929.42777443,31752602.265964985,342742.8456878662,915929.9925026894,INDHOTEL.NS,Held,863,331.70001220703125,2022-09-30,331.70001220703125,286257.11053466797,0.0,0.0,,,2660.394040107727,6311912.522490501
2022-09-30,30493929.42777443,31752602.265964985,342742.8456878662,915929.9925026894,DEEPAKFERT.NS,Held,325,878.8499755859375,2022-09-30,878.8499755859375,285626.2420654297,0.0,0.0,,,2660.394040107727,6311912.522490501
2022-09-30,30493929.42777443,31752602.265964985,342742.8456878662,915929.9925026894,TATAINVEST.NS,Held,1243,230.27000427246094,2022-09-30,230.27000427246094,286225.61531066895,0.0,0.0,,,2660.394040107727,6311912.522490501
2022-09-30,30493929.42777443,31752602.265964985,342742.8456878662,915929.9925026894,SOLARINDS.NS,Held,73,3916.800048828125,2022-09-30,3916.800048828125,285926.4035644531,0.0,0.0,,,2660.394040107727,6311912.522490501
2022-09-30,30493929.42777443,31752602.265964985,342742.8456878662,915929.9925026894,COCHINSHIP.NS,Held,1298,220.5,2022-09-30,220.5,286209.0,0.0,0.0,,,2660.394040107727,6311912.522490501
2022-10-31,,,,,KIRLOSENG.NS,Sold,1178,243.0500030517578,2022-09-30,260.70001220703125,307104.6143798828,0.0,,20791.71078491211,7.261883947195362,,
2022-10-31,,,,,AMBUJACEM.NS,Sold,555,515.5999755859375,2022-09-30,532.9500122070312,295787.25677490234,0.0,,9629.270324707031,3.3650188988812197,,
2022-10-31,,,,,DEEPAKFERT.NS,Sold,325,878.8499755859375,2022-09-30,965.9500122070312,313933.75396728516,0.0,,28307.51190185547,9.910683170130755,,
2022-10-31,,,,,TATAINVEST.NS,Sold,1243,230.27000427246094,2022-09-30,234.63499450683594,291651.29817199707,0.0,,5425.682861328125,1.895596540316315,,
2022-10-31,,,,,INDHOTEL.NS,Sold,863,331.70001220703125,2022-09-30,333.79998779296875,288069.38946533203,0.0,,1812.2789306640625,0.6330948172009099,,
2022-10-31,,,,,ADANIPOWER.NS,Sold,4837,56.06999969482422,2022-04-30,66.9800033569336,323982.2762374878,0.0,,52771.68771362305,19.45782721863733,,
2022-10-31,,,,,KPIGREEN.NS,Sold,3238,76.49444580078125,2022-07-31,79.24444580078125,256593.5155029297,0.0,,8904.5,3.595032255233247,,
2022-10-31,,,,,POWERMECH.NS,Sold,317,901.8499755859375,2022-09-30,884.8250122070312,280489.5288696289,0.0,,-5396.913391113281,-1.8877822076609831,,
2022-10-31,,,,,RAJRATAN.NS,Sold,268,922.4000244140625,2022-07-31,849.9500122070312,227786.60327148438,0.0,,-19416.603271484375,-7.854511089486774,,
2022-10-31,,,,,SHOPERSTOP.NS,Sold,424,583.4500122070312,2022-07-31,749.5499877929688,317809.19482421875,0.0,,70426.3896484375,28.468587215831377,,
2022-10-31,31752602.265964985,32985744.123221397,173255.5155029297,1059886.3417534828,BLS.NS,Held,3000,90.4124984741211,2022-04-30,162.625,487875.0,216637.50457763672,79.87004312965469,,,2528.194447517395,6629124.387244225
2022-10-31,31752602.265964985,32985744.123221397,173255.5155029297,1059886.3417534828,ITC.NS,Held,946,260.6130065917969,2022-05-31,335.7685546875,317637.052734375,71097.14849853516,28.837988202722624,,,2528.194447517395,6629124.387244225
2022-10-31,31752602.265964985,32985744.123221397,173255.5155029297,1059886.3417534828,TVSMOTOR.NS,Held,292,841.9500122070312,2022-06-30,1146.050048828125,334646.6142578125,88797.21069335938,36.118538180663045,,,2528.194447517395,6629124.387244225
2022-10-31,31752602.265964985,32985744.123221397,173255.5155029297,1059886.3417534828,PCJEWELLER.NS,Held,52883,4.684999942779541,2022-07-31,10.385000228881836,549189.9671039581,301433.11512994766,121.66489553296707,,,2528.194447517395,6629124.387244225
2022-10-31,31752602.265964985,32985744.123221397,173255.5155029297,1059886.3417534828,ADANIENT.NS,Held,96,2569.199951171875,2022-07-31,3347.449951171875,321355.1953125,74712.0,30.29153101318646,,,2528.194447517395,6629124.387244225
2022-10-31,31752602.265964985,32985744.123221397,173255.5155029297,1059886.3417534828,FCL.NS,Held,9460,27.55500030517578,2022-08-31,36.334999084472656,343729.0913391113,83058.78845214844,31.863540853046874,,,2528.194447517395,6629124.387244225
2022-10-31,31752602.265964985,32985744.123221397,173255.5155029297,1059886.3417534828,MAZDOCK.NS,Held,1160,246.72500610351562,2022-09-30,318.17498779296875,369082.98583984375,82881.97875976562,28.959359579253864,,,2528.194447517395,6629124.387244225
2022-10-31,31752602.265964985,32985744.123221397,173255.5155029297,1059886.3417534828,KARURVYSYA.NS,Held,4216,67.91666412353516,2022-09-30,86.66666412353516,365386.6559448242,79050.0,27.607362996944612,,,2528.194447517395,6629124.387244225
2022-10-31,31752602.265964985,32985744.123221397,173255.5155029297,1059886.3417534828,SOLARINDS.NS,Held,73,3916.800048828125,2022-09-30,3901.85009765625,284835.05712890625,-1091.346435546875,-0.38168788259558734,,,2528.194447517395,6629124.387244225
2022-10-31,31752602.265964985,32985744.123221397,173255.5155029297,1059886.3417534828,COCHINSHIP.NS,Held,1298,220.5,2022-09-30,269.2749938964844,349518.9420776367,63309.94207763672,22.120178637861397,,,2528.194447517395,6629124.387244225
2022-10-31,31752602.265964985,32985744.123221397,173255.5155029297,1059886.3417534828,KALYANKJIL.NS,Held,2834,102.5,2022-10-31,102.5,290485.0,0.0,0.0,,,2528.194447517395,6629124.387244225
2022-10-31,31752602.265964985,32985744.123221397,173255.5155029297,1059886.3417534828,KTKBANK.NS,Held,3008,96.5999984741211,2022-10-31,96.5999984741211,290572.79541015625,0.0,0.0,,,2528.194447517395,6629124.387244225
2022-10-31,31752602.265964985,32985744.123221397,173255.5155029297,1059886.3417534828,APARINDS.NS,Held,193,1502.8499755859375,2022-10-31,1502.8499755859375,290050.04528808594,0.0,0.0,,,2528.194447517395,6629124.387244225
2022-10-31,31752602.265964985,32985744.123221397,173255.5155029297,1059886.3417534828,DLINKINDIA.NS,Held,1067,272.29998779296875,2022-10-31,272.29998779296875,290544.08697509766,0.0,0.0,,,2528.194447517395,6629124.387244225
2022-10-31,31752602.265964985,32985744.123221397,173255.5155029297,1059886.3417534828,SOUTHBANK.NS,Held,21210,13.699999809265137,2022-10-31,13.699999809265137,290576.99595451355,0.0,0.0,,,2528.194447517395,6629124.387244225
2022-10-31,31752602.265964985,32985744.123221397,173255.5155029297,1059886.3417534828,WSTCSTPAPR.NS,Held,476,609.25,2022-10-31,609.25,290003.0,0.0,0.0,,,2528.194447517395,6629124.387244225
2022-10-31,31752602.265964985,32985744.123221397,173255.5155029297,1059886.3417534828,KKCL.NS,Held,570,509.04998779296875,2022-10-31,509.04998779296875,290158.4930419922,0.0,0.0,,,2528.194447517395,6629124.387244225
2022-10-31,31752602.265964985,32985744.123221397,173255.5155029297,1059886.3417534828,RITES.NS,Held,1504,193.10000610351562,2022-10-31,193.10000610351562,290422.4091796875,0.0,0.0,,,2528.194447517395,6629124.387244225
2022-10-31,31752602.265964985,32985744.123221397,173255.5155029297,1059886.3417534828,RAMASTEEL.NS,Held,27413,10.600000381469727,2022-10-31,10.600000381469727,290577.8104572296,0.0,0.0,,,2528.194447517395,6629124.387244225
2022-10-31,31752602.265964985,32985744.123221397,173255.5155029297,1059886.3417534828,M&M.NS,Held,215,1348.5999755859375,2022-10-31,1348.5999755859375,289948.99475097656,0.0,0.0,,,2528.194447517395,6629124.387244225
2022-11-30,,,,,KALYANKJIL.NS,Sold,2834,102.5,2022-10-31,105.9000015258789,300120.6043243408,0.0,,9635.60432434082,3.317074659394055,,
2022-11-30,,,,,ITC.NS,Sold,946,260.6130065917969,2022-05-31,327.39117431640625,309712.0509033203,0.0,,63172.14666748047,25.623497690276558,,
2022-11-30,,,,,APARINDS.NS,Sold,193,1502.8499755859375,2022-10-31,1467.800048828125,283285.4094238281,0.0,,-6764.6358642578125,-2.33223058370461,,
2022-11-30,,,,,DLINKINDIA.NS,Sold,1067,272.29998779296875,2022-10-31,273.25,291557.75,0.0,,1013.6630249023438,0.34888441043690016,,
2022-11-30,,,,,FCL.NS,Sold,9460,27.55500030517578,2022-08-31,32.06999969482422,303382.1971130371,0.0,,42711.89422607422,16.3854085996884,,
2022-11-30,,,,,TVSMOTOR.NS,Sold,292,841.9500122070312,2022-06-30,1048.1500244140625,306059.80712890625,0.0,,60210.403564453125,24.490766579658615,,
2022-11-30,,,,,WSTCSTPAPR.NS,Sold,476,609.25,2022-10-31,605.25,288099.0,0.0,,-1904.0,-0.6565449322938038,,
2022-11-30,,,,,RITES.NS,Sold,1504,193.10000610351562,2022-10-31,183.60000610351562,276134.4091796875,0.0,,-14288.0,-4.919730553973835,,
2022-11-30,,,,,SOLARINDS.NS,Sold,73,3916.800048828125,2022-09-30,3877.75,283075.75,0.0,,-2850.653564453125,-0.9969885708056112,,
2022-11-30,,,,,M&M.NS,Sold,215,1348.5999755859375,2022-10-31,1305.5999755859375,280703.99475097656,0.0,,-9245.0,-3.188491826964288,,
2022-11-30,,,,,PCJEWELLER.NS,Sold,52883,4.684999942779541,2022-07-31,7.885000228881836,416982.46710395813,0.0,,169225.61512994766,68.30310192498705,,
2022-11-30,,,,,KKCL.NS,Sold,570,509.04998779296875,2022-10-31,491.0,279870.0,0.0,,-10288.493041992188,-3.545818333328338,,
2022-11-30,32985744.123221397,34376586.20926523,300628.5444664955,1090213.5415773392,BLS.NS,Held,3000,90.4124984741211,2022-04-30,186.5,559500.0,288262.5045776367,106.27679043001137,,,1642.4941091537476,6960080.131534576
2022-11-30,32985744.123221397,34376586.20926523,300628.5444664955,1090213.5415773392,ADANIENT.NS,Held,96,2569.199951171875,2022-07-31,3917.89990234375,376118.390625,129475.1953125,52.494939156319845,,,1642.4941091537476,6960080.131534576
2022-11-30,32985744.123221397,34376586.20926523,300628.5444664955,1090213.5415773392,MAZDOCK.NS,Held,1160,246.72500610351562,2022-09-30,454.375,527075.0,240873.99291992188,84.16252457578743,,,1642.4941091537476,6960080.131534576
2022-11-30,32985744.123221397,34376586.20926523,300628.5444664955,1090213.5415773392,KARURVYSYA.NS,Held,4216,67.91666412353516,2022-09-30,83.45833587646484,351860.3440551758,65523.68811035156,22.88344392866615,,,1642.4941091537476,6960080.131534576
2022-11-30,32985744.123221397,34376586.20926523,300628.5444664955,1090213.5415773392,COCHINSHIP.NS,Held,1298,220.5,2022-09-30,333.5249938964844,432915.4420776367,146706.44207763672,51.25850063332624,,,1642.4941091537476,6960080.131534576
2022-11-30,32985744.123221397,34376586.20926523,300628.5444664955,1090213.5415773392,KTKBANK.NS,Held,3008,96.5999984741211,2022-10-31,144.25,433904.0,143331.20458984375,49.327124511957656,,,1642.4941091537476,6960080.131534576
2022-11-30,32985744.123221397,34376586.20926523,300628.5444664955,1090213.5415773392,SOUTHBANK.NS,Held,21210,13.699999809265137,2022-10-31,16.850000381469727,357388.5080909729,66811.51213645935,22.9927052267131,,,1642.4941091537476,6960080.131534576
2022-11-30,32985744.123221397,34376586.20926523,300628.5444664955,1090213.5415773392,RAMASTEEL.NS,Held,27413,10.600000381469727,2022-10-31,10.936665534973145,299806.8123102188,9229.001852989197,3.176086239505759,,,1642.4941091537476,6960080.131534576
2022-11-30,32985744.123221397,34376586.20926523,300628.5444664955,1090213.5415773392,ELECON.NS,Held,1315,229.4499969482422,2022-11-30,229.4499969482422,301726.7459869385,0.0,0.0,,,1642.4941091537476,6960080.131534576
2022-11-30,32985744.123221397,34376586.20926523,300628.5444664955,1090213.5415773392,POWERMECH.NS,Held,266,1131.425048828125,2022-11-30,1131.425048828125,300959.06298828125,0.0,0.0,,,1642.4941091537476,6960080.131534576
2022-11-30,32985744.123221397,34376586.20926523,300628.5444664955,1090213.5415773392,INDIANB.NS,Held,1130,266.8999938964844,2022-11-30,266.8999938964844,301596.99310302734,0.0,0.0,,,1642.4941091537476,6960080.131534576
2022-11-30,32985744.123221397,34376586.20926523,300628.5444664955,1090213.5415773392,CGPOWER.NS,Held,1079,279.6000061035156,2022-11-30,279.6000061035156,301688.40658569336,0.0,0.0,,,1642.4941091537476,6960080.131534576
2022-11-30,32985744.123221397,34376586.20926523,300628.5444664955,1090213.5415773392,HONDAPOWER.NS,Held,113,2669.64990234375,2022-11-30,2669.64990234375,301670.43896484375,0.0,0.0,,,1642.4941091537476,6960080.131534576
2022-11-30,32985744.123221397,34376586.20926523,300628.5444664955,1090213.5415773392,BANKINDIA.NS,Held,3666,82.30000305175781,2022-11-30,82.30000305175781,301711.81118774414,0.0,0.0,,,1642.4941091537476,6960080.131534576
2022-11-30,32985744.123221397,34376586.20926523,300628.5444664955,1090213.5415773392,LEMONTREE.NS,Held,2991,100.9000015258789,2022-11-30,100.9000015258789,301791.9045639038,0.0,0.0,,,1642.4941091537476,6960080.131534576
2022-11-30,32985744.123221397,34376586.20926523,300628.5444664955,1090213.5415773392,SDBL.NS,Held,5451,55.358978271484375,2022-11-30,55.358978271484375,301761.7905578613,0.0,0.0,,,1642.4941091537476,6960080.131534576
2022-11-30,32985744.123221397,34376586.20926523,300628.5444664955,1090213.5415773392,UNIONBANK.NS,Held,3696,81.6500015258789,2022-11-30,81.6500015258789,301778.40563964844,0.0,0.0,,,1642.4941091537476,6960080.131534576
2022-11-30,32985744.123221397,34376586.20926523,300628.5444664955,1090213.5415773392,RVNL.NS,Held,4072,74.0999984741211,2022-11-30,74.0999984741211,301735.1937866211,0.0,0.0,,,1642.4941091537476,6960080.131534576
2022-11-30,32985744.123221397,34376586.20926523,300628.5444664955,1090213.5415773392,IRFC.NS,Held,9200,32.79999923706055,2022-11-30,32.79999923706055,301759.99298095703,0.0,0.0,,,1642.4941091537476,6960080.131534576
2022-11-30,32985744.123221397,34376586.20926523,300628.5444664955,1090213.5415773392,AXISCADES.NS,Held,996,302.8999938964844,2022-11-30,302.8999938964844,301688.39392089844,0.0,0.0,,,1642.4941091537476,6960080.131534576
2022-12-31,,,,,CGPOWER.NS,Sold,1079,279.6000061035156,2022-11-30,270.29998779296875,291653.6868286133,0.0,,-10034.719757080078,-3.3261867337383935,,
2022-12-31,,,,,LEMONTREE.NS,Sold,2991,100.9000015258789,2022-11-30,85.6500015258789,256179.1545639038,0.0,,-45612.75,-15.113974003348918,,
2022-12-31,,,,,IRFC.NS,Sold,9200,32.79999923706055,2022-11-30,32.54999923706055,299459.99298095703,0.0,,-2300.0,-0.7621951396801446,,
2022-12-31,,,,,BLS.NS,Sold,3000,90.4124984741211,2022-04-30,165.3000030517578,495900.00915527344,0.0,,224662.51373291016,82.828708244438,,
2022-12-31,,,,,COCHINSHIP.NS,Sold,1298,220.5,2022-09-30,267.125,346728.25,0.0,,60519.25,21.145124716553287,,
2022-12-31,,,,,ELECON.NS,Sold,1315,229.4499969482422,2022-11-30,182.3000030517578,239724.50401306152,0.0,,-62002.24197387695,-20.549136859269673,,
2022-12-31,,,,,POWERMECH.NS,Sold,266,1131.425048828125,2022-11-30,990.5250244140625,263479.6564941406,0.0,,-37479.406494140625,-12.453323758387699,,
2022-12-31,,,,,HONDAPOWER.NS,Sold,113,2669.64990234375,2022-11-30,2224.60009765625,251379.81103515625,0.0,,-50290.6279296875,-16.670717920607494,,
2022-12-31,,,,,SDBL.NS,Sold,5451,55.358978271484375,2022-11-30,47.715023040771484,260094.59059524536,0.0,,-41667.19996261597,-13.807977439949108,,
2022-12-31,,,,,AXISCADES.NS,Sold,996,302.8999938964844,2022-11-30,298.0,296808.0,0.0,,-4880.3939208984375,-1.6176936266822577,,
2022-12-31,34376586.20926523,35119368.378566265,30914.423694610596,711867.7456064224,ADANIENT.NS,Held,96,2569.199951171875,2022-07-31,3858.35009765625,370401.609375,123758.4140625,50.17710458449768,,,943.541262626648,6612648.75925827
2022-12-31,34376586.20926523,35119368.378566265,30914.423694610596,711867.7456064224,MAZDOCK.NS,Held,1160,246.72500610351562,2022-09-30,396.57501220703125,460027.01416015625,173826.00708007812,60.73563781396554,,,943.541262626648,6612648.75925827
2022-12-31,34376586.20926523,35119368.378566265,30914.423694610596,711867.7456064224,KARURVYSYA.NS,Held,4216,67.91666412353516,2022-09-30,94.375,397885.0,111548.34405517578,38.95706041795454,,,943.541262626648,6612648.75925827
2022-12-31,34376586.20926523,35119368.378566265,30914.423694610596,711867.7456064224,KTKBANK.NS,Held,3008,96.5999984741211,2022-10-31,152.14999389648438,457667.181640625,167094.38623046875,57.50517215302544,,,943.541262626648,6612648.75925827
2022-12-31,34376586.20926523,35119368.378566265,30914.423694610596,711867.7456064224,SOUTHBANK.NS,Held,21210,13.699999809265137,2022-10-31,18.799999237060547,398747.9838180542,108170.98786354065,37.22627371386053,,,943.541262626648,6612648.75925827
2022-12-31,34376586.20926523,35119368.378566265,30914.423694610596,711867.7456064224,RAMASTEEL.NS,Held,27413,10.600000381469727,2022-10-31,11.083333015441895,303827.40795230865,13249.59749507904,4.559741665831452,,,943.541262626648,6612648.75925827
2022-12-31,34376586.20926523,35119368.378566265,30914.423694610596,711867.7456064224,INDIANB.NS,Held,1130,266.8999938964844,2022-11-30,285.3500061035156,322445.50689697266,20848.513793945312,6.9127061180027525,,,943.541262626648,6612648.75925827
2022-12-31,34376586.20926523,35119368.378566265,30914.423694610596,711867.7456064224,BANKINDIA.NS,Held,3666,82.30000305175781,2022-11-30,88.25,323524.5,21812.68881225586,7.229643654448326,,,943.541262626648,6612648.75925827
2022-12-31,34376586.20926523,35119368.378566265,30914.423694610596,711867.7456064224,UNIONBANK.NS,Held,3696,81.6500015258789,2022-11-30,80.4000015258789,297158.40563964844,-4620.0,-1.5309246498958282,,,943.541262626648,6612648.75925827
2022-12-31,34376586.20926523,35119368.378566265,30914.423694610596,711867.7456064224,RVNL.NS,Held,4072,74.0999984741211,2022-11-30,68.25,277914.0,-23821.193786621094,-7.894734945459095,,,943.541262626648,6612648.75925827
2022-12-31,34376586.20926523,35119368.378566265,30914.423694610596,711867.7456064224,AXISBANK.NS,Held,321,933.75,2022-12-31,933.75,299733.75,0.0,0.0,,,943.541262626648,6612648.75925827
2022-12-31,34376586.20926523,35119368.378566265,30914.423694610596,711867.7456064224,ABCAPITAL.NS,Held,1999,150.1999969482422,2022-12-31,150.1999969482422,300249.79389953613,0.0,0.0,,,943.541262626648,6612648.75925827
2022-12-31,34376586.20926523,35119368.378566265,30914.423694610596,711867.7456064224,BANKBARODA.NS,Held,1617,185.6999969482422,2022-12-31,185.6999969482422,300276.8950653076,0.0,0.0,,,943.541262626648,6612648.75925827
2022-12-31,34376586.20926523,35119368.378566265,30914.423694610596,711867.7456064224,UGARSUGAR.NS,Held,2922,102.75,2022-12-31,102.75,300235.5,0.0,0.0,,,943.541262626648,6612648.75925827
2022-12-31,34376586.20926523,35119368.378566265,30914.423694610596,711867.7456064224,PSB.NS,Held,8897,33.75,2022-12-31,33.75,300273.75,0.0,0.0,,,943.541262626648,6612648.75925827
2022-12-31,34376586.20926523,35119368.378566265,30914.423694610596,711867.7456064224,KAMDHENU.NS,Held,8402,35.7400016784668,2022-12-31,35.7400016784668,300287.494102478,0.0,0.0,,,943.541262626648,6612648.75925827
2022-12-31,34376586.20926523,35119368.378566265,30914.423694610596,711867.7456064224,UCOBANK.NS,Held,9533,31.5,2022-12-31,31.5,300289.5,0.0,0.0,,,943.541262626648,6612648.75925827
2022-12-31,34376586.20926523,35119368.378566265,30914.423694610596,711867.7456064224,CANBK.NS,Held,4505,66.66000366210938,2022-12-31,66.66000366210938,300303.31649780273,0.0,0.0,,,943.541262626648,6612648.75925827
2022-12-31,34376586.20926523,35119368.378566265,30914.423694610596,711867.7456064224,J&KBANK.NS,Held,5296,56.70000076293945,2022-12-31,56.70000076293945,300283.20404052734,0.0,0.0,,,943.541262626648,6612648.75925827
2022-12-31,34376586.20926523,35119368.378566265,30914.423694610596,711867.7456064224,FACT.NS,Held,804,373.3500061035156,2022-12-31,373.3500061035156,300173.40490722656,0.0,0.0,,,943.541262626648,6612648.75925827
2023-01-31,,,,,AXISBANK.NS,Sold,321,933.75,2022-12-31,871.5999755859375,279783.59216308594,0.0,,-19950.157836914062,-6.655959776606426,,
2023-01-31,,,,,ABCAPITAL.NS,Sold,1999,150.1999969482422,2022-12-31,141.1999969482422,282258.79389953613,0.0,,-17991.0,-5.9920107742088256,,
2023-01-31,,,,,BANKBARODA.NS,Sold,1617,185.6999969482422,2022-12-31,167.85000610351562,271413.45986938477,0.0,,-28863.43519592285,-9.612273095352643,,
2023-01-31,,,,,BANKINDIA.NS,Sold,3666,82.30000305175781,2022-11-30,82.69999694824219,303178.18881225586,0.0,,1466.3776245117188,0.4860192972688252,,
2023-01-31,,,,,CANBK.NS,Sold,4505,66.66000366210938,2022-12-31,60.790000915527344,273858.9541244507,0.0,,-26444.36237335205,-8.805884224573838,,
2023-01-31,,,,,J&KBANK.NS,Sold,5296,56.70000076293945,2022-12-31,55.04999923706055,291544.79595947266,0.0,,-8738.408081054688,-2.910055562040466,,
2023-01-31,,,,,PSB.NS,Sold,8897,33.75,2022-12-31,29.450000762939453,262016.6567878723,0.0,,-38257.093212127686,-12.740738480179397,,
2023-01-31,,,,,ADANIENT.NS,Sold,96,2569.199951171875,2022-07-31,2973.89990234375,285494.390625,0.0,,38851.1953125,15.751983452563955,,
2023-01-31,,,,,UGARSUGAR.NS,Sold,2922,102.75,2022-12-31,97.3499984741211,284456.69554138184,0.0,,-15778.804458618164,-5.255475937595042,,
2023-01-31,35119368.378566265,35545032.74917555,-115705.68822097778,541370.0588302612,MAZDOCK.NS,Held,1160,246.72500610351562,2022-09-30,396.625,460085.0,173883.99291992188,60.75589834359657,,,799.035906791687,6326445.384261131
2023-01-31,35119368.378566265,35545032.74917555,-115705.68822097778,541370.0588302612,KARURVYSYA.NS,Held,4216,67.91666412353516,2022-09-30,89.33333587646484,376629.3440551758,90292.68811035156,31.533751001042127,,,799.035906791687,6326445.384261131
2023-01-31,35119368.378566265,35545032.74917555,-115705.68822097778,541370.0588302612,KTKBANK.NS,Held,3008,96.5999984741211,2022-10-31,142.89999389648438,429843.181640625,139270.38623046875,47.92960264359314,,,799.035906791687,6326445.384261131
2023-01-31,35119368.378566265,35545032.74917555,-115705.68822097778,541370.0588302612,SOUTHBANK.NS,Held,21210,13.699999809265137,2022-10-31,18.0,381780.0,91203.00404548645,31.38686314306974,,,799.035906791687,6326445.384261131
2023-01-31,35119368.378566265,35545032.74917555,-115705.68822097778,541370.0588302612,RAMASTEEL.NS,Held,27413,10.600000381469727,2022-10-31,12.633333206176758,346317.56318092346,55739.75272369385,19.182384448415487,,,799.035906791687,6326445.384261131
2023-01-31,35119368.378566265,35545032.74917555,-115705.68822097778,541370.0588302612,INDIANB.NS,Held,1130,266.8999938964844,2022-11-30,304.75,344367.5,42770.506896972656,14.181343937458287,,,799.035906791687,6326445.384261131
2023-01-31,35119368.378566265,35545032.74917555,-115705.68822097778,541370.0588302612,UNIONBANK.NS,Held,3696,81.6500015258789,2022-11-30,78.5,290136.0,-11642.405639648438,-3.857931986541991,,,799.035906791687,6326445.384261131
2023-01-31,35119368.378566265,35545032.74917555,-115705.68822097778,541370.0588302612,RVNL.NS,Held,4072,74.0999984741211,2022-11-30,76.0999984741211,309879.1937866211,8144.0,2.699055386213653,,,799.035906791687,6326445.384261131
2023-01-31,35119368.378566265,35545032.74917555,-115705.68822097778,541370.0588302612,KAMDHENU.NS,Held,8402,35.7400016784668,2022-12-31,39.34000015258789,330534.68128204346,30247.18717956543,10.072742879276579,,,799.035906791687,6326445.384261131
2023-01-31,35119368.378566265,35545032.74917555,-115705.68822097778,541370.0588302612,UCOBANK.NS,Held,9533,31.5,2022-12-31,29.649999618530273,282653.4463634491,-17636.053636550903,-5.873017084030878,,,799.035906791687,6326445.384261131
2023-01-31,35119368.378566265,35545032.74917555,-115705.68822097778,541370.0588302612,FACT.NS,Held,804,373.3500061035156,2022-12-31,297.6000061035156,239270.40490722656,-60903.0,-20.28927246863294,,,799.035906791687,6326445.384261131
2023-01-31,35119368.378566265,35545032.74917555,-115705.68822097778,541370.0588302612,HITECH.NS,Held,2996,93.98999786376953,2023-01-31,93.98999786376953,281594.0335998535,0.0,0.0,,,799.035906791687,6326445.384261131
2023-01-31,35119368.378566265,35545032.74917555,-115705.68822097778,541370.0588302612,JINDALSAW.NS,Held,4501,62.57500076293945,2023-01-31,62.57500076293945,281650.0784339905,0.0,0.0,,,799.035906791687,6326445.384261131
2023-01-31,35119368.378566265,35545032.74917555,-115705.68822097778,541370.0588302612,JINDALSTEL.NS,Held,482,583.5499877929688,2023-01-31,583.5499877929688,281271.09411621094,0.0,0.0,,,799.035906791687,6326445.384261131
2023-01-31,35119368.378566265,35545032.74917555,-115705.68822097778,541370.0588302612,SUNFLAG.NS,Held,2061,136.64999389648438,2023-01-31,136.64999389648438,281635.6374206543,0.0,0.0,,,799.035906791687,6326445.384261131
2023-01-31,35119368.378566265,35545032.74917555,-115705.68822097778,541370.0588302612,RICOAUTO.NS,Held,3162,89.05000305175781,2023-01-31,89.05000305175781,281576.1096496582,0.0,0.0,,,799.035906791687,6326445.384261131
2023-01-31,35119368.378566265,35545032.74917555,-115705.68822097778,541370.0588302612,IRFC.NS,Held,8522,33.04999923706055,2023-01-31,33.04999923706055,281652.09349823,0.0,0.0,,,799.035906791687,6326445.384261131
2023-01-31,35119368.378566265,35545032.74917555,-115705.68822097778,541370.0588302612,ANANDRATHI.NS,Held,1353,208.125,2023-01-31,208.125,281593.125,0.0,0.0,,,799.035906791687,6326445.384261131
2023-01-31,35119368.378566265,35545032.74917555,-115705.68822097778,541370.0588302612,SURYAROSNI.NS,Held,1747,161.16250610351562,2023-01-31,161.16250610351562,281550.8981628418,0.0,0.0,,,799.035906791687,6326445.384261131
2023-01-31,35119368.378566265,35545032.74917555,-115705.68822097778,541370.0588302612,GRAVITA.NS,Held,543,518.6500244140625,2023-01-31,518.6500244140625,281626.96325683594,0.0,0.0,,,799.035906791687,6326445.384261131
2023-02-28,,,,,INDIANB.NS,Sold,1130,266.8999938964844,2022-11-30,257.1000061035156,290523.00689697266,0.0,,-11073.986206054688,-3.6717826965442417,,
2023-02-28,,,,,JINDALSTEL.NS,Sold,482,583.5499877929688,2023-01-31,549.2000122070312,264714.40588378906,0.0,,-16556.688232421875,-5.8863809963996,,
2023-02-28,,,,,GRAVITA.NS,Sold,543,518.6500244140625,2023-01-31,457.20001220703125,248259.60662841797,0.0,,-33367.35662841797,-11.848068893171948,,
2023-02-28,,,,,HITECH.NS,Sold,2996,93.98999786376953,2023-01-31,77.6449966430664,232624.40994262695,0.0,,-48969.62365722656,-17.390149582079793,,
2023-02-28,,,,,KAMDHENU.NS,Sold,8402,35.7400016784668,2022-12-31,33.20500183105469,278988.4253845215,0.0,,-21299.068717956543,-7.092892356911769,,
2023-02-28,,,,,MAZDOCK.NS,Sold,1160,246.72500610351562,2022-09-30,359.7749938964844,417338.9929199219,0.0,,131137.98583984375,45.82023913114735,,
2023-02-28,,,,,UNIONBANK.NS,Sold,3696,81.6500015258789,2022-11-30,67.25,248556.0,0.0,,-53222.40563964844,-17.636253835604446,,
2023-02-28,,,,,RVNL.NS,Sold,4072,74.0999984741211,2022-11-30,57.45000076293945,233936.40310668945,0.0,,-67798.79067993164,-22.4696330014049,,
2023-02-28,,,,,RICOAUTO.NS,Sold,3162,89.05000305175781,2023-01-31,71.5999984741211,226399.1951751709,0.0,,-55176.914474487305,-19.595737203393913,,
2023-02-28,,,,,IRFC.NS,Sold,8522,33.04999923706055,2023-01-31,26.950000762939453,229667.90650177002,0.0,,-51984.18699645996,-18.45687931901939,,
2023-02-28,,,,,UCOBANK.NS,Sold,9533,31.5,2022-12-31,25.899999618530273,246904.6963634491,0.0,,-53384.8036365509,-17.777778988792782,,
2023-02-28,,,,,ANANDRATHI.NS,Sold,1353,208.125,2023-01-31,188.02499389648438,254397.81674194336,0.0,,-27195.30825805664,-9.657660590277779,,
2023-02-28,,,,,RAMASTEEL.NS,Sold,27413,10.600000381469727,2022-10-31,10.583333015441895,290120.90795230865,0.0,,-456.9025049209595,-0.15723929649067658,,
2023-02-28,,,,,FACT.NS,Sold,804,373.3500061035156,2022-12-31,234.14999389648438,188256.59509277344,0.0,,-111916.80981445312,-37.284052479280376,,
2023-02-28,35545032.74917555,35450578.6715951,-421264.85960674286,326810.7820262909,KARURVYSYA.NS,Held,4216,67.91666412353516,2022-09-30,85.0,358360.0,72023.34405517578,25.153378919482233,,,5944.255113601685,5690621.247850418
2023-02-28,35545032.74917555,35450578.6715951,-421264.85960674286,326810.7820262909,KTKBANK.NS,Held,3008,96.5999984741211,2022-10-31,141.5,425632.0,135059.20458984375,46.48033357672103,,,5944.255113601685,5690621.247850418
2023-02-28,35545032.74917555,35450578.6715951,-421264.85960674286,326810.7820262909,SOUTHBANK.NS,Held,21210,13.699999809265137,2022-10-31,16.75,355267.5,64690.50404548645,22.262775424801003,,,5944.255113601685,5690621.247850418
2023-02-28,35545032.74917555,35450578.6715951,-421264.85960674286,326810.7820262909,JINDALSAW.NS,Held,4501,62.57500076293945,2023-01-31,75.07499694824219,337912.5612640381,56262.48283004761,19.976022425725574,,,5944.255113601685,5690621.247850418
2023-02-28,35545032.74917555,35450578.6715951,-421264.85960674286,326810.7820262909,SUNFLAG.NS,Held,2061,136.64999389648438,2023-01-31,131.14999389648438,270300.1374206543,-11335.5,-4.024881262831509,,,5944.255113601685,5690621.247850418
2023-02-28,35545032.74917555,35450578.6715951,-421264.85960674286,326810.7820262909,SURYAROSNI.NS,Held,1747,161.16250610351562,2023-01-31,166.9499969482422,291661.6446685791,10110.746505737305,3.5910901267626247,,,5944.255113601685,5690621.247850418
2023-02-28,35545032.74917555,35450578.6715951,-421264.85960674286,326810.7820262909,CGPOWER.NS,Held,854,305.25,2023-02-28,305.25,260683.5,0.0,0.0,,,5944.255113601685,5690621.247850418
2023-02-28,35545032.74917555,35450578.6715951,-421264.85960674286,326810.7820262909,PNBHOUSING.NS,Held,527,494.6251220703125,2023-02-28,494.6251220703125,260667.4393310547,0.0,0.0,,,5944.255113601685,5690621.247850418
2023-02-28,35545032.74917555,35450578.6715951,-421264.85960674286,326810.7820262909,CUMMINSIND.NS,Held,166,1570.0999755859375,2023-02-28,1570.0999755859375,260636.59594726562,0.0,0.0,,,5944.255113601685,5690621.247850418
2023-02-28,35545032.74917555,35450578.6715951,-421264.85960674286,326810.7820262909,ITC.NS,Held,719,362.73016357421875,2023-02-28,362.73016357421875,260802.98760986328,0.0,0.0,,,5944.255113601685,5690621.247850418
2023-02-28,35545032.74917555,35450578.6715951,-421264.85960674286,326810.7820262909,APARINDS.NS,Held,113,2299.699951171875,2023-02-28,2299.699951171875,259866.09448242188,0.0,0.0,,,5944.255113601685,5690621.247850418
2023-02-28,35545032.74917555,35450578.6715951,-421264.85960674286,326810.7820262909,SONATSOFTW.NS,Held,718,363.1499938964844,2023-02-28,363.1499938964844,260741.69561767578,0.0,0.0,,,5944.255113601685,5690621.247850418
2023-02-28,35545032.74917555,35450578.6715951,-421264.85960674286,326810.7820262909,SUPREMEIND.NS,Held,94,2761.35009765625,2023-02-28,2761.35009765625,259566.9091796875,0.0,0.0,,,5944.255113601685,5690621.247850418
2023-02-28,35545032.74917555,35450578.6715951,-421264.85960674286,326810.7820262909,BLUESTARCO.NS,Held,363,718.1500244140625,2023-02-28,718.1500244140625,260688.4588623047,0.0,0.0,,,5944.255113601685,5690621.247850418
2023-02-28,35545032.74917555,35450578.6715951,-421264.85960674286,326810.7820262909,EQUITASBNK.NS,Held,3647,71.5,2023-02-28,71.5,260760.5,0.0,0.0,,,5944.255113601685,5690621.247850418
2023-02-28,35545032.74917555,35450578.6715951,-421264.85960674286,326810.7820262909,IONEXCHANG.NS,Held,773,337.0899963378906,2023-02-28,337.0899963378906,260570.56716918945,0.0,0.0,,,5944.255113601685,5690621.247850418
2023-02-28,35545032.74917555,35450578.6715951,-421264.85960674286,326810.7820262909,PGEL.NS,Held,1872,139.31500244140625,2023-02-28,139.31500244140625,260797.6845703125,0.0,0.0,,,5944.255113601685,5690621.247850418
2023-02-28,35545032.74917555,35450578.6715951,-421264.85960674286,326810.7820262909,POLYCAB.NS,Held,84,3081.35009765625,2023-02-28,3081.35009765625,258833.408203125,0.0,0.0,,,5944.255113601685,5690621.247850418
2023-02-28,35545032.74917555,35450578.6715951,-421264.85960674286,326810.7820262909,FINCABLES.NS,Held,369,705.7000122070312,2023-02-28,705.7000122070312,260403.30450439453,0.0,0.0,,,5944.255113601685,5690621.247850418
2023-02-28,35545032.74917555,35450578.6715951,-421264.85960674286,326810.7820262909,CERA.NS,Held,40,6513.10009765625,2023-02-28,6513.10009765625,260524.00390625,0.0,0.0,,,5944.255113601685,5690621.247850418
2023-03-31,,,,,CGPOWER.NS,Sold,854,305.25,2023-02-28,300.04998779296875,256242.6895751953,0.0,,-4440.8104248046875,-1.7035257025491402,,
2023-03-31,,,,,PNBHOUSING.NS,Sold,527,494.6251220703125,2023-02-28,425.0115051269531,223981.0632019043,0.0,,-36686.37612915039,-14.074015620553858,,
2023-03-31,,,,,SUPREMEIND.NS,Sold,94,2761.35009765625,2023-02-28,2513.550048828125,236273.70458984375,0.0,,-23293.20458984375,-8.973872926813959,,
2023-03-31,,,,,EQUITASBNK.NS,Sold,3647,71.5,2023-02-28,67.0999984741211,244713.69443511963,0.0,,-16046.805564880371,-6.153848287942526,,
2023-03-31,,,,,POLYCAB.NS,Sold,84,3081.35009765625,2023-02-28,2880.050048828125,241924.2041015625,0.0,,-16909.2041015625,-6.532852238414542,,
2023-03-31,,,,,SURYAROSNI.NS,Sold,1747,161.16250610351562,2023-01-31,164.47500610351562,287337.8356628418,0.0,,5786.9375,2.05537880992764,,
2023-03-31,,,,,CERA.NS,Sold,40,6513.10009765625,2023-02-28,6403.0498046875,256121.9921875,0.0,,-4402.01171875,-1.6896760577708885,,
2023-03-31,,,,,SOUTHBANK.NS,Sold,21210,13.699999809265137,2022-10-31,14.649999618530273,310726.4919090271,0.0,,20149.49595451355,6.9343052736589375,,
2023-03-31,,,,,KARURVYSYA.NS,Sold,4216,67.91666412353516,2022-09-30,87.0,366792.0,0.0,,80455.34405517578,28.09816430582299,,
2023-03-31,,,,,IONEXCHANG.NS,Sold,773,337.0899963378906,2023-02-28,341.3949890136719,263898.32650756836,0.0,,3327.7593383789062,1.2771048451601132,,
2023-03-31,,,,,PGEL.NS,Sold,1872,139.31500244140625,2023-02-28,133.23500061035156,249415.92114257812,0.0,,-11381.763427734375,-4.3642118397204515,,
2023-03-31,,,,,KTKBANK.NS,Sold,3008,96.5999984741211,2022-10-31,135.6999969482422,408185.5908203125,0.0,,117612.79541015625,40.476189535961424,,
2023-03-31,35450578.6715951,35740043.3268857,114172.15630149841,175292.49898910522,JINDALSAW.NS,Held,4501,62.57500076293945,2023-01-31,72.94999694824219,328347.9362640381,46697.85783004761,16.580097576998206,,,12689.084043502808,5653275.121114731
2023-03-31,35450578.6715951,35740043.3268857,114172.15630149841,175292.49898910522,SUNFLAG.NS,Held,2061,136.64999389648438,2023-01-31,147.4499969482422,303894.44371032715,22258.80628967285,7.90340544028057,,,12689.084043502808,5653275.121114731
2023-03-31,35450578.6715951,35740043.3268857,114172.15630149841,175292.49898910522,CUMMINSIND.NS,Held,166,1570.0999755859375,2023-02-28,1629.5999755859375,270513.5959472656,9877.0,3.7895676023939497,,,12689.084043502808,5653275.121114731
2023-03-31,35450578.6715951,35740043.3268857,114172.15630149841,175292.49898910522,ITC.NS,Held,719,362.73016357421875,2023-02-28,369.2779846191406,265510.8709411621,4707.883331298828,1.8051493099999982,,,12689.084043502808,5653275.121114731
2023-03-31,35450578.6715951,35740043.3268857,114172.15630149841,175292.49898910522,APARINDS.NS,Held,113,2299.699951171875,2023-02-28,2504.89990234375,283053.68896484375,23187.594482421875,8.92290105356178,,,12689.084043502808,5653275.121114731
2023-03-31,35450578.6715951,35740043.3268857,114172.15630149841,175292.49898910522,SONATSOFTW.NS,Held,718,363.1499938964844,2023-02-28,418.1499938964844,300231.6956176758,39490.0,15.145257035493081,,,12689.084043502808,5653275.121114731
2023-03-31,35450578.6715951,35740043.3268857,114172.15630149841,175292.49898910522,BLUESTARCO.NS,Held,363,718.1500244140625,2023-02-28,689.5750122070312,250315.72943115234,-10372.729431152344,-3.9789753165218587,,,12689.084043502808,5653275.121114731
2023-03-31,35450578.6715951,35740043.3268857,114172.15630149841,175292.49898910522,FINCABLES.NS,Held,369,705.7000122070312,2023-02-28,812.5999755859375,299849.39099121094,39446.086486816406,15.14807446928951,,,12689.084043502808,5653275.121114731
2023-03-31,35450578.6715951,35740043.3268857,114172.15630149841,175292.49898910522,MARKSANS.NS,Held,3967,70.4000015258789,2023-03-31,70.4000015258789,279276.8060531616,0.0,0.0,,,12689.084043502808,5653275.121114731
2023-03-31,35450578.6715951,35740043.3268857,114172.15630149841,175292.49898910522,POWERMECH.NS,Held,226,1234.949951171875,2023-03-31,1234.949951171875,279098.68896484375,0.0,0.0,,,12689.084043502808,5653275.121114731
2023-03-31,35450578.6715951,35740043.3268857,114172.15630149841,175292.49898910522,TRITURBINE.NS,Held,838,333.1499938964844,2023-03-31,333.1499938964844,279179.6948852539,0.0,0.0,,,12689.084043502808,5653275.121114731
2023-03-31,35450578.6715951,35740043.3268857,114172.15630149841,175292.49898910522,KIRLOSENG.NS,Held,705,396.1000061035156,2023-03-31,396.1000061035156,279250.5043029785,0.0,0.0,,,12689.084043502808,5653275.121114731
2023-03-31,35450578.6715951,35740043.3268857,114172.15630149841,175292.49898910522,BOSCHLTD.NS,Held,14,19369.900390625,2023-03-31,19369.900390625,271178.60546875,0.0,0.0,,,12689.084043502808,5653275.121114731
2023-03-31,35450578.6715951,35740043.3268857,114172.15630149841,175292.49898910522,NCC.NS,Held,2632,106.0999984741211,2023-03-31,106.0999984741211,279255.1959838867,0.0,0.0,,,12689.084043502808,5653275.121114731
2023-03-31,35450578.6715951,35740043.3268857,114172.15630149841,175292.49898910522,SIEMENS.NS,Held,143,1953.035400390625,2023-03-31,1953.035400390625,279284.0622558594,0.0,0.0,,,12689.084043502808,5653275.121114731
2023-03-31,35450578.6715951,35740043.3268857,114172.15630149841,175292.49898910522,USHAMART.NS,Held,1302,214.5,2023-03-31,214.5,279279.0,0.0,0.0,,,12689.084043502808,5653275.121114731
2023-03-31,35450578.6715951,35740043.3268857,114172.15630149841,175292.49898910522,NUCLEUS.NS,Held,436,639.2999877929688,2023-03-31,639.2999877929688,278734.7946777344,0.0,0.0,,,12689.084043502808,5653275.121114731
2023-03-31,35450578.6715951,35740043.3268857,114172.15630149841,175292.49898910522,ABB.NS,Held,82,3365.14990234375,2023-03-31,3365.14990234375,275942.2919921875,0.0,0.0,,,12689.084043502808,5653275.121114731
2023-03-31,35450578.6715951,35740043.3268857,114172.15630149841,175292.49898910522,ZENTEC.NS,Held,851,328.1499938964844,2023-03-31,328.1499938964844,279255.6448059082,0.0,0.0,,,12689.084043502808,5653275.121114731
2023-03-31,35450578.6715951,35740043.3268857,114172.15630149841,175292.49898910522,ACE.NS,Held,686,406.8999938964844,2023-03-31,406.8999938964844,279133.3958129883,0.0,0.0,,,12689.084043502808,5653275.121114731
2023-04-30,,,,,CUMMINSIND.NS,Sold,166,1570.0999755859375,2023-02-28,1575.6500244140625,261557.90405273438,0.0,,921.30810546875,0.3534837853910421,,
2023-04-30,,,,,TRITURBINE.NS,Sold,838,333.1499938964844,2023-03-31,365.29998779296875,306121.3897705078,0.0,,26941.694885253906,9.650306013955369,,
2023-04-30,,,,,ABB.NS,Sold,82,3365.14990234375,2023-03-31,3417.949951171875,280271.89599609375,0.0,,4329.60400390625,1.569025165605579,,
2023-04-30,,,,,USHAMART.NS,Sold,1302,214.5,2023-03-31,213.1999969482422,277586.3960266113,0.0,,-1692.6039733886719,-0.606062028791521,,
2023-04-30,,,,,ZENTEC.NS,Sold,851,328.1499938964844,2023-03-31,290.95001220703125,247598.4603881836,0.0,,-31657.18441772461,-11.336273771557021,,
2023-04-30,,,,,ACE.NS,Sold,686,406.8999938964844,2023-03-31,417.3500061035156,286302.1041870117,0.0,,7168.7083740234375,2.568201613119154,,
2023-04-30,,,,,NUCLEUS.NS,Sold,436,639.2999877929688,2023-03-31,604.9500122070312,263758.2053222656,0.0,,-14976.58935546875,-5.373060572787218,,
2023-04-30,,,,,BLUESTARCO.NS,Sold,363,718.1500244140625,2023-02-28,740.0999755859375,268656.2911376953,0.0,,7967.832275390625,3.0564576238487122,,
2023-04-30,,,,,SUNFLAG.NS,Sold,2061,136.64999389648438,2023-01-31,148.85000610351562,306779.8625793457,0.0,,25144.225158691406,8.927927370617411,,
2023-04-30,,,,,KIRLOSENG.NS,Sold,705,396.1000061035156,2023-03-31,393.8500061035156,277664.2543029785,0.0,,-1586.25,-0.568038365395024,,
2023-04-30,35740043.3268857,36160899.889015675,22560.745056152344,398295.817073822,JINDALSAW.NS,Held,4501,62.57500076293945,2023-01-31,81.7750015258789,368069.28186798096,86419.20343399048,30.683181028917872,,,2702.2400646209717,5898839.1842556
2023-04-30,35740043.3268857,36160899.889015675,22560.745056152344,398295.817073822,ITC.NS,Held,719,362.73016357421875,2023-02-28,409.7685852050781,294623.6127624512,33820.62515258789,12.967882562442254,,,2702.2400646209717,5898839.1842556
2023-04-30,35740043.3268857,36160899.889015675,22560.745056152344,398295.817073822,APARINDS.NS,Held,113,2299.699951171875,2023-02-28,2811.550048828125,317705.1555175781,57839.06103515625,22.257255664828048,,,2702.2400646209717,5898839.1842556
2023-04-30,35740043.3268857,36160899.889015675,22560.745056152344,398295.817073822,SONATSOFTW.NS,Held,718,363.1499938964844,2023-02-28,427.375,306855.25,46113.55438232422,17.685531373524658,,,2702.2400646209717,5898839.1842556
2023-04-30,35740043.3268857,36160899.889015675,22560.745056152344,398295.817073822,FINCABLES.NS,Held,369,705.7000122070312,2023-02-28,894.9000244140625,330218.10900878906,69814.80450439453,26.810260583008976,,,2702.2400646209717,5898839.1842556
2023-04-30,35740043.3268857,36160899.889015675,22560.745056152344,398295.817073822,MARKSANS.NS,Held,3967,70.4000015258789,2023-03-31,80.80000305175781,320533.61210632324,41256.80605316162,14.772729119978619,,,2702.2400646209717,5898839.1842556
2023-04-30,35740043.3268857,36160899.889015675,22560.745056152344,398295.817073822,POWERMECH.NS,Held,226,1234.949951171875,2023-03-31,1308.699951171875,295766.18896484375,16667.5,5.971901932545264,,,2702.2400646209717,5898839.1842556
2023-04-30,35740043.3268857,36160899.889015675,22560.745056152344,398295.817073822,BOSCHLTD.NS,Held,14,19369.900390625,2023-03-31,19371.849609375,271205.89453125,27.2890625,0.010063132544261399,,,2702.2400646209717,5898839.1842556
2023-04-30,35740043.3268857,36160899.889015675,22560.745056152344,398295.817073822,NCC.NS,Held,2632,106.0999984741211,2023-03-31,119.80000305175781,315313.60803222656,36058.412048339844,12.912351342755478,,,2702.2400646209717,5898839.1842556
2023-04-30,35740043.3268857,36160899.889015675,22560.745056152344,398295.817073822,SIEMENS.NS,Held,143,1953.035400390625,2023-03-31,2024.9134521484375,289562.62365722656,10278.561401367188,3.6803250849132705,,,2702.2400646209717,5898839.1842556
2023-04-30,35740043.3268857,36160899.889015675,22560.745056152344,398295.817073822,HGINFRA.NS,Held,316,880.9500122070312,2023-04-30,880.9500122070312,278380.2038574219,0.0,0.0,,,2702.2400646209717,5898839.1842556
2023-04-30,35740043.3268857,36160899.889015675,22560.745056152344,398295.817073822,PFC.NS,Held,2051,135.9199981689453,2023-04-30,135.9199981689453,278771.91624450684,0.0,0.0,,,2702.2400646209717,5898839.1842556
2023-04-30,35740043.3268857,36160899.889015675,22560.745056152344,398295.817073822,SDBL.NS,Held,4153,67.13999938964844,2023-04-30,67.13999938964844,278832.41746520996,0.0,0.0,,,2702.2400646209717,5898839.1842556
2023-04-30,35740043.3268857,36160899.889015675,22560.745056152344,398295.817073822,CYIENT.NS,Held,236,1179.949951171875,2023-04-30,1179.949951171875,278468.1884765625,0.0,0.0,,,2702.2400646209717,5898839.1842556
2023-04-30,35740043.3268857,36160899.889015675,22560.745056152344,398295.817073822,JBMA.NS,Held,694,401.32501220703125,2023-04-30,401.32501220703125,278519.5584716797,0.0,0.0,,,2702.2400646209717,5898839.1842556
2023-04-30,35740043.3268857,36160899.889015675,22560.745056152344,398295.817073822,GLENMARK.NS,Held,494,563.4500122070312,2023-04-30,563.4500122070312,278344.30603027344,0.0,0.0,,,2702.2400646209717,5898839.1842556
2023-04-30,35740043.3268857,36160899.889015675,22560.745056152344,398295.817073822,SURYAROSNI.NS,Held,1396,199.6875,2023-04-30,199.6875,278763.75,0.0,0.0,,,2702.2400646209717,5898839.1842556
2023-04-30,35740043.3268857,36160899.889015675,22560.745056152344,398295.817073822,VBL.NS,Held,964,289.0400085449219,2023-04-30,289.0400085449219,278634.5682373047,0.0,0.0,,,2702.2400646209717,5898839.1842556
2023-04-30,35740043.3268857,36160899.889015675,22560.745056152344,398295.817073822,SAKSOFT.NS,Held,1740,160.1999969482422,2023-04-30,160.1999969482422,278747.9946899414,0.0,0.0,,,2702.2400646209717,5898839.1842556
2023-04-30,35740043.3268857,36160899.889015675,22560.745056152344,398295.817073822,KECL.NS,Held,2798,99.6500015258789,2023-04-30,99.6500015258789,278820.7042694092,0.0,0.0,,,2702.2400646209717,5898839.1842556
2023-05-31,,,,,MARKSANS.NS,Sold,3967,70.4000015258789,2023-03-31,85.30000305175781,338385.11210632324,0.0,,59108.30605316162,21.164774435980224,,
2023-05-31,,,,,POWERMECH.NS,Sold,226,1234.949951171875,2023-03-31,1588.8499755859375,359080.0944824219,0.0,,79981.40551757812,28.657033758998722,,
2023-05-31,,,,,HGINFRA.NS,Sold,316,880.9500122070312,2023-04-30,905.5499877929688,286153.7961425781,0.0,,7773.59228515625,2.7924371695401353,,
2023-05-31,,,,,APARINDS.NS,Sold,113,2299.699951171875,2023-02-28,2779.35009765625,314066.56103515625,0.0,,54200.466552734375,20.857075125820483,,
2023-05-31,,,,,PFC.NS,Sold,2051,135.9199981689453,2023-04-30,145.9199981689453,299281.91624450684,0.0,,20510.0,7.357269080867878,,
2023-05-31,,,,,BOSCHLTD.NS,Sold,14,19369.900390625,2023-03-31,18568.400390625,259957.60546875,0.0,,-11221.0,-4.137863302528518,,
2023-05-31,,,,,SONATSOFTW.NS,Sold,718,363.1499938964844,2023-02-28,485.875,348858.25,0.0,,88116.55438232422,33.79457749309457,,
2023-05-31,,,,,SIEMENS.NS,Sold,143,1953.035400390625,2023-03-31,2084.816650390625,298128.7810058594,0.0,,18844.71875,6.747509542000239,,
2023-05-31,,,,,CYIENT.NS,Sold,236,1179.949951171875,2023-04-30,1297.9000244140625,306304.40576171875,0.0,,27836.21728515625,9.996192899965344,,
2023-05-31,,,,,JBMA.NS,Sold,694,401.32501220703125,2023-04-30,403.8999938964844,280306.59576416016,0.0,,1787.0372924804688,0.6416200364119771,,
2023-05-31,,,,,GLENMARK.NS,Sold,494,563.4500122070312,2023-04-30,597.75,295288.5,0.0,,16944.193969726562,6.087494373922515,,
2023-05-31,,,,,FINCABLES.NS,Sold,369,705.7000122070312,2023-02-28,800.9500122070312,295550.55450439453,0.0,,35147.25,13.497236552697764,,
2023-05-31,,,,,SURYAROSNI.NS,Sold,1396,199.6875,2023-04-30,195.14999389648438,272429.3914794922,0.0,,-6334.3585205078125,-2.272303526017214,,
2023-05-31,,,,,VBL.NS,Sold,964,289.0400085449219,2023-04-30,338.8900146484375,326689.97412109375,0.0,,48055.40588378906,17.246749456751438,,
2023-05-31,,,,,KECL.NS,Sold,2798,99.6500015258789,2023-04-30,107.3499984741211,300365.2957305908,0.0,,21544.59146118164,7.727041475501145,,
2023-05-31,,,,,NCC.NS,Sold,2632,106.0999984741211,2023-03-31,119.25,313866.0,0.0,,34610.80401611328,12.393969571155395,,
2023-05-31,36160899.889015675,37131035.84815645,496905.18492889404,473230.77421188354,JINDALSAW.NS,Held,4501,62.57500076293945,2023-01-31,121.5999984741211,547321.593132019,265671.51469802856,94.32680302281302,,,5504.609655380249,6470679.326322556
2023-05-31,36160899.889015675,37131035.84815645,496905.18492889404,473230.77421188354,ITC.NS,Held,719,362.73016357421875,2023-02-28,428.9787292480469,308435.7063293457,47632.71871948242,18.263870040759077,,,5504.609655380249,6470679.326322556
2023-05-31,36160899.889015675,37131035.84815645,496905.18492889404,473230.77421188354,SDBL.NS,Held,4153,67.13999938964844,2023-04-30,93.18000030517578,386976.541267395,108144.12380218506,38.78463084934457,,,5504.609655380249,6470679.326322556
2023-05-31,36160899.889015675,37131035.84815645,496905.18492889404,473230.77421188354,SAKSOFT.NS,Held,1740,160.1999969482422,2023-04-30,189.9600067138672,330530.4116821289,51782.4169921875,18.576785475994694,,,5504.609655380249,6470679.326322556
2023-05-31,36160899.889015675,37131035.84815645,496905.18492889404,473230.77421188354,KSOLVES.NS,Held,746,410.1000061035156,2023-05-31,410.1000061035156,305934.60455322266,0.0,0.0,,,5504.609655380249,6470679.326322556
2023-05-31,36160899.889015675,37131035.84815645,496905.18492889404,473230.77421188354,SAFARI.NS,Held,225,1357.5,2023-05-31,1357.5,305437.5,0.0,0.0,,,5504.609655380249,6470679.326322556
2023-05-31,36160899.889015675,37131035.84815645,496905.18492889404,473230.77421188354,AURIONPRO.NS,Held,803,381.17498779296875,2023-05-31,381.17498779296875,306083.5151977539,0.0,0.0,,,5504.609655380249,6470679.326322556
2023-05-31,36160899.889015675,37131035.84815645,496905.18492889404,473230.77421188354,ANURAS.NS,Held,262,1166.0,2023-05-31,1166.0,305492.0,0.0,0.0,,,5504.609655380249,6470679.326322556
2023-05-31,36160899.889015675,37131035.84815645,496905.18492889404,473230.77421188354,APTECHT.NS,Held,754,405.8214416503906,2023-05-31,405.8214416503906,305989.36700439453,0.0,0.0,,,5504.609655380249,6470679.326322556
2023-05-31,36160899.889015675,37131035.84815645,496905.18492889404,473230.77421188354,TEGA.NS,Held,340,899.4500122070312,2023-05-31,899.4500122070312,305813.0041503906,0.0,0.0,,,5504.609655380249,6470679.326322556
2023-05-31,36160899.889015675,37131035.84815645,496905.18492889404,473230.77421188354,IDFCFIRSTB.NS,Held,4271,71.6500015258789,2023-05-31,71.6500015258789,306017.1565170288,0.0,0.0,,,5504.609655380249,6470679.326322556
2023-05-31,36160899.889015675,37131035.84815645,496905.18492889404,473230.77421188354,VENUSPIPES.NS,Held,285,1070.25,2023-05-31,1070.25,305021.25,0.0,0.0,,,5504.609655380249,6470679.326322556
2023-05-31,36160899.889015675,37131035.84815645,496905.18492889404,473230.77421188354,ZENTEC.NS,Held,821,372.3999938964844,2023-05-31,372.3999938964844,305740.3949890137,0.0,0.0,,,5504.609655380249,6470679.326322556
2023-05-31,36160899.889015675,37131035.84815645,496905.18492889404,473230.77421188354,CGPOWER.NS,Held,779,392.8500061035156,2023-05-31,392.8500061035156,306030.1547546387,0.0,0.0,,,5504.609655380249,6470679.326322556
2023-05-31,36160899.889015675,37131035.84815645,496905.18492889404,473230.77421188354,RKFORGE.NS,Held,788,388.25,2023-05-31,388.25,305941.0,0.0,0.0,,,5504.609655380249,6470679.326322556
2023-05-31,36160899.889015675,37131035.84815645,496905.18492889404,473230.77421188354,MANINDS.NS,Held,2220,137.85000610351562,2023-05-31,137.85000610351562,306027.0135498047,0.0,0.0,,,5504.609655380249,6470679.326322556
2023-05-31,36160899.889015675,37131035.84815645,496905.18492889404,473230.77421188354,NUCLEUS.NS,Held,300,1017.4500122070312,2023-05-31,1017.4500122070312,305235.0036621094,0.0,0.0,,,5504.609655380249,6470679.326322556
2023-05-31,36160899.889015675,37131035.84815645,496905.18492889404,473230.77421188354,ABB.NS,Held,74,4125.89990234375,2023-05-31,4125.89990234375,305316.5927734375,0.0,0.0,,,5504.609655380249,6470679.326322556
2023-05-31,36160899.889015675,37131035.84815645,496905.18492889404,473230.77421188354,CHOLAFIN.NS,Held,291,1050.9000244140625,2023-05-31,1050.9000244140625,305811.9071044922,0.0,0.0,,,5504.609655380249,6470679.326322556
2023-05-31,36160899.889015675,37131035.84815645,496905.18492889404,473230.77421188354,AGI.NS,Held,535,572.0,2023-05-31,572.0,306020.0,0.0,0.0,,,5504.609655380249,6470679.326322556
2023-06-30,,,,,CGPOWER.NS,Sold,779,392.8500061035156,2023-05-31,378.5,294851.5,0.0,,-11178.654754638672,-3.6527951840566883,,
2023-06-30,,,,,ANURAS.NS,Sold,262,1166.0,2023-05-31,1030.0,269860.0,0.0,,-35632.0,-11.663807890222985,,
2023-06-30,,,,,APTECHT.NS,Sold,754,405.8214416503906,2023-05-31,357.9285583496094,269878.13299560547,0.0,,-36111.23400878906,-11.801466947140828,,
2023-06-30,,,,,TEGA.NS,Sold,340,899.4500122070312,2023-05-31,971.4000244140625,330276.00830078125,0.0,,24463.004150390625,7.9993341742787285,,
2023-06-30,,,,,NUCLEUS.NS,Sold,300,1017.4500122070312,2023-05-31,1073.4000244140625,322020.00732421875,0.0,,16785.003662109375,5.499042855743414,,
2023-06-30,,,,,ZENTEC.NS,Sold,821,372.3999938964844,2023-05-31,417.8999938964844,343095.8949890137,0.0,,37355.5,12.218045313031768,,
2023-06-30,,,,,KSOLVES.NS,Sold,746,410.1000061035156,2023-05-31,450.5,336073.0,0.0,,30138.395446777344,9.851254156354923,,
2023-06-30,,,,,SAFARI.NS,Sold,225,1357.5,2023-05-31,1485.050048828125,334136.2609863281,0.0,,28698.760986328125,9.395952031537753,,
2023-06-30,,,,,AGI.NS,Sold,535,572.0,2023-05-31,577.2999877929688,308855.4934692383,0.0,,2835.4934692382812,0.9265712924770542,,
2023-06-30,,,,,MANINDS.NS,Sold,2220,137.85000610351562,2023-05-31,152.3000030517578,338106.00677490234,0.0,,32078.993225097656,10.482405736994497,,
2023-06-30,,,,,VENUSPIPES.NS,Sold,285,1070.25,2023-05-31,1147.25,326966.25,0.0,,21945.0,7.194580705442653,,
2023-06-30,,,,,AURIONPRO.NS,Sold,803,381.17498779296875,2023-05-31,487.75,391663.25,0.0,,85579.7348022461,27.95960270743587,,
2023-06-30,37131035.84815645,38106961.72952318,196957.99697875977,778967.88438797,JINDALSAW.NS,Held,4501,62.57500076293945,2023-01-31,127.94999694824219,575902.9362640381,294252.8578300476,104.47462307347122,,,1769.9761409759521,6973374.433477402
2023-06-30,37131035.84815645,38106961.72952318,196957.99697875977,778967.88438797,ITC.NS,Held,719,362.73016357421875,2023-02-28,434.8525390625,312658.9755859375,51855.98797607422,19.883203199207937,,,1769.9761409759521,6973374.433477402
2023-06-30,37131035.84815645,38106961.72952318,196957.99697875977,778967.88438797,SDBL.NS,Held,4153,67.13999938964844,2023-04-30,104.76000213623047,435068.28887176514,156235.87140655518,56.03217618197095,,,1769.9761409759521,6973374.433477402
2023-06-30,37131035.84815645,38106961.72952318,196957.99697875977,778967.88438797,SAKSOFT.NS,Held,1740,160.1999969482422,2023-04-30,246.72000122070312,429292.80212402344,150544.80743408203,54.00749433248369,,,1769.9761409759521,6973374.433477402
2023-06-30,37131035.84815645,38106961.72952318,196957.99697875977,778967.88438797,IDFCFIRSTB.NS,Held,4271,71.6500015258789,2023-05-31,79.4000015258789,339117.4065170288,33100.25,10.81646871591596,,,1769.9761409759521,6973374.433477402
2023-06-30,37131035.84815645,38106961.72952318,196957.99697875977,778967.88438797,RKFORGE.NS,Held,788,388.25,2023-05-31,444.70001220703125,350423.6096191406,44482.609619140625,14.539603916814231,,,1769.9761409759521,6973374.433477402
2023-06-30,37131035.84815645,38106961.72952318,196957.99697875977,778967.88438797,ABB.NS,Held,74,4125.89990234375,2023-05-31,4423.0,327302.0,21985.4072265625,7.20085568453757,,,1769.9761409759521,6973374.433477402
2023-06-30,37131035.84815645,38106961.72952318,196957.99697875977,778967.88438797,CHOLAFIN.NS,Held,291,1050.9000244140625,2023-05-31,1142.0,332322.0,26510.092895507812,8.668757585835152,,,1769.9761409759521,6973374.433477402
2023-06-30,37131035.84815645,38106961.72952318,196957.99697875977,778967.88438797,LTF.NS,Held,2526,127.69999694824219,2023-06-30,127.69999694824219,322570.19229125977,0.0,0.0,,,1769.9761409759521,6973374.433477402
2023-06-30,37131035.84815645,38106961.72952318,196957.99697875977,778967.88438797,PFC.NS,Held,1867,172.72000122070312,2023-06-30,172.72000122070312,322468.24227905273,0.0,0.0,,,1769.9761409759521,6973374.433477402
2023-06-30,37131035.84815645,38106961.72952318,196957.99697875977,778967.88438797,MAZDOCK.NS,Held,517,623.2000122070312,2023-06-30,623.2000122070312,322194.40631103516,0.0,0.0,,,1769.9761409759521,6973374.433477402
2023-06-30,37131035.84815645,38106961.72952318,196957.99697875977,778967.88438797,ANANTRAJ.NS,Held,1819,177.35000610351562,2023-06-30,177.35000610351562,322599.6611022949,0.0,0.0,,,1769.9761409759521,6973374.433477402
2023-06-30,37131035.84815645,38106961.72952318,196957.99697875977,778967.88438797,RECLTD.NS,Held,1959,164.64999389648438,2023-06-30,164.64999389648438,322549.3380432129,0.0,0.0,,,1769.9761409759521,6973374.433477402
2023-06-30,37131035.84815645,38106961.72952318,196957.99697875977,778967.88438797,GLENMARK.NS,Held,477,676.0,2023-06-30,676.0,322452.0,0.0,0.0,,,1769.9761409759521,6973374.433477402
2023-06-30,37131035.84815645,38106961.72952318,196957.99697875977,778967.88438797,CANFINHOME.NS,Held,415,777.3499755859375,2023-06-30,777.3499755859375,322600.23986816406,0.0,0.0,,,1769.9761409759521,6973374.433477402
2023-06-30,37131035.84815645,38106961.72952318,196957.99697875977,778967.88438797,JBMA.NS,Held,482,668.625,2023-06-30,668.625,322277.25,0.0,0.0,,,1769.9761409759521,6973374.433477402
2023-06-30,37131035.84815645,38106961.72952318,196957.99697875977,778967.88438797,APOLLOTYRE.NS,Held,793,406.70001220703125,2023-06-30,406.70001220703125,322513.1096801758,0.0,0.0,,,1769.9761409759521,6973374.433477402
2023-06-30,37131035.84815645,38106961.72952318,196957.99697875977,778967.88438797,JWL.NS,Held,1856,173.8000030517578,2023-06-30,173.8000030517578,322572.8056640625,0.0,0.0,,,1769.9761409759521,6973374.433477402
2023-06-30,37131035.84815645,38106961.72952318,196957.99697875977,778967.88438797,LGBBROSLTD.NS,Held,282,1142.5999755859375,2023-06-30,1142.5999755859375,322213.1931152344,0.0,0.0,,,1769.9761409759521,6973374.433477402
2023-06-30,37131035.84815645,38106961.72952318,196957.99697875977,778967.88438797,MANINFRA.NS,Held,2829,114.0,2023-06-30,114.0,322506.0,0.0,0.0,,,1769.9761409759521,6973374.433477402
2023-07-31,,,,,LTF.NS,Sold,2526,127.69999694824219,2023-06-30,131.89999389648438,333179.38458251953,0.0,,10609.192291259766,3.2889561852883045,,
2023-07-31,,,,,ITC.NS,Sold,719,362.73016357421875,2023-02-28,448.42962646484375,322420.90142822266,0.0,,61617.913818359375,23.62623004554456,,
2023-07-31,,,,,CANFINHOME.NS,Sold,415,777.3499755859375,2023-06-30,751.4000244140625,311831.01013183594,0.0,,-10769.229736328125,-3.3382584404553293,,
2023-07-31,,,,,JBMA.NS,Sold,482,668.625,2023-06-30,700.8250122070312,337797.65588378906,0.0,,15520.405883789062,4.815855256239484,,
2023-07-31,,,,,ANANTRAJ.NS,Sold,1819,177.35000610351562,2023-06-30,201.64999389648438,366801.3388977051,0.0,,44201.677795410156,13.701712408617192,,
2023-07-31,,,,,ABB.NS,Sold,74,4125.89990234375,2023-05-31,4552.7998046875,336907.185546875,0.0,,31590.5927734375,10.346831296155443,,
2023-07-31,,,,,CHOLAFIN.NS,Sold,291,1050.9000244140625,2023-05-31,1132.0999755859375,329441.0928955078,0.0,,23629.185791015625,7.726705612853007,,
2023-07-31,,,,,IDFCFIRSTB.NS,Sold,4271,71.6500015258789,2023-05-31,87.19999694824219,372431.1869659424,0.0,,66414.03044891357,21.70271471208114,,
2023-07-31,,,,,APOLLOTYRE.NS,Sold,793,406.70001220703125,2023-06-30,432.79998779296875,343210.3903198242,0.0,,20697.280639648438,6.417500566154708,,
2023-07-31,,,,,JWL.NS,Sold,1856,173.8000030517578,2023-06-30,205.39999389648438,381222.388671875,0.0,,58649.5830078125,18.18181259485712,,
2023-07-31,,,,,SAKSOFT.NS,Sold,1740,160.1999969482422,2023-04-30,246.36000061035156,428666.4010620117,0.0,,149918.4063720703,53.782774846085765,,
2023-07-31,,,,,LGBBROSLTD.NS,Sold,282,1142.5999755859375,2023-06-30,1066.800048828125,300837.61376953125,0.0,,-21375.579345703125,-6.633986379961324,,
2023-07-31,38106961.72952318,39826913.65071535,450703.45973968506,1269248.4614524841,JINDALSAW.NS,Held,4501,62.57500076293945,2023-01-31,162.1750030517578,729949.6887359619,448299.61030197144,159.16899892042395,,,3797.082437515259,7914358.470281601
2023-07-31,38106961.72952318,39826913.65071535,450703.45973968506,1269248.4614524841,SDBL.NS,Held,4153,67.13999938964844,2023-04-30,133.55999755859375,554674.6698608398,275842.2523956299,98.92761211312413,,,3797.082437515259,7914358.470281601
2023-07-31,38106961.72952318,39826913.65071535,450703.45973968506,1269248.4614524841,RKFORGE.NS,Held,788,388.25,2023-05-31,562.8499755859375,443525.78076171875,137584.78076171875,44.97101753662267,,,3797.082437515259,7914358.470281601
2023-07-31,38106961.72952318,39826913.65071535,450703.45973968506,1269248.4614524841,PFC.NS,Held,1867,172.72000122070312,2023-06-30,209.1199951171875,390427.03088378906,67958.78860473633,21.07456787819967,,,3797.082437515259,7914358.470281601
2023-07-31,38106961.72952318,39826913.65071535,450703.45973968506,1269248.4614524841,MAZDOCK.NS,Held,517,623.2000122070312,2023-06-30,948.5,490374.5,168180.09368896484,52.19832821262877,,,3797.082437515259,7914358.470281601
2023-07-31,38106961.72952318,39826913.65071535,450703.45973968506,1269248.4614524841,RECLTD.NS,Held,1959,164.64999389648438,2023-06-30,202.9499969482422,397579.04402160645,75029.70597839355,23.26146642667783,,,3797.082437515259,7914358.470281601
2023-07-31,38106961.72952318,39826913.65071535,450703.45973968506,1269248.4614524841,GLENMARK.NS,Held,477,676.0,2023-06-30,787.8499755859375,375804.4383544922,53352.43835449219,16.545854376617974,,,3797.082437515259,7914358.470281601
2023-07-31,38106961.72952318,39826913.65071535,450703.45973968506,1269248.4614524841,MANINFRA.NS,Held,2829,114.0,2023-06-30,129.1999969482422,365506.79136657715,43000.79136657715,13.333330656352796,,,3797.082437515259,7914358.470281601
2023-07-31,38106961.72952318,39826913.65071535,450703.45973968506,1269248.4614524841,THANGAMAYL.NS,Held,273,1270.0999755859375,2023-07-31,1270.0999755859375,346737.29333496094,0.0,0.0,,,3797.082437515259,7914358.470281601
2023-07-31,38106961.72952318,39826913.65071535,450703.45973968506,1269248.4614524841,POWERMECH.NS,Held,150,2307.324951171875,2023-07-31,2307.324951171875,346098.74267578125,0.0,0.0,,,3797.082437515259,7914358.470281601
2023-07-31,38106961.72952318,39826913.65071535,450703.45973968506,1269248.4614524841,VENUSPIPES.NS,Held,279,1242.1500244140625,2023-07-31,1242.1500244140625,346559.85681152344,0.0,0.0,,,3797.082437515259,7914358.470281601
2023-07-31,38106961.72952318,39826913.65071535,450703.45973968506,1269248.4614524841,PREMEXPLN.NS,Held,1718,202.0500030517578,2023-07-31,202.0500030517578,347121.9052429199,0.0,0.0,,,3797.082437515259,7914358.470281601
2023-07-31,38106961.72952318,39826913.65071535,450703.45973968506,1269248.4614524841,SARDAEN.NS,Held,1720,201.77999877929688,2023-07-31,201.77999877929688,347061.5979003906,0.0,0.0,,,3797.082437515259,7914358.470281601
2023-07-31,38106961.72952318,39826913.65071535,450703.45973968506,1269248.4614524841,POLYCAB.NS,Held,72,4816.7998046875,2023-07-31,4816.7998046875,346809.5859375,0.0,0.0,,,3797.082437515259,7914358.470281601
2023-07-31,38106961.72952318,39826913.65071535,450703.45973968506,1269248.4614524841,ANANDRATHI.NS,Held,1193,290.8500061035156,2023-07-31,290.8500061035156,346984.05728149414,0.0,0.0,,,3797.082437515259,7914358.470281601
2023-07-31,38106961.72952318,39826913.65071535,450703.45973968506,1269248.4614524841,JAIBALAJI.NS,Held,11061,31.389999389648438,2023-07-31,31.389999389648438,347204.78324890137,0.0,0.0,,,3797.082437515259,7914358.470281601
2023-07-31,38106961.72952318,39826913.65071535,450703.45973968506,1269248.4614524841,ZENTEC.NS,Held,562,617.6500244140625,2023-07-31,617.6500244140625,347119.3137207031,0.0,0.0,,,3797.082437515259,7914358.470281601
2023-07-31,38106961.72952318,39826913.65071535,450703.45973968506,1269248.4614524841,ANUP.NS,Held,331,1047.6500244140625,2023-07-31,1047.6500244140625,346772.1580810547,0.0,0.0,,,3797.082437515259,7914358.470281601
2023-07-31,38106961.72952318,39826913.65071535,450703.45973968506,1269248.4614524841,UJJIVANSFB.NS,Held,7203,48.20000076293945,2023-07-31,48.20000076293945,347184.6054954529,0.0,0.0,,,3797.082437515259,7914358.470281601
2023-07-31,38106961.72952318,39826913.65071535,450703.45973968506,1269248.4614524841,ACE.NS,Held,481,721.5499877929688,2023-07-31,721.5499877929688,347065.54412841797,0.0,0.0,,,3797.082437515259,7914358.470281601
2023-08-31,,,,,POWERMECH.NS,Sold,150,2307.324951171875,2023-07-31,2112.800048828125,316920.00732421875,0.0,,-29178.7353515625,-8.430754508373521,,
2023-08-31,,,,,PFC.NS,Sold,1867,172.72000122070312,2023-06-30,208.16000366210938,388634.7268371582,0.0,,66166.48455810547,20.51875995306456,,
2023-08-31,,,,,JINDALSAW.NS,Sold,4501,62.57500076293945,2023-01-31,175.10000610351562,788125.1274719238,0.0,,506475.04903793335,179.82421728905518,,
2023-08-31,,,,,MANINFRA.NS,Sold,2829,114.0,2023-06-30,145.8000030517578,412468.20863342285,0.0,,89962.20863342285,27.8947395190858,,
2023-08-31,,,,,SDBL.NS,Sold,4153,67.13999938964844,2023-04-30,125.9000015258789,522862.7063369751,0.0,,244030.28887176514,87.51862179088732,,
2023-08-31,,,,,GLENMARK.NS,Sold,477,676.0,2023-06-30,766.8499755859375,365787.4383544922,0.0,,43335.43835449219,13.439345500878327,,
2023-08-31,,,,,POLYCAB.NS,Sold,72,4816.7998046875,2023-07-31,5123.0498046875,368859.5859375,0.0,,22050.0,6.3579557469249774,,
2023-08-31,,,,,UJJIVANSFB.NS,Sold,7203,48.20000076293945,2023-07-31,49.0,352947.0,0.0,,5762.394504547119,1.6597494282109204,,
2023-08-31,,,,,ACE.NS,Sold,481,721.5499877929688,2023-07-31,765.0999755859375,368013.08825683594,0.0,,20947.54412841797,6.035616177636796,,
2023-08-31,,,,,THANGAMAYL.NS,Sold,273,1270.0999755859375,2023-07-31,1237.5999755859375,337864.79333496094,0.0,,-8872.5,-2.5588536827588486,,
2023-08-31,,,,,ANUP.NS,Sold,331,1047.6500244140625,2023-07-31,1112.574951171875,368262.3088378906,0.0,,21490.150756835938,6.197196128938592,,
2023-08-31,39826913.65071535,41981220.5185895,982168.3234939575,1172138.544380188,RKFORGE.NS,Held,788,388.25,2023-05-31,713.2999877929688,562080.3903808594,256139.39038085938,83.72182557449291,,,6165.701951980591,8799416.876703262
2023-08-31,39826913.65071535,41981220.5185895,982168.3234939575,1172138.544380188,MAZDOCK.NS,Held,517,623.2000122070312,2023-06-30,924.4749755859375,477953.5623779297,155759.15606689453,48.343221674845005,,,6165.701951980591,8799416.876703262
2023-08-31,39826913.65071535,41981220.5185895,982168.3234939575,1172138.544380188,RECLTD.NS,Held,1959,164.64999389648438,2023-06-30,238.64999389648438,467515.3380432129,144966.0,44.94382189077024,,,6165.701951980591,8799416.876703262
2023-08-31,39826913.65071535,41981220.5185895,982168.3234939575,1172138.544380188,VENUSPIPES.NS,Held,279,1242.1500244140625,2023-07-31,1523.9000244140625,425168.10681152344,78608.25,22.682445313552602,,,6165.701951980591,8799416.876703262
2023-08-31,39826913.65071535,41981220.5185895,982168.3234939575,1172138.544380188,PREMEXPLN.NS,Held,1718,202.0500030517578,2023-07-31,230.13999938964844,395380.518951416,48258.613708496094,13.902497358881503,,,6165.701951980591,8799416.876703262
2023-08-31,39826913.65071535,41981220.5185895,982168.3234939575,1172138.544380188,SARDAEN.NS,Held,1720,201.77999877929688,2023-07-31,221.4499969482422,380893.99475097656,33832.39685058594,9.74823980966517,,,6165.701951980591,8799416.876703262
2023-08-31,39826913.65071535,41981220.5185895,982168.3234939575,1172138.544380188,ANANDRATHI.NS,Held,1193,290.8500061035156,2023-07-31,356.625,425453.625,78469.56771850586,22.614747297985126,,,6165.701951980591,8799416.876703262
2023-08-31,39826913.65071535,41981220.5185895,982168.3234939575,1172138.544380188,JAIBALAJI.NS,Held,11061,31.389999389648438,2023-07-31,54.06999969482422,598068.2666244507,250863.48337554932,72.25231202984675,,,6165.701951980591,8799416.876703262
2023-08-31,39826913.65071535,41981220.5185895,982168.3234939575,1172138.544380188,ZENTEC.NS,Held,562,617.6500244140625,2023-07-31,840.5,472361.0,125241.68627929688,36.0802990006105,,,6165.701951980591,8799416.876703262
2023-08-31,39826913.65071535,41981220.5185895,982168.3234939575,1172138.544380188,APARINDS.NS,Held,83,5008.4501953125,2023-08-31,5008.4501953125,415701.3662109375,0.0,0.0,,,6165.701951980591,8799416.876703262
2023-08-31,39826913.65071535,41981220.5185895,982168.3234939575,1172138.544380188,GENUSPOWER.NS,Held,1615,258.6000061035156,2023-08-31,258.6000061035156,417639.00985717773,0.0,0.0,,,6165.701951980591,8799416.876703262
2023-08-31,39826913.65071535,41981220.5185895,982168.3234939575,1172138.544380188,TEXRAIL.NS,Held,2864,145.8000030517578,2023-08-31,145.8000030517578,417571.2087402344,0.0,0.0,,,6165.701951980591,8799416.876703262
2023-08-31,39826913.65071535,41981220.5185895,982168.3234939575,1172138.544380188,SUPREMEIND.NS,Held,93,4457.7001953125,2023-08-31,4457.7001953125,414566.1181640625,0.0,0.0,,,6165.701951980591,8799416.876703262
2023-08-31,39826913.65071535,41981220.5185895,982168.3234939575,1172138.544380188,SKMEGGPROD.NS,Held,1725,242.0749969482422,2023-08-31,242.0749969482422,417579.3697357178,0.0,0.0,,,6165.701951980591,8799416.876703262
2023-08-31,39826913.65071535,41981220.5185895,982168.3234939575,1172138.544380188,HBLENGINE.NS,Held,1557,268.1499938964844,2023-08-31,268.1499938964844,417509.5404968262,0.0,0.0,,,6165.701951980591,8799416.876703262
2023-08-31,39826913.65071535,41981220.5185895,982168.3234939575,1172138.544380188,BSE.NS,Held,1179,354.25,2023-08-31,354.25,417660.75,0.0,0.0,,,6165.701951980591,8799416.876703262
2023-08-31,39826913.65071535,41981220.5185895,982168.3234939575,1172138.544380188,TARC.NS,Held,4496,92.9000015258789,2023-08-31,92.9000015258789,417678.40686035156,0.0,0.0,,,6165.701951980591,8799416.876703262
2023-08-31,39826913.65071535,41981220.5185895,982168.3234939575,1172138.544380188,USHAMART.NS,Held,1176,355.0,2023-08-31,355.0,417480.0,0.0,0.0,,,6165.701951980591,8799416.876703262
2023-08-31,39826913.65071535,41981220.5185895,982168.3234939575,1172138.544380188,HSCL.NS,Held,1860,224.4499969482422,2023-08-31,224.4499969482422,417476.99432373047,0.0,0.0,,,6165.701951980591,8799416.876703262
2023-08-31,39826913.65071535,41981220.5185895,982168.3234939575,1172138.544380188,JWL.NS,Held,1216,343.3500061035156,2023-08-31,343.3500061035156,417513.607421875,0.0,0.0,,,6165.701951980591,8799416.876703262
2023-09-30,,,,,TEXRAIL.NS,Sold,2864,145.8000030517578,2023-08-31,128.75,368740.0,0.0,,-48831.208740234375,-11.694103357257955,,
2023-09-30,,,,,RKFORGE.NS,Sold,788,388.25,2023-05-31,643.75,507275.0,0.0,,201334.0,65.80811332904057,,
2023-09-30,,,,,HBLENGINE.NS,Sold,1557,268.1499938964844,2023-08-31,266.8999938964844,415563.2904968262,0.0,,-1946.25,-0.46615701228863177,,
2023-09-30,,,,,USHAMART.NS,Sold,1176,355.0,2023-08-31,343.79998779296875,404308.78564453125,0.0,,-13171.21435546875,-3.154933016065141,,
2023-09-30,,,,,SUPREMEIND.NS,Sold,93,4457.7001953125,2023-08-31,4121.5,383299.5,0.0,,-31266.6181640625,-7.542010018215933,,
2023-09-30,,,,,VENUSPIPES.NS,Sold,279,1242.1500244140625,2023-07-31,1310.050048828125,365503.9636230469,0.0,,18944.106811523438,5.466330401280778,,
2023-09-30,,,,,ZENTEC.NS,Sold,562,617.6500244140625,2023-07-31,764.5499877929688,429677.09313964844,0.0,,82557.77941894531,23.783689398905764,,
2023-09-30,,,,,PREMEXPLN.NS,Sold,1718,202.0500030517578,2023-07-31,201.0800018310547,345455.44314575195,0.0,,-1666.4620971679688,-0.480079785227544,,
2023-09-30,,,,,SARDAEN.NS,Sold,1720,201.77999877929688,2023-07-31,220.3000030517578,378916.00524902344,0.0,,31854.407348632812,9.1783151870854,,
2023-09-30,41981220.5185895,43603861.271755695,237808.54022216797,1384832.2129440308,MAZDOCK.NS,Held,517,623.2000122070312,2023-06-30,1096.0999755859375,566683.6873779297,244489.28106689453,75.88253435749384,,,5858.276702880859,9249919.085489273
2023-09-30,41981220.5185895,43603861.271755695,237808.54022216797,1384832.2129440308,RECLTD.NS,Held,1959,164.64999389648438,2023-06-30,287.3999938964844,563016.5880432129,240467.25,74.5520829336763,,,5858.276702880859,9249919.085489273
2023-09-30,41981220.5185895,43603861.271755695,237808.54022216797,1384832.2129440308,ANANDRATHI.NS,Held,1193,290.8500061035156,2023-07-31,420.20001220703125,501298.6145629883,154314.55728149414,44.473097262882305,,,5858.276702880859,9249919.085489273
2023-09-30,41981220.5185895,43603861.271755695,237808.54022216797,1384832.2129440308,JAIBALAJI.NS,Held,11061,31.389999389648438,2023-07-31,87.26000213623047,965182.8836288452,617978.1003799438,177.98663215331706,,,5858.276702880859,9249919.085489273
2023-09-30,41981220.5185895,43603861.271755695,237808.54022216797,1384832.2129440308,APARINDS.NS,Held,83,5008.4501953125,2023-08-31,5477.5498046875,454636.6337890625,38935.267578125,9.366163006153858,,,5858.276702880859,9249919.085489273
2023-09-30,41981220.5185895,43603861.271755695,237808.54022216797,1384832.2129440308,GENUSPOWER.NS,Held,1615,258.6000061035156,2023-08-31,255.5500030517578,412713.25492858887,-4925.754928588867,-1.1794288398187118,,,5858.276702880859,9249919.085489273
2023-09-30,41981220.5185895,43603861.271755695,237808.54022216797,1384832.2129440308,SKMEGGPROD.NS,Held,1725,242.0749969482422,2023-08-31,228.6999969482422,394507.4947357178,-23071.875,-5.525147234788438,,,5858.276702880859,9249919.085489273
2023-09-30,41981220.5185895,43603861.271755695,237808.54022216797,1384832.2129440308,BSE.NS,Held,1179,354.25,2023-08-31,432.6499938964844,510094.3428039551,92433.59280395508,22.131261509240474,,,5858.276702880859,9249919.085489273
2023-09-30,41981220.5185895,43603861.271755695,237808.54022216797,1384832.2129440308,TARC.NS,Held,4496,92.9000015258789,2023-08-31,94.80000305175781,426220.8137207031,8542.406860351562,2.0452115120252476,,,5858.276702880859,9249919.085489273
2023-09-30,41981220.5185895,43603861.271755695,237808.54022216797,1384832.2129440308,HSCL.NS,Held,1860,224.4499969482422,2023-08-31,243.39999389648438,452723.98864746094,35246.99432373047,8.442859080373267,,,5858.276702880859,9249919.085489273
2023-09-30,41981220.5185895,43603861.271755695,237808.54022216797,1384832.2129440308,JWL.NS,Held,1216,343.3500061035156,2023-08-31,327.25,397936.0,-19577.607421875,-4.689094456768898,,,5858.276702880859,9249919.085489273
2023-09-30,41981220.5185895,43603861.271755695,237808.54022216797,1384832.2129440308,GVKPIL.NS,Held,33518,11.949999809265137,2023-09-30,11.949999809265137,400540.09360694885,0.0,0.0,,,5858.276702880859,9249919.085489273
2023-09-30,41981220.5185895,43603861.271755695,237808.54022216797,1384832.2129440308,PRAKASH.NS,Held,2806,142.6999969482422,2023-09-30,142.6999969482422,400416.1914367676,0.0,0.0,,,5858.276702880859,9249919.085489273
2023-09-30,41981220.5185895,43603861.271755695,237808.54022216797,1384832.2129440308,PFC.NS,Held,1590,251.89999389648438,2023-09-30,251.89999389648438,400520.99029541016,0.0,0.0,,,5858.276702880859,9249919.085489273
2023-09-30,41981220.5185895,43603861.271755695,237808.54022216797,1384832.2129440308,RESPONIND.NS,Held,1140,351.1499938964844,2023-09-30,351.1499938964844,400310.9930419922,0.0,0.0,,,5858.276702880859,9249919.085489273
2023-09-30,41981220.5185895,43603861.271755695,237808.54022216797,1384832.2129440308,CHOLAHLDNG.NS,Held,345,1160.449951171875,2023-09-30,1160.449951171875,400355.2331542969,0.0,0.0,,,5858.276702880859,9249919.085489273
2023-09-30,41981220.5185895,43603861.271755695,237808.54022216797,1384832.2129440308,IRFC.NS,Held,5232,76.55000305175781,2023-09-30,76.55000305175781,400509.6159667969,0.0,0.0,,,5858.276702880859,9249919.085489273
2023-09-30,41981220.5185895,43603861.271755695,237808.54022216797,1384832.2129440308,POLYCAB.NS,Held,74,5343.0498046875,2023-09-30,5343.0498046875,395385.685546875,0.0,0.0,,,5858.276702880859,9249919.085489273
2023-09-30,41981220.5185895,43603861.271755695,237808.54022216797,1384832.2129440308,GABRIEL.NS,Held,1212,330.45001220703125,2023-09-30,330.45001220703125,400505.4147949219,0.0,0.0,,,5858.276702880859,9249919.085489273
2023-09-30,41981220.5185895,43603861.271755695,237808.54022216797,1384832.2129440308,UJJIVANSFB.NS,Held,7403,54.099998474121094,2023-09-30,54.099998474121094,400502.28870391846,0.0,0.0,,,5858.276702880859,9249919.085489273
2023-10-31,,,,,APARINDS.NS,Sold,83,5008.4501953125,2023-08-31,5179.4501953125,429894.3662109375,0.0,,14193.0,3.414229818238824,,
2023-10-31,,,,,GENUSPOWER.NS,Sold,1615,258.6000061035156,2023-08-31,246.39999389648438,397935.99014282227,0.0,,-19703.01971435547,-4.717715359274847,,
2023-10-31,,,,,PFC.NS,Sold,1590,251.89999389648438,2023-09-30,246.60000610351562,392094.00970458984,0.0,,-8426.980590820312,-2.104004732587141,,
2023-10-31,,,,,MAZDOCK.NS,Sold,517,623.2000122070312,2023-06-30,983.4000244140625,508417.8126220703,0.0,,186223.40631103516,57.798460390172515,,
2023-10-31,,,,,TARC.NS,Sold,4496,92.9000015258789,2023-08-31,102.0999984741211,459041.59313964844,0.0,,41363.186279296875,9.903118188517327,,
2023-10-31,,,,,POLYCAB.NS,Sold,74,5343.0498046875,2023-09-30,4922.10009765625,364235.4072265625,0.0,,-31150.2783203125,-7.878453737450612,,
2023-10-31,,,,,UJJIVANSFB.NS,Sold,7403,54.099998474121094,2023-09-30,52.099998474121094,385696.28870391846,0.0,,-14806.0,-3.6968577752487484,,
2023-10-31,,,,,RESPONIND.NS,Sold,1140,351.1499938964844,2023-09-30,313.45001220703125,357333.0139160156,0.0,,-42977.97912597656,-10.736147613480156,,
2023-10-31,,,,,GVKPIL.NS,Sold,33518,11.949999809265137,2023-09-30,7.199999809265137,241329.59360694885,0.0,,-159210.5,-39.7489546093315,,
2023-10-31,,,,,SKMEGGPROD.NS,Sold,1725,242.0749969482422,2023-08-31,215.1999969482422,371219.9947357178,0.0,,-46359.375,-11.101931359621629,,
2023-10-31,43603861.271755695,45220334.801579,-80854.54016113281,1697328.069984436,RECLTD.NS,Held,1959,164.64999389648438,2023-06-30,287.6000061035156,563408.4119567871,240859.07391357422,74.67356013649781,,,1390.4928007125854,9481560.402368546
2023-10-31,43603861.271755695,45220334.801579,-80854.54016113281,1697328.069984436,ANANDRATHI.NS,Held,1193,290.8500061035156,2023-07-31,477.2749938964844,569389.0677185059,222405.01043701172,64.09660783249863,,,1390.4928007125854,9481560.402368546
2023-10-31,43603861.271755695,45220334.801579,-80854.54016113281,1697328.069984436,JAIBALAJI.NS,Held,11061,31.389999389648438,2023-07-31,113.62999725341797,1256861.3996200562,909656.6163711548,261.9942639785142,,,1390.4928007125854,9481560.402368546
2023-10-31,43603861.271755695,45220334.801579,-80854.54016113281,1697328.069984436,BSE.NS,Held,1179,354.25,2023-08-31,621.0,732159.0,314498.25,75.2999294283698,,,1390.4928007125854,9481560.402368546
2023-10-31,43603861.271755695,45220334.801579,-80854.54016113281,1697328.069984436,HSCL.NS,Held,1860,224.4499969482422,2023-08-31,238.75,444075.0,26598.00567626953,6.371130873775583,,,1390.4928007125854,9481560.402368546
2023-10-31,43603861.271755695,45220334.801579,-80854.54016113281,1697328.069984436,JWL.NS,Held,1216,343.3500061035156,2023-08-31,312.6000061035156,380121.607421875,-37392.0,-8.955875769150058,,,1390.4928007125854,9481560.402368546
2023-10-31,43603861.271755695,45220334.801579,-80854.54016113281,1697328.069984436,PRAKASH.NS,Held,2806,142.6999969482422,2023-09-30,158.3000030517578,444189.8085632324,43773.617126464844,10.932029738706865,,,1390.4928007125854,9481560.402368546
2023-10-31,43603861.271755695,45220334.801579,-80854.54016113281,1697328.069984436,CHOLAHLDNG.NS,Held,345,1160.449951171875,2023-09-30,1138.199951171875,392678.9831542969,-7676.25,-1.917359725641846,,,1390.4928007125854,9481560.402368546
2023-10-31,43603861.271755695,45220334.801579,-80854.54016113281,1697328.069984436,IRFC.NS,Held,5232,76.55000305175781,2023-09-30,72.5999984741211,379843.19201660156,-20666.423950195312,-5.160031900934086,,,1390.4928007125854,9481560.402368546
2023-10-31,43603861.271755695,45220334.801579,-80854.54016113281,1697328.069984436,GABRIEL.NS,Held,1212,330.45001220703125,2023-09-30,334.79998779296875,405777.5852050781,5272.17041015625,1.3163793085933322,,,1390.4928007125854,9481560.402368546
2023-10-31,43603861.271755695,45220334.801579,-80854.54016113281,1697328.069984436,KALYANKJIL.NS,Held,1355,288.70001220703125,2023-10-31,288.70001220703125,391188.51654052734,0.0,0.0,,,1390.4928007125854,9481560.402368546
2023-10-31,43603861.271755695,45220334.801579,-80854.54016113281,1697328.069984436,ITI.NS,Held,1449,269.8999938964844,2023-10-31,269.8999938964844,391085.09115600586,0.0,0.0,,,1390.4928007125854,9481560.402368546
2023-10-31,43603861.271755695,45220334.801579,-80854.54016113281,1697328.069984436,JINDALSAW.NS,Held,1767,221.4499969482422,2023-10-31,221.4499969482422,391302.14460754395,0.0,0.0,,,1390.4928007125854,9481560.402368546
2023-10-31,43603861.271755695,45220334.801579,-80854.54016113281,1697328.069984436,EMIL.NS,Held,2056,190.25,2023-10-31,190.25,391154.0,0.0,0.0,,,1390.4928007125854,9481560.402368546
2023-10-31,43603861.271755695,45220334.801579,-80854.54016113281,1697328.069984436,HBLENGINE.NS,Held,1325,295.25,2023-10-31,295.25,391206.25,0.0,0.0,,,1390.4928007125854,9481560.402368546
2023-10-31,43603861.271755695,45220334.801579,-80854.54016113281,1697328.069984436,CUPID.NS,Held,62270,6.283999919891357,2023-10-31,6.283999919891357,391304.6750116348,0.0,0.0,,,1390.4928007125854,9481560.402368546
2023-10-31,43603861.271755695,45220334.801579,-80854.54016113281,1697328.069984436,SUZLON.NS,Held,12787,30.600000381469727,2023-10-31,30.600000381469727,391282.2048778534,0.0,0.0,,,1390.4928007125854,9481560.402368546
2023-10-31,43603861.271755695,45220334.801579,-80854.54016113281,1697328.069984436,WONDERLA.NS,Held,458,853.2000122070312,2023-10-31,853.2000122070312,390765.6055908203,0.0,0.0,,,1390.4928007125854,9481560.402368546
2023-10-31,43603861.271755695,45220334.801579,-80854.54016113281,1697328.069984436,APOLLO.NS,Held,4281,91.4000015258789,2023-10-31,91.4000015258789,391283.4065322876,0.0,0.0,,,1390.4928007125854,9481560.402368546
2023-10-31,43603861.271755695,45220334.801579,-80854.54016113281,1697328.069984436,GRAVITA.NS,Held,393,995.1500244140625,2023-10-31,995.1500244140625,391093.95959472656,0.0,0.0,,,1390.4928007125854,9481560.402368546
2023-11-30,,,,,ITI.NS,Sold,1449,269.8999938964844,2023-10-31,268.29998779296875,388766.6823120117,0.0,,-2318.4088439941406,-0.592814427453926,,
2023-11-30,,,,,JINDALSAW.NS,Sold,1767,221.4499969482422,2023-10-31,232.3249969482422,410518.26960754395,0.0,,19216.125,4.910815150086333,,
2023-11-30,,,,,HBLENGINE.NS,Sold,1325,295.25,2023-10-31,359.8500061035156,476801.2580871582,0.0,,85595.0080871582,21.879764980022227,,
2023-11-30,,,,,JWL.NS,Sold,1216,343.3500061035156,2023-08-31,347.8500061035156,422985.607421875,0.0,,5472.0,1.3106159662170815,,
2023-11-30,,,,,CHOLAHLDNG.NS,Sold,345,1160.449951171875,2023-09-30,981.8499755859375,338738.24157714844,0.0,,-61616.99157714844,-15.390579783779485,,
2023-11-30,,,,,IRFC.NS,Sold,5232,76.55000305175781,2023-09-30,74.6500015258789,390568.80798339844,0.0,,-9940.807983398438,-2.482039778096752,,
2023-11-30,,,,,HSCL.NS,Sold,1860,224.4499969482422,2023-08-31,273.70001220703125,509082.0227050781,0.0,,91605.02838134766,21.942533271740714,,
2023-11-30,,,,,GRAVITA.NS,Sold,393,995.1500244140625,2023-10-31,1118.550048828125,439590.1691894531,0.0,,48496.20959472656,12.400142831400682,,
2023-11-30,,,,,GABRIEL.NS,Sold,1212,330.45001220703125,2023-09-30,423.3500061035156,513100.20739746094,0.0,,112594.79260253906,28.11317611278565,,
2023-11-30,,,,,PRAKASH.NS,Sold,2806,142.6999969482422,2023-09-30,151.14999389648438,424126.88287353516,0.0,,23710.691436767578,5.921511653085061,,
2023-11-30,45220334.801579,48429887.63395071,312813.64669799805,2896739.1856737137,RECLTD.NS,Held,1959,164.64999389648438,2023-06-30,348.70001220703125,683103.3239135742,360553.9858703613,111.78258435057053,,,5391.123003959656,10993785.164755821
2023-11-30,45220334.801579,48429887.63395071,312813.64669799805,2896739.1856737137,ANANDRATHI.NS,Held,1193,290.8500061035156,2023-07-31,648.875,774107.875,427123.81771850586,123.09609296314083,,,5391.123003959656,10993785.164755821
2023-11-30,45220334.801579,48429887.63395071,312813.64669799805,2896739.1856737137,JAIBALAJI.NS,Held,11061,31.389999389648438,2023-07-31,118.43000030517578,1309954.2333755493,962749.450126648,277.2857681043178,,,5391.123003959656,10993785.164755821
2023-11-30,45220334.801579,48429887.63395071,312813.64669799805,2896739.1856737137,BSE.NS,Held,1179,354.25,2023-08-31,825.6500244140625,973441.3787841797,555780.6287841797,133.06987280566338,,,5391.123003959656,10993785.164755821
2023-11-30,45220334.801579,48429887.63395071,312813.64669799805,2896739.1856737137,KALYANKJIL.NS,Held,1355,288.70001220703125,2023-10-31,325.1000061035156,440510.5082702637,49321.99172973633,12.608241204500322,,,5391.123003959656,10993785.164755821
2023-11-30,45220334.801579,48429887.63395071,312813.64669799805,2896739.1856737137,EMIL.NS,Held,2056,190.25,2023-10-31,225.1999969482422,463011.19372558594,71857.19372558594,18.370563441914424,,,5391.123003959656,10993785.164755821
2023-11-30,45220334.801579,48429887.63395071,312813.64669799805,2896739.1856737137,CUPID.NS,Held,62270,6.283999919891357,2023-10-31,8.476499557495117,527831.627445221,136526.95243358612,34.8901920043574,,,5391.123003959656,10993785.164755821
2023-11-30,45220334.801579,48429887.63395071,312813.64669799805,2896739.1856737137,SUZLON.NS,Held,12787,30.600000381469727,2023-10-31,40.75,521070.25,129788.0451221466,33.16993298038242,,,5391.123003959656,10993785.164755821
2023-11-30,45220334.801579,48429887.63395071,312813.64669799805,2896739.1856737137,WONDERLA.NS,Held,458,853.2000122070312,2023-10-31,983.8499755859375,450603.2888183594,59837.68322753906,15.312935010507674,,,5391.123003959656,10993785.164755821
2023-11-30,45220334.801579,48429887.63395071,312813.64669799805,2896739.1856737137,APOLLO.NS,Held,4281,91.4000015258789,2023-10-31,124.8499984741211,534482.8434677124,143199.4369354248,36.59737022955212,,,5391.123003959656,10993785.164755821
2023-11-30,45220334.801579,48429887.63395071,312813.64669799805,2896739.1856737137,MARKSANS.NS,Held,2594,166.35000610351562,2023-11-30,166.35000610351562,431511.91583251953,0.0,0.0,,,5391.123003959656,10993785.164755821
2023-11-30,45220334.801579,48429887.63395071,312813.64669799805,2896739.1856737137,AUROPHARMA.NS,Held,414,1041.550048828125,2023-11-30,1041.550048828125,431201.72021484375,0.0,0.0,,,5391.123003959656,10993785.164755821
2023-11-30,45220334.801579,48429887.63395071,312813.64669799805,2896739.1856737137,KDDL.NS,Held,144,2993.60009765625,2023-11-30,2993.60009765625,431078.4140625,0.0,0.0,,,5391.123003959656,10993785.164755821
2023-11-30,45220334.801579,48429887.63395071,312813.64669799805,2896739.1856737137,PFC.NS,Held,1288,334.8999938964844,2023-11-30,334.8999938964844,431351.1921386719,0.0,0.0,,,5391.123003959656,10993785.164755821
2023-11-30,45220334.801579,48429887.63395071,312813.64669799805,2896739.1856737137,TVSMOTOR.NS,Held,231,1864.5,2023-11-30,1864.5,430699.5,0.0,0.0,,,5391.123003959656,10993785.164755821
2023-11-30,45220334.801579,48429887.63395071,312813.64669799805,2896739.1856737137,WELCORP.NS,Held,813,530.3499755859375,2023-11-30,530.3499755859375,431174.5301513672,0.0,0.0,,,5391.123003959656,10993785.164755821
2023-11-30,45220334.801579,48429887.63395071,312813.64669799805,2896739.1856737137,KESORAMIND.NS,Held,3095,139.39999389648438,2023-11-30,139.39999389648438,431442.98110961914,0.0,0.0,,,5391.123003959656,10993785.164755821
2023-11-30,45220334.801579,48429887.63395071,312813.64669799805,2896739.1856737137,PRESTIGE.NS,Held,430,1002.9000244140625,2023-11-30,1002.9000244140625,431247.0104980469,0.0,0.0,,,5391.123003959656,10993785.164755821
2023-11-30,45220334.801579,48429887.63395071,312813.64669799805,2896739.1856737137,MCX.NS,Held,675,639.0700073242188,2023-11-30,639.0700073242188,431372.25494384766,0.0,0.0,,,5391.123003959656,10993785.164755821
2023-11-30,45220334.801579,48429887.63395071,312813.64669799805,2896739.1856737137,TRENT.NS,Held,154,2787.0,2023-11-30,2787.0,429198.0,0.0,0.0,,,5391.123003959656,10993785.164755821
2023-12-31,,,,,MARKSANS.NS,Sold,2594,166.35000610351562,2023-11-30,161.10000610351562,417893.41583251953,0.0,,-13618.5,-3.1559962773509307,,
2023-12-31,,,,,AUROPHARMA.NS,Sold,414,1041.550048828125,2023-11-30,1084.0,448776.0,0.0,,17574.27978515625,4.075651594432408,,
2023-12-31,,,,,WELCORP.NS,Sold,813,530.3499755859375,2023-11-30,548.1500244140625,445645.9698486328,0.0,,14471.439697265625,3.3562835198510714,,
2023-12-31,,,,,SUZLON.NS,Sold,12787,30.600000381469727,2023-10-31,38.20000076293945,488463.4097557068,0.0,,97181.2048778534,24.836602244201334,,
2023-12-31,,,,,MCX.NS,Sold,675,639.0700073242188,2023-11-30,639.969970703125,431979.7302246094,0.0,,607.4752807617188,0.14082391108829997,,
2023-12-31,,,,,WONDERLA.NS,Sold,458,853.2000122070312,2023-10-31,843.0499877929688,386116.8944091797,0.0,,-4648.711181640625,-1.1896418505441335,,
2023-12-31,,,,,EMIL.NS,Sold,2056,190.25,2023-10-31,204.39999389648438,420246.3874511719,0.0,,29092.387451171875,7.437578920622537,,
2023-12-31,,,,,APOLLO.NS,Sold,4281,91.4000015258789,2023-10-31,113.94999694824219,487819.9369354248,0.0,,96536.5304031372,24.671767008645507,,
2023-12-31,,,,,KDDL.NS,Sold,144,2993.60009765625,2023-11-30,2841.60009765625,409190.4140625,0.0,,-21888.0,-5.077498498179629,,
2023-12-31,48429887.63395071,52076115.54340601,215308.10631370544,3430919.803141594,RECLTD.NS,Held,1959,164.64999389648438,2023-06-30,412.8500061035156,808773.1619567871,486223.8239135742,150.7440154313488,,,6113.928328514099,11743273.888537407
2023-12-31,48429887.63395071,52076115.54340601,215308.10631370544,3430919.803141594,ANANDRATHI.NS,Held,1193,290.8500061035156,2023-07-31,648.4249877929688,773571.0104370117,426586.9531555176,122.9413698420861,,,6113.928328514099,11743273.888537407
2023-12-31,48429887.63395071,52076115.54340601,215308.10631370544,3430919.803141594,JAIBALAJI.NS,Held,11061,31.389999389648438,2023-07-31,152.3699951171875,1685364.515991211,1338159.7327423096,385.4093599231956,,,6113.928328514099,11743273.888537407
2023-12-31,48429887.63395071,52076115.54340601,215308.10631370544,3430919.803141594,BSE.NS,Held,1179,354.25,2023-08-31,740.4000244140625,872931.6287841797,455270.8787841797,109.00494690587507,,,6113.928328514099,11743273.888537407
2023-12-31,48429887.63395071,52076115.54340601,215308.10631370544,3430919.803141594,KALYANKJIL.NS,Held,1355,288.70001220703125,2023-10-31,354.1000061035156,479805.5082702637,88616.99172973633,22.653270222096502,,,6113.928328514099,11743273.888537407
2023-12-31,48429887.63395071,52076115.54340601,215308.10631370544,3430919.803141594,CUPID.NS,Held,62270,6.283999919891357,2023-10-31,11.204000473022461,697673.1094551086,306368.4344434738,78.29409000400122,,,6113.928328514099,11743273.888537407
2023-12-31,48429887.63395071,52076115.54340601,215308.10631370544,3430919.803141594,PFC.NS,Held,1288,334.8999938964844,2023-11-30,382.6000061035156,492788.8078613281,61437.61572265625,14.243061533699233,,,6113.928328514099,11743273.888537407
2023-12-31,48429887.63395071,52076115.54340601,215308.10631370544,3430919.803141594,TVSMOTOR.NS,Held,231,1864.5,2023-11-30,2025.800048828125,467959.8112792969,37260.311279296875,8.651115517732636,,,6113.928328514099,11743273.888537407
2023-12-31,48429887.63395071,52076115.54340601,215308.10631370544,3430919.803141594,KESORAMIND.NS,Held,3095,139.39999389648438,2023-11-30,176.25,545493.75,114050.76889038086,26.43472576539687,,,6113.928328514099,11743273.888537407
2023-12-31,48429887.63395071,52076115.54340601,215308.10631370544,3430919.803141594,PRESTIGE.NS,Held,430,1002.9000244140625,2023-11-30,1178.9000244140625,506927.0104980469,75680.0,17.54910716078871,,,6113.928328514099,11743273.888537407
2023-12-31,48429887.63395071,52076115.54340601,215308.10631370544,3430919.803141594,TRENT.NS,Held,154,2787.0,2023-11-30,3054.949951171875,470462.29248046875,41264.29248046875,9.614278836450485,,,6113.928328514099,11743273.888537407
2023-12-31,48429887.63395071,52076115.54340601,215308.10631370544,3430919.803141594,NLCINDIA.NS,Held,1727,253.4499969482422,2023-12-31,253.4499969482422,437708.14472961426,0.0,0.0,,,6113.928328514099,11743273.888537407
2023-12-31,48429887.63395071,52076115.54340601,215308.10631370544,3430919.803141594,MANGLMCEM.NS,Held,586,746.1500244140625,2023-12-31,746.1500244140625,437243.9143066406,0.0,0.0,,,6113.928328514099,11743273.888537407
2023-12-31,48429887.63395071,52076115.54340601,215308.10631370544,3430919.803141594,NTPC.NS,Held,1407,311.1499938964844,2023-12-31,311.1499938964844,437788.0414123535,0.0,0.0,,,6113.928328514099,11743273.888537407
2023-12-31,48429887.63395071,52076115.54340601,215308.10631370544,3430919.803141594,ALKEM.NS,Held,84,5202.60009765625,2023-12-31,5202.60009765625,437018.408203125,0.0,0.0,,,6113.928328514099,11743273.888537407
2023-12-31,48429887.63395071,52076115.54340601,215308.10631370544,3430919.803141594,HBLENGINE.NS,Held,1003,436.3999938964844,2023-12-31,436.3999938964844,437709.1938781738,0.0,0.0,,,6113.928328514099,11743273.888537407
2023-12-31,48429887.63395071,52076115.54340601,215308.10631370544,3430919.803141594,DLF.NS,Held,602,726.4000244140625,2023-12-31,726.4000244140625,437292.8146972656,0.0,0.0,,,6113.928328514099,11743273.888537407
2023-12-31,48429887.63395071,52076115.54340601,215308.10631370544,3430919.803141594,ANGELONE.NS,Held,1255,348.7799987792969,2023-12-31,348.7799987792969,437718.8984680176,0.0,0.0,,,6113.928328514099,11743273.888537407
2023-12-31,48429887.63395071,52076115.54340601,215308.10631370544,3430919.803141594,INOXWIND.NS,Held,3505,124.9375,2023-12-31,124.9375,437905.9375,0.0,0.0,,,6113.928328514099,11743273.888537407
2023-12-31,48429887.63395071,52076115.54340601,215308.10631370544,3430919.803141594,BAJAJ-AUTO.NS,Held,64,6797.25,2023-12-31,6797.25,435024.0,0.0,0.0,,,6113.928328514099,11743273.888537407
2024-01-31,,,,,NLCINDIA.NS,Sold,1727,253.4499969482422,2023-12-31,259.29998779296875,447811.07891845703,0.0,,10102.934188842773,2.308143979153887,,
2024-01-31,,,,,MANGLMCEM.NS,Sold,586,746.1500244140625,2023-12-31,665.25,389836.5,0.0,,-47407.414306640625,-10.84232684674798,,
2024-01-31,,,,,KALYANKJIL.NS,Sold,1355,288.70001220703125,2023-10-31,350.20001220703125,474521.01654052734,0.0,,83332.5,21.30238912352293,,
2024-01-31,,,,,NTPC.NS,Sold,1407,311.1499938964844,2023-12-31,317.5,446722.5,0.0,,8934.458587646484,2.040818328162395,,
2024-01-31,,,,,ALKEM.NS,Sold,84,5202.60009765625,2023-12-31,4996.0498046875,419668.18359375,0.0,,-17350.224609375,-3.970135876132399,,
2024-01-31,,,,,DLF.NS,Sold,602,726.4000244140625,2023-12-31,802.5999755859375,483165.1853027344,0.0,,45872.37060546875,10.490081031225229,,
2024-01-31,,,,,TVSMOTOR.NS,Sold,231,1864.5,2023-11-30,2001.3499755859375,462311.84436035156,0.0,,31612.344360351562,7.339768065751542,,
2024-01-31,,,,,BSE.NS,Sold,1179,354.25,2023-08-31,774.5333251953125,913174.7904052734,0.0,,495514.04040527344,118.64031762747001,,
2024-01-31,,,,,ANGELONE.NS,Sold,1255,348.7799987792969,2023-12-31,328.5350036621094,412311.42959594727,0.0,,-25407.468872070312,-5.804517228064517,,
2024-01-31,,,,,PRESTIGE.NS,Sold,430,1002.9000244140625,2023-11-30,1265.4000244140625,544122.0104980469,0.0,,112875.0,26.174094486971804,,
2024-01-31,,,,,INOXWIND.NS,Sold,3505,124.9375,2023-12-31,119.5,418847.5,0.0,,-19058.4375,-4.352176088044022,,
2024-01-31,52076115.54340601,57207219.865243435,679020.1028594971,4452084.218977928,RECLTD.NS,Held,1959,164.64999389648438,2023-06-30,499.04998779296875,977638.9260864258,655089.5880432129,203.09748332376012,,,1183.589201927185,13443458.407233238
2024-01-31,52076115.54340601,57207219.865243435,679020.1028594971,4452084.218977928,ANANDRATHI.NS,Held,1193,290.8500061035156,2023-07-31,764.5625,912123.0625,565139.0052185059,162.87174968388572,,,1183.589201927185,13443458.407233238
2024-01-31,52076115.54340601,57207219.865243435,679020.1028594971,4452084.218977928,JAIBALAJI.NS,Held,11061,31.389999389648438,2023-07-31,220.07000732421875,2434194.3510131836,2086989.5677642822,601.0831844641316,,,1183.589201927185,13443458.407233238
2024-01-31,52076115.54340601,57207219.865243435,679020.1028594971,4452084.218977928,CUPID.NS,Held,62270,6.283999919891357,2023-10-31,17.609500885009766,1096543.620109558,705238.9450979233,180.227579718273,,,1183.589201927185,13443458.407233238
2024-01-31,52076115.54340601,57207219.865243435,679020.1028594971,4452084.218977928,PFC.NS,Held,1288,334.8999938964844,2023-11-30,443.25,570906.0,139554.80786132812,32.35294358858841,,,1183.589201927185,13443458.407233238
2024-01-31,52076115.54340601,57207219.865243435,679020.1028594971,4452084.218977928,KESORAMIND.NS,Held,3095,139.39999389648438,2023-11-30,170.75,528471.25,97028.26889038086,22.489244961370307,,,1183.589201927185,13443458.407233238
2024-01-31,52076115.54340601,57207219.865243435,679020.1028594971,4452084.218977928,TRENT.NS,Held,154,2787.0,2023-11-30,3086.949951171875,475390.29248046875,46192.29248046875,10.76246685223807,,,1183.589201927185,13443458.407233238
2024-01-31,52076115.54340601,57207219.865243435,679020.1028594971,4452084.218977928,HBLENGINE.NS,Held,1003,436.3999938964844,2023-12-31,537.25,538861.75,101152.55612182617,23.10953426077215,,,1183.589201927185,13443458.407233238
2024-01-31,52076115.54340601,57207219.865243435,679020.1028594971,4452084.218977928,BAJAJ-AUTO.NS,Held,64,6797.25,2023-12-31,7667.5498046875,490723.1875,55699.1875,12.803704508257017,,,1183.589201927185,13443458.407233238
2024-01-31,52076115.54340601,57207219.865243435,679020.1028594971,4452084.218977928,GVT&D.NS,Held,722,681.9000244140625,2024-01-31,681.9000244140625,492331.8176269531,0.0,0.0,,,1183.589201927185,13443458.407233238
2024-01-31,52076115.54340601,57207219.865243435,679020.1028594971,4452084.218977928,WEBELSOLAR.NS,Held,13322,36.974998474121094,2024-01-31,36.974998474121094,492580.9296722412,0.0,0.0,,,1183.589201927185,13443458.407233238
2024-01-31,52076115.54340601,57207219.865243435,679020.1028594971,4452084.218977928,UNITECH.NS,Held,30128,16.350000381469727,2024-01-31,16.350000381469727,492592.8114929199,0.0,0.0,,,1183.589201927185,13443458.407233238
2024-01-31,52076115.54340601,57207219.865243435,679020.1028594971,4452084.218977928,RAMKY.NS,Held,535,920.7000122070312,2024-01-31,920.7000122070312,492574.5065307617,0.0,0.0,,,1183.589201927185,13443458.407233238
2024-01-31,52076115.54340601,57207219.865243435,679020.1028594971,4452084.218977928,BHEL.NS,Held,2158,228.25,2024-01-31,228.25,492563.5,0.0,0.0,,,1183.589201927185,13443458.407233238
2024-01-31,52076115.54340601,57207219.865243435,679020.1028594971,4452084.218977928,IFCI.NS,Held,8068,61.04999923706055,2024-01-31,61.04999923706055,492551.3938446045,0.0,0.0,,,1183.589201927185,13443458.407233238
2024-01-31,52076115.54340601,57207219.865243435,679020.1028594971,4452084.218977928,MANINDS.NS,Held,1126,437.1000061035156,2024-01-31,437.1000061035156,492174.6068725586,0.0,0.0,,,1183.589201927185,13443458.407233238
2024-01-31,52076115.54340601,57207219.865243435,679020.1028594971,4452084.218977928,IRFC.NS,Held,2812,175.14999389648438,2024-01-31,175.14999389648438,492521.78283691406,0.0,0.0,,,1183.589201927185,13443458.407233238
2024-01-31,52076115.54340601,57207219.865243435,679020.1028594971,4452084.218977928,NBCC.NS,Held,5708,86.30000305175781,2024-01-31,86.30000305175781,492600.4174194336,0.0,0.0,,,1183.589201927185,13443458.407233238
2024-01-31,52076115.54340601,57207219.865243435,679020.1028594971,4452084.218977928,JYOTISTRUC.NS,Held,15788,31.200000762939453,2024-01-31,31.200000762939453,492585.6120452881,0.0,0.0,,,1183.589201927185,13443458.407233238
2024-01-31,52076115.54340601,57207219.865243435,679020.1028594971,4452084.218977928,ARVIND.NS,Held,1563,315.0,2024-01-31,315.0,492345.0,0.0,0.0,,,1183.589201927185,13443458.407233238
2024-02-29,,,,,PFC.NS,Sold,1288,334.8999938964844,2023-11-30,400.70001220703125,516101.61572265625,0.0,,84750.42358398438,19.647661842264853,,
2024-02-29,,,,,HBLENGINE.NS,Sold,1003,436.3999938964844,2023-12-31,520.9000244140625,522462.7244873047,0.0,,84753.53060913086,19.362977016361242,,
2024-02-29,,,,,BHEL.NS,Sold,2158,228.25,2024-01-31,227.5500030517578,491052.90658569336,0.0,,-1510.5934143066406,-0.3066799335124589,,
2024-02-29,,,,,MANINDS.NS,Sold,1126,437.1000061035156,2024-01-31,392.54998779296875,442011.2862548828,0.0,,-50163.32061767578,-10.192179750278104,,
2024-02-29,,,,,RECLTD.NS,Sold,1959,164.64999389648438,2023-06-30,442.04998779296875,865975.9260864258,0.0,,543426.5880432129,168.47859348897762,,
2024-02-29,,,,,IRFC.NS,Sold,2812,175.14999389648438,2024-01-31,146.75,412661.0,0.0,,-79860.78283691406,-16.21467021761308,,
2024-02-29,,,,,KESORAMIND.NS,Sold,3095,139.39999389648438,2023-11-30,169.10000610351562,523364.51889038086,0.0,,91921.53778076172,21.305605098581196,,
2024-02-29,,,,,NBCC.NS,Sold,5708,86.30000305175781,2024-01-31,90.16666412353516,514671.3188171387,0.0,,22070.901397705078,4.4804877578722,,
2024-02-29,,,,,ARVIND.NS,Sold,1563,315.0,2024-01-31,280.0,437640.0,0.0,,-54705.0,-11.11111111111111,,
2024-02-29,,,,,JYOTISTRUC.NS,Sold,15788,31.200000762939453,2024-01-31,27.0,426276.0,0.0,,-66309.61204528809,-13.461540577679646,,
2024-02-29,,,,,RAMKY.NS,Sold,535,920.7000122070312,2024-01-31,595.25,318458.75,0.0,,-174115.75653076172,-35.34810556012566,,
2024-02-29,,,,,UNITECH.NS,Sold,30128,16.350000381469727,2024-01-31,13.25,399196.0,0.0,,-93396.81149291992,-18.96024653909557,,
2024-02-29,,,,,IFCI.NS,Sold,8068,61.04999923706055,2024-01-31,45.900001525878906,370321.212310791,0.0,,-122230.18153381348,-24.81572137675769,,
2024-02-29,57207219.865243435,62350904.72979784,184630.92294311523,4959053.94161129,ANANDRATHI.NS,Held,1193,290.8500061035156,2023-07-31,914.2000122070312,1090640.6145629883,743656.5572814941,214.32009387053643,,,26565.28906917572,14135059.052809715
2024-02-29,57207219.865243435,62350904.72979784,184630.92294311523,4959053.94161129,JAIBALAJI.NS,Held,11061,31.389999389648438,2023-07-31,256.510009765625,2837257.218017578,2490052.4347686768,717.1711205901297,,,26565.28906917572,14135059.052809715
2024-02-29,57207219.865243435,62350904.72979784,184630.92294311523,4959053.94161129,CUPID.NS,Held,62270,6.283999919891357,2023-10-31,27.012500762939453,1682068.4225082397,1290763.747496605,329.86157077173334,,,26565.28906917572,14135059.052809715
2024-02-29,57207219.865243435,62350904.72979784,184630.92294311523,4959053.94161129,TRENT.NS,Held,154,2787.0,2023-11-30,3881.800048828125,597797.2075195312,168599.20751953125,39.28238424212863,,,26565.28906917572,14135059.052809715
2024-02-29,57207219.865243435,62350904.72979784,184630.92294311523,4959053.94161129,BAJAJ-AUTO.NS,Held,64,6797.25,2023-12-31,7909.35009765625,506198.40625,71174.40625,16.361029793758505,,,26565.28906917572,14135059.052809715
2024-02-29,57207219.865243435,62350904.72979784,184630.92294311523,4959053.94161129,GVT&D.NS,Held,722,681.9000244140625,2024-01-31,911.4000244140625,658030.8176269531,165699.0,33.65596007966166,,,26565.28906917572,14135059.052809715
2024-02-29,57207219.865243435,62350904.72979784,184630.92294311523,4959053.94161129,WEBELSOLAR.NS,Held,13322,36.974998474121094,2024-01-31,39.15999984741211,521689.5179672241,29108.58829498291,5.909402200030662,,,26565.28906917572,14135059.052809715
2024-02-29,57207219.865243435,62350904.72979784,184630.92294311523,4959053.94161129,KIRLOSENG.NS,Held,525,913.2999877929688,2024-02-29,913.2999877929688,479482.4935913086,0.0,0.0,,,26565.28906917572,14135059.052809715
2024-02-29,57207219.865243435,62350904.72979784,184630.92294311523,4959053.94161129,BOSCHLTD.NS,Held,16,28590.849609375,2024-02-29,28590.849609375,457453.59375,0.0,0.0,,,26565.28906917572,14135059.052809715
2024-02-29,57207219.865243435,62350904.72979784,184630.92294311523,4959053.94161129,SUNPHARMA.NS,Held,304,1577.949951171875,2024-02-29,1577.949951171875,479696.78515625,0.0,0.0,,,26565.28906917572,14135059.052809715
2024-02-29,57207219.865243435,62350904.72979784,184630.92294311523,4959053.94161129,BEL.NS,Held,2340,205.10000610351562,2024-02-29,205.10000610351562,479934.01428222656,0.0,0.0,,,26565.28906917572,14135059.052809715
2024-02-29,57207219.865243435,62350904.72979784,184630.92294311523,4959053.94161129,SCHNEIDER.NS,Held,753,637.2000122070312,2024-02-29,637.2000122070312,479811.60919189453,0.0,0.0,,,26565.28906917572,14135059.052809715
2024-02-29,57207219.865243435,62350904.72979784,184630.92294311523,4959053.94161129,INOXWIND.NS,Held,3185,150.6999969482422,2024-02-29,150.6999969482422,479979.49028015137,0.0,0.0,,,26565.28906917572,14135059.052809715
2024-02-29,57207219.865243435,62350904.72979784,184630.92294311523,4959053.94161129,DLF.NS,Held,532,901.2000122070312,2024-02-29,901.2000122070312,479438.4064941406,0.0,0.0,,,26565.28906917572,14135059.052809715
2024-02-29,57207219.865243435,62350904.72979784,184630.92294311523,4959053.94161129,ANANTRAJ.NS,Held,1371,350.0,2024-02-29,350.0,479850.0,0.0,0.0,,,26565.28906917572,14135059.052809715
2024-02-29,57207219.865243435,62350904.72979784,184630.92294311523,4959053.94161129,SARVESHWAR.NS,Held,35828,13.399999618530273,2024-02-29,13.399999618530273,480095.18633270264,0.0,0.0,,,26565.28906917572,14135059.052809715
2024-02-29,57207219.865243435,62350904.72979784,184630.92294311523,4959053.94161129,KPIGREEN.NS,Held,827,580.0499877929688,2024-02-29,580.0499877929688,479701.33990478516,0.0,0.0,,,26565.28906917572,14135059.052809715
2024-02-29,57207219.865243435,62350904.72979784,184630.92294311523,4959053.94161129,TATAINVEST.NS,Held,659,728.0850219726562,2024-02-29,728.0850219726562,479808.02947998047,0.0,0.0,,,26565.28906917572,14135059.052809715
2024-02-29,57207219.865243435,62350904.72979784,184630.92294311523,4959053.94161129,ETERNAL.NS,Held,2901,165.4499969482422,2024-02-29,165.4499969482422,479970.4411468506,0.0,0.0,,,26565.28906917572,14135059.052809715
2024-02-29,57207219.865243435,62350904.72979784,184630.92294311523,4959053.94161129,TATACONSUM.NS,Held,403,1190.050048828125,2024-02-29,1190.050048828125,479590.1696777344,0.0,0.0,,,26565.28906917572,14135059.052809715
2024-03-31,,,,,KIRLOSENG.NS,Sold,525,913.2999877929688,2024-02-29,859.4500122070312,451211.2564086914,0.0,,-28271.237182617188,-5.896197996900058,,
2024-03-31,,,,,BEL.NS,Sold,2340,205.10000610351562,2024-02-29,201.5,471510.0,0.0,,-8424.014282226562,-1.7552442693242403,,
2024-03-31,,,,,INOXWIND.NS,Sold,3185,150.6999969482422,2024-02-29,130.39999389648438,415323.98056030273,0.0,,-64655.50971984863,-13.470473432544154,,
2024-03-31,,,,,ANANTRAJ.NS,Sold,1371,350.0,2024-02-29,311.3500061035156,426860.8583679199,0.0,,-52989.14163208008,-11.042855398995535,,
2024-03-31,,,,,TATACONSUM.NS,Sold,403,1190.050048828125,2024-02-29,1096.199951171875,441768.5803222656,0.0,,-37821.58935546875,-7.88623115041815,,
2024-03-31,,,,,TATAINVEST.NS,Sold,659,728.0850219726562,2024-02-29,624.39501953125,411476.31787109375,0.0,,-68331.71160888672,-14.241468964774336,,
2024-03-31,,,,,GVT&D.NS,Sold,722,681.9000244140625,2024-01-31,848.25,612436.5,0.0,,120104.68237304688,24.395068137573002,,
2024-03-31,,,,,SARVESHWAR.NS,Sold,35828,13.399999618530273,2024-02-29,9.449999809265137,338574.5931663513,0.0,,-141520.59316635132,-29.477611356069406,,
2024-03-31,,,,,JAIBALAJI.NS,Sold,11061,31.389999389648438,2023-07-31,186.25,2060111.25,0.0,,1712906.4667510986,493.34184014485885,,
2024-03-31,62350904.72979784,66237939.08446455,1430997.3521766663,2456037.0024900436,ANANDRATHI.NS,Held,1193,290.8500061035156,2023-07-31,923.5875244140625,1101839.9166259766,754855.8593444824,217.54770673284804,,,7954.955515861511,13063039.465865135
2024-03-31,62350904.72979784,66237939.08446455,1430997.3521766663,2456037.0024900436,CUPID.NS,Held,62270,6.283999919891357,2023-10-31,24.23150062561035,1508895.5439567566,1117590.8689451218,285.6063165899799,,,7954.955515861511,13063039.465865135
2024-03-31,62350904.72979784,66237939.08446455,1430997.3521766663,2456037.0024900436,TRENT.NS,Held,154,2787.0,2023-11-30,3948.0,607992.0,178794.0,41.65769644779333,,,7954.955515861511,13063039.465865135
2024-03-31,62350904.72979784,66237939.08446455,1430997.3521766663,2456037.0024900436,BAJAJ-AUTO.NS,Held,64,6797.25,2023-12-31,9148.150390625,585481.625,150457.625,34.58605157416602,,,7954.955515861511,13063039.465865135
2024-03-31,62350904.72979784,66237939.08446455,1430997.3521766663,2456037.0024900436,WEBELSOLAR.NS,Held,13322,36.974998474121094,2024-01-31,48.529998779296875,646516.643737793,153935.71406555176,31.250847280664956,,,7954.955515861511,13063039.465865135
2024-03-31,62350904.72979784,66237939.08446455,1430997.3521766663,2456037.0024900436,BOSCHLTD.NS,Held,16,28590.849609375,2024-02-29,30031.30078125,480500.8125,23047.21875,5.038154484932385,,,7954.955515861511,13063039.465865135
2024-03-31,62350904.72979784,66237939.08446455,1430997.3521766663,2456037.0024900436,SUNPHARMA.NS,Held,304,1577.949951171875,2024-02-29,1620.550048828125,492647.21484375,12950.4296875,2.6997115862016257,,,7954.955515861511,13063039.465865135
2024-03-31,62350904.72979784,66237939.08446455,1430997.3521766663,2456037.0024900436,SCHNEIDER.NS,Held,753,637.2000122070312,2024-02-29,741.0499877929688,558010.6408081055,78199.03161621094,16.297861518589524,,,7954.955515861511,13063039.465865135
2024-03-31,62350904.72979784,66237939.08446455,1430997.3521766663,2456037.0024900436,DLF.NS,Held,532,901.2000122070312,2024-02-29,897.0,477204.0,-2234.406494140625,-0.4660466211873939,,,7954.955515861511,13063039.465865135
2024-03-31,62350904.72979784,66237939.08446455,1430997.3521766663,2456037.0024900436,KPIGREEN.NS,Held,827,580.0499877929688,2024-02-29,507.6666564941406,419840.3249206543,-59861.01498413086,-12.478809209916433,,,7954.955515861511,13063039.465865135
2024-03-31,62350904.72979784,66237939.08446455,1430997.3521766663,2456037.0024900436,ETERNAL.NS,Held,2901,165.4499969482422,2024-02-29,182.10000610351562,528272.1177062988,48301.67655944824,10.063469001140007,,,7954.955515861511,13063039.465865135
2024-03-31,62350904.72979784,66237939.08446455,1430997.3521766663,2456037.0024900436,EIHOTEL.NS,Held,1398,449.5,2024-03-31,449.5,628401.0,0.0,0.0,,,7954.955515861511,13063039.465865135
2024-03-31,62350904.72979784,66237939.08446455,1430997.3521766663,2456037.0024900436,CUMMINSIND.NS,Held,209,3006.25,2024-03-31,3006.25,628306.25,0.0,0.0,,,7954.955515861511,13063039.465865135
2024-03-31,62350904.72979784,66237939.08446455,1430997.3521766663,2456037.0024900436,OIL.NS,Held,1570,400.1666564941406,2024-03-31,400.1666564941406,628261.6506958008,0.0,0.0,,,7954.955515861511,13063039.465865135
2024-03-31,62350904.72979784,66237939.08446455,1430997.3521766663,2456037.0024900436,OFSS.NS,Held,71,8774.099609375,2024-03-31,8774.099609375,622961.072265625,0.0,0.0,,,7954.955515861511,13063039.465865135
2024-03-31,62350904.72979784,66237939.08446455,1430997.3521766663,2456037.0024900436,BHARTIARTL.NS,Held,511,1228.5999755859375,2024-03-31,1228.5999755859375,627814.5875244141,0.0,0.0,,,7954.955515861511,13063039.465865135
2024-03-31,62350904.72979784,66237939.08446455,1430997.3521766663,2456037.0024900436,TORNTPOWER.NS,Held,462,1357.949951171875,2024-03-31,1357.949951171875,627372.8774414062,0.0,0.0,,,7954.955515861511,13063039.465865135
2024-03-31,62350904.72979784,66237939.08446455,1430997.3521766663,2456037.0024900436,CANBK.NS,Held,5407,116.20999908447266,2024-03-31,116.20999908447266,628347.4650497437,0.0,0.0,,,7954.955515861511,13063039.465865135
2024-03-31,62350904.72979784,66237939.08446455,1430997.3521766663,2456037.0024900436,INDHOTEL.NS,Held,1063,591.1500244140625,2024-03-31,591.1500244140625,628392.4759521484,0.0,0.0,,,7954.955515861511,13063039.465865135
2024-03-31,62350904.72979784,66237939.08446455,1430997.3521766663,2456037.0024900436,CHALET.NS,Held,711,883.2999877929688,2024-03-31,883.2999877929688,628026.2913208008,0.0,0.0,,,7954.955515861511,13063039.465865135
2024-04-30,,,,,EIHOTEL.NS,Sold,1398,449.5,2024-03-31,478.3500061035156,668733.3085327148,0.0,,40332.308532714844,6.418243849502919,,
2024-04-30,,,,,OIL.NS,Sold,1570,400.1666564941406,2024-03-31,413.4333190917969,649090.3109741211,0.0,,20828.660278320312,3.315284365240587,,
2024-04-30,,,,,BOSCHLTD.NS,Sold,16,28590.849609375,2024-02-29,29356.05078125,469696.8125,0.0,,12243.21875,2.6763848655413476,,
2024-04-30,,,,,SUNPHARMA.NS,Sold,304,1577.949951171875,2024-02-29,1502.0999755859375,456638.392578125,0.0,,-23058.392578125,-4.806868274219155,,
2024-04-30,,,,,OFSS.NS,Sold,71,8774.099609375,2024-03-31,7598.64990234375,539504.1430664062,0.0,,-83456.92919921875,-13.396812885225268,,
2024-04-30,,,,,BHARTIARTL.NS,Sold,511,1228.5999755859375,2024-03-31,1322.300048828125,675695.3249511719,0.0,,47880.73742675781,7.626572937013168,,
2024-04-30,,,,,DLF.NS,Sold,532,901.2000122070312,2024-02-29,891.8499755859375,474464.18701171875,0.0,,-4974.219482421875,-1.0375095976969184,,
2024-04-30,,,,,TORNTPOWER.NS,Sold,462,1357.949951171875,2024-03-31,1501.0999755859375,693508.1887207031,0.0,,66135.31127929688,10.541627420843295,,
2024-04-30,,,,,INDHOTEL.NS,Sold,1063,591.1500244140625,2024-03-31,576.75,613085.25,0.0,,-15307.225952148438,-2.435933996337994,,
2024-04-30,,,,,CHALET.NS,Sold,711,883.2999877929688,2024-03-31,864.9000244140625,614943.9173583984,0.0,,-13082.373962402344,-2.083093358223719,,
2024-04-30,66237939.08446455,69216335.15130854,47541.09509277344,2930854.971751213,ANANDRATHI.NS,Held,1193,290.8500061035156,2023-07-31,999.5625,1192478.0625,845494.0052185059,243.6694100134378,,,10073.256510734558,13585398.530219078
2024-04-30,66237939.08446455,69216335.15130854,47541.09509277344,2930854.971751213,CUPID.NS,Held,62270,6.283999919891357,2023-10-31,21.670000076293945,1349390.904750824,958086.2297391891,244.84405398701205,,,10073.256510734558,13585398.530219078
2024-04-30,66237939.08446455,69216335.15130854,47541.09509277344,2930854.971751213,TRENT.NS,Held,154,2787.0,2023-11-30,4409.89990234375,679124.5849609375,249926.5849609375,58.231069334185506,,,10073.256510734558,13585398.530219078
2024-04-30,66237939.08446455,69216335.15130854,47541.09509277344,2930854.971751213,BAJAJ-AUTO.NS,Held,64,6797.25,2023-12-31,8903.650390625,569833.625,134809.625,30.989008652396187,,,10073.256510734558,13585398.530219078
2024-04-30,66237939.08446455,69216335.15130854,47541.09509277344,2930854.971751213,WEBELSOLAR.NS,Held,13322,36.974998474121094,2024-01-31,68.1050033569336,907294.8547210693,414713.9250488281,84.19203831637878,,,10073.256510734558,13585398.530219078
2024-04-30,66237939.08446455,69216335.15130854,47541.09509277344,2930854.971751213,SCHNEIDER.NS,Held,753,637.2000122070312,2024-02-29,807.4000244140625,607972.2183837891,128160.60919189453,26.710610318025534,,,10073.256510734558,13585398.530219078
2024-04-30,66237939.08446455,69216335.15130854,47541.09509277344,2930854.971751213,KPIGREEN.NS,Held,827,580.0499877929688,2024-02-29,602.7999877929688,498515.58990478516,18814.25,3.922075765670031,,,10073.256510734558,13585398.530219078
2024-04-30,66237939.08446455,69216335.15130854,47541.09509277344,2930854.971751213,ETERNAL.NS,Held,2901,165.4499969482422,2024-02-29,193.14999389648438,560328.1322937012,80357.69114685059,16.742216657101295,,,10073.256510734558,13585398.530219078
2024-04-30,66237939.08446455,69216335.15130854,47541.09509277344,2930854.971751213,CUMMINSIND.NS,Held,209,3006.25,2024-03-31,3275.449951171875,684569.0397949219,56262.789794921875,8.95467613045738,,,10073.256510734558,13585398.530219078
2024-04-30,66237939.08446455,69216335.15130854,47541.09509277344,2930854.971751213,CANBK.NS,Held,5407,116.20999908447266,2024-03-31,124.38999938964844,672576.7266998291,44229.26165008545,7.038981472867724,,,10073.256510734558,13585398.530219078
2024-04-30,66237939.08446455,69216335.15130854,47541.09509277344,2930854.971751213,DIXON.NS,Held,70,8341.75,2024-04-30,8341.75,583922.5,0.0,0.0,,,10073.256510734558,13585398.530219078
2024-04-30,66237939.08446455,69216335.15130854,47541.09509277344,2930854.971751213,BEL.NS,Held,2508,233.75,2024-04-30,233.75,586245.0,0.0,0.0,,,10073.256510734558,13585398.530219078
2024-04-30,66237939.08446455,69216335.15130854,47541.09509277344,2930854.971751213,SBGLP.NS,Held,5586,104.94999694824219,2024-04-30,104.94999694824219,586250.6829528809,0.0,0.0,,,10073.256510734558,13585398.530219078
2024-04-30,66237939.08446455,69216335.15130854,47541.09509277344,2930854.971751213,INOXWIND.NS,Held,3736,156.89999389648438,2024-04-30,156.89999389648438,586178.3771972656,0.0,0.0,,,10073.256510734558,13585398.530219078
2024-04-30,66237939.08446455,69216335.15130854,47541.09509277344,2930854.971751213,SIEMENS.NS,Held,170,3429.074951171875,2024-04-30,3429.074951171875,582942.7416992188,0.0,0.0,,,10073.256510734558,13585398.530219078
2024-04-30,66237939.08446455,69216335.15130854,47541.09509277344,2930854.971751213,BHEL.NS,Held,2081,281.70001220703125,2024-04-30,281.70001220703125,586217.725402832,0.0,0.0,,,10073.256510734558,13585398.530219078
2024-04-30,66237939.08446455,69216335.15130854,47541.09509277344,2930854.971751213,JAIBALAJI.NS,Held,2854,205.42999267578125,2024-04-30,205.42999267578125,586297.1990966797,0.0,0.0,,,10073.256510734558,13585398.530219078
2024-04-30,66237939.08446455,69216335.15130854,47541.09509277344,2930854.971751213,GVT&D.NS,Held,512,1143.199951171875,2024-04-30,1143.199951171875,585318.375,0.0,0.0,,,10073.256510734558,13585398.530219078
2024-04-30,66237939.08446455,69216335.15130854,47541.09509277344,2930854.971751213,POWERINDIA.NS,Held,61,9578.75,2024-04-30,9578.75,584303.75,0.0,0.0,,,10073.256510734558,13585398.530219078
2024-04-30,66237939.08446455,69216335.15130854,47541.09509277344,2930854.971751213,INDOTECH.NS,Held,341,1717.199951171875,2024-04-30,1717.199951171875,585565.1833496094,0.0,0.0,,,10073.256510734558,13585398.530219078
2024-05-31,,,,,INOXWIND.NS,Sold,3736,156.89999389648438,2024-04-30,148.9499969482422,556477.1885986328,0.0,,-29701.188598632812,-5.066919858191481,,
2024-05-31,,,,,CANBK.NS,Sold,5407,116.20999908447266,2024-03-31,118.0,638026.0,0.0,,9678.534950256348,1.5403157470349846,,
2024-05-31,,,,,KPIGREEN.NS,Sold,827,580.0499877929688,2024-02-29,607.4833374023438,502388.7200317383,0.0,,22687.380126953125,4.729480249410246,,
2024-05-31,,,,,ETERNAL.NS,Sold,2901,165.4499969482422,2024-02-29,179.14999389648438,519714.1322937012,0.0,,39743.691146850586,8.280445573249521,,
2024-05-31,,,,,BAJAJ-AUTO.NS,Sold,64,6797.25,2023-12-31,9084.75,581424.0,0.0,,146400.0,33.65331567913494,,
2024-05-31,,,,,WEBELSOLAR.NS,Sold,13322,36.974998474121094,2024-01-31,55.599998474121094,740703.1796722412,0.0,,248122.25,50.37187496582506,,
2024-05-31,,,,,SBGLP.NS,Sold,5586,104.94999694824219,2024-04-30,115.4000015258789,644624.4085235596,0.0,,58373.72557067871,9.957127090523223,,
2024-05-31,,,,,SCHNEIDER.NS,Sold,753,637.2000122070312,2024-02-29,685.4500122070312,516143.85919189453,0.0,,36332.25,7.5721906898399745,,
2024-05-31,,,,,CUPID.NS,Sold,62270,6.283999919891357,2023-10-31,18.59000015258789,1157599.309501648,0.0,,766294.6344900131,195.83068729430042,,
2024-05-31,,,,,JAIBALAJI.NS,Sold,2854,205.42999267578125,2024-04-30,173.4600067138672,495054.85916137695,0.0,,-91242.33993530273,-15.562472424545385,,
2024-05-31,,,,,INDOTECH.NS,Sold,341,1717.199951171875,2024-04-30,1699.5,579529.5,0.0,,-6035.683349609375,-1.0307449146965069,,
2024-05-31,69216335.15130854,72269783.30219412,1200653.254401207,1852794.896484375,ANANDRATHI.NS,Held,1193,290.8500061035156,2023-07-31,1048.8499755859375,1251278.0208740234,904293.9635925293,260.61542154915554,,,22751.61456012726,13707991.709353447
2024-05-31,69216335.15130854,72269783.30219412,1200653.254401207,1852794.896484375,TRENT.NS,Held,154,2787.0,2023-11-30,4559.14990234375,702109.0849609375,272911.0849609375,63.58629000156979,,,22751.61456012726,13707991.709353447
2024-05-31,69216335.15130854,72269783.30219412,1200653.254401207,1852794.896484375,CUMMINSIND.NS,Held,209,3006.25,2024-03-31,3551.300048828125,742221.7102050781,113915.46020507812,18.130562954781702,,,22751.61456012726,13707991.709353447
2024-05-31,69216335.15130854,72269783.30219412,1200653.254401207,1852794.896484375,DIXON.NS,Held,70,8341.75,2024-04-30,9396.349609375,657744.47265625,73821.97265625,12.64242646177361,,,22751.61456012726,13707991.709353447
2024-05-31,69216335.15130854,72269783.30219412,1200653.254401207,1852794.896484375,BEL.NS,Held,2508,233.75,2024-04-30,295.95001220703125,742242.6306152344,155997.63061523438,26.60963089070856,,,22751.61456012726,13707991.709353447
2024-05-31,69216335.15130854,72269783.30219412,1200653.254401207,1852794.896484375,SIEMENS.NS,Held,170,3429.074951171875,2024-04-30,4090.18310546875,695331.1279296875,112388.38623046875,19.279489766502287,,,22751.61456012726,13707991.709353447
2024-05-31,69216335.15130854,72269783.30219412,1200653.254401207,1852794.896484375,BHEL.NS,Held,2081,281.70001220703125,2024-04-30,298.8999938964844,622010.887298584,35793.16189575195,6.105779532878492,,,22751.61456012726,13707991.709353447
2024-05-31,69216335.15130854,72269783.30219412,1200653.254401207,1852794.896484375,GVT&D.NS,Held,512,1143.199951171875,2024-04-30,1360.3499755859375,696499.1875,111180.8125,18.99492946894073,,,22751.61456012726,13707991.709353447
2024-05-31,69216335.15130854,72269783.30219412,1200653.254401207,1852794.896484375,POWERINDIA.NS,Held,61,9578.75,2024-04-30,10767.150390625,656796.173828125,72492.423828125,12.406633335508287,,,22751.61456012726,13707991.709353447
2024-05-31,69216335.15130854,72269783.30219412,1200653.254401207,1852794.896484375,SHAKTIPUMP.NS,Held,1524,413.82501220703125,2024-05-31,413.82501220703125,630669.3186035156,0.0,0.0,,,22751.61456012726,13707991.709353447
2024-05-31,69216335.15130854,72269783.30219412,1200653.254401207,1852794.896484375,KIRLOSENG.NS,Held,506,1246.0999755859375,2024-05-31,1246.0999755859375,630526.5876464844,0.0,0.0,,,22751.61456012726,13707991.709353447
2024-05-31,69216335.15130854,72269783.30219412,1200653.254401207,1852794.896484375,HAVELLS.NS,Held,330,1907.300048828125,2024-05-31,1907.300048828125,629409.0161132812,0.0,0.0,,,22751.61456012726,13707991.709353447
2024-05-31,69216335.15130854,72269783.30219412,1200653.254401207,1852794.896484375,MOTHERSON.NS,Held,6258,100.83333587646484,2024-05-31,100.83333587646484,631015.015914917,0.0,0.0,,,22751.61456012726,13707991.709353447
2024-05-31,69216335.15130854,72269783.30219412,1200653.254401207,1852794.896484375,TVSHLTD.NS,Held,54,11510.4501953125,2024-05-31,11510.4501953125,621564.310546875,0.0,0.0,,,22751.61456012726,13707991.709353447
2024-05-31,69216335.15130854,72269783.30219412,1200653.254401207,1852794.896484375,RTNPOWER.NS,Held,32953,19.149999618530273,2024-05-31,19.149999618530273,631049.9374294281,0.0,0.0,,,22751.61456012726,13707991.709353447
2024-05-31,69216335.15130854,72269783.30219412,1200653.254401207,1852794.896484375,BHARTIARTL.NS,Held,459,1372.75,2024-05-31,1372.75,630092.25,0.0,0.0,,,22751.61456012726,13707991.709353447
2024-05-31,69216335.15130854,72269783.30219412,1200653.254401207,1852794.896484375,ABB.NS,Held,75,8317.9501953125,2024-05-31,8317.9501953125,623846.2646484375,0.0,0.0,,,22751.61456012726,13707991.709353447
2024-05-31,69216335.15130854,72269783.30219412,1200653.254401207,1852794.896484375,M&M.NS,Held,251,2506.25,2024-05-31,2506.25,629068.75,0.0,0.0,,,22751.61456012726,13707991.709353447
2024-05-31,69216335.15130854,72269783.30219412,1200653.254401207,1852794.896484375,BDL.NS,Held,405,1557.3499755859375,2024-05-31,1557.3499755859375,630726.7401123047,0.0,0.0,,,22751.61456012726,13707991.709353447
2024-05-31,69216335.15130854,72269783.30219412,1200653.254401207,1852794.896484375,COCHINSHIP.NS,Held,324,1947.6500244140625,2024-05-31,1947.6500244140625,631038.6079101562,0.0,0.0,,,22751.61456012726,13707991.709353447
2024-06-30,,,,,HAVELLS.NS,Sold,330,1907.300048828125,2024-05-31,1822.4000244140625,601392.0080566406,0.0,,-28017.008056640625,-4.451319784017539,,
2024-06-30,,,,,BEL.NS,Sold,2508,233.75,2024-04-30,305.8999938964844,767197.1846923828,0.0,,180952.1846923828,30.866307549298128,,
2024-06-30,,,,,BHARTIARTL.NS,Sold,459,1372.75,2024-05-31,1444.050048828125,662818.9724121094,0.0,,32726.722412109375,5.193957299444545,,
2024-06-30,,,,,BHEL.NS,Sold,2081,281.70001220703125,2024-04-30,300.8500061035156,626068.862701416,0.0,,39851.137298583984,6.798009608324181,,
2024-06-30,,,,,ABB.NS,Sold,75,8317.9501953125,2024-05-31,8490.900390625,636817.529296875,0.0,,12971.2646484375,2.079240573115771,,
2024-06-30,,,,,ANANDRATHI.NS,Sold,1193,290.8500061035156,2023-07-31,976.9625244140625,1165516.2916259766,0.0,,818532.2343444824,235.89909022259206,,
2024-06-30,,,,,BDL.NS,Sold,405,1557.3499755859375,2024-05-31,1596.5999755859375,646622.9901123047,0.0,,15896.25,2.520306971156729,,
2024-06-30,,,,,TVSHLTD.NS,Sold,54,11510.4501953125,2024-05-31,13242.0498046875,715070.689453125,0.0,,93506.37890625,15.043717491433778,,
2024-06-30,72269783.30219412,75544243.31981993,1166419.1642456055,2108040.8533802032,TRENT.NS,Held,154,2787.0,2023-11-30,5479.85009765625,843896.9150390625,414698.9150390625,96.62181907629171,,,7157.204922676086,15129656.83049488
2024-06-30,72269783.30219412,75544243.31981993,1166419.1642456055,2108040.8533802032,CUMMINSIND.NS,Held,209,3006.25,2024-03-31,3966.85009765625,829071.6704101562,200765.42041015625,31.9534336018711,,,7157.204922676086,15129656.83049488
2024-06-30,72269783.30219412,75544243.31981993,1166419.1642456055,2108040.8533802032,DIXON.NS,Held,70,8341.75,2024-04-30,11971.2998046875,837990.986328125,254068.486328125,43.510651897833185,,,7157.204922676086,15129656.83049488
2024-06-30,72269783.30219412,75544243.31981993,1166419.1642456055,2108040.8533802032,SIEMENS.NS,Held,170,3429.074951171875,2024-04-30,4522.53759765625,768831.3916015625,185888.64990234375,31.887977429909714,,,7157.204922676086,15129656.83049488
2024-06-30,72269783.30219412,75544243.31981993,1166419.1642456055,2108040.8533802032,GVT&D.NS,Held,512,1143.199951171875,2024-04-30,1491.699951171875,763750.375,178432.0,30.48460592066668,,,7157.204922676086,15129656.83049488
2024-06-30,72269783.30219412,75544243.31981993,1166419.1642456055,2108040.8533802032,POWERINDIA.NS,Held,61,9578.75,2024-04-30,12911.599609375,787607.576171875,203303.826171875,34.7942018465353,,,7157.204922676086,15129656.83049488
2024-06-30,72269783.30219412,75544243.31981993,1166419.1642456055,2108040.8533802032,SHAKTIPUMP.NS,Held,1524,413.82501220703125,2024-05-31,610.7833251953125,930833.7875976562,300164.4689941406,47.59458881855734,,,7157.204922676086,15129656.83049488
2024-06-30,72269783.30219412,75544243.31981993,1166419.1642456055,2108040.8533802032,KIRLOSENG.NS,Held,506,1246.0999755859375,2024-05-31,1393.25,704984.5,74457.91235351562,11.808845782608257,,,7157.204922676086,15129656.83049488
2024-06-30,72269783.30219412,75544243.31981993,1166419.1642456055,2108040.8533802032,MOTHERSON.NS,Held,6258,100.83333587646484,2024-05-31,126.87333679199219,793973.3416442871,162958.32572937012,25.824793645060044,,,7157.204922676086,15129656.83049488
2024-06-30,72269783.30219412,75544243.31981993,1166419.1642456055,2108040.8533802032,RTNPOWER.NS,Held,32953,19.149999618530273,2024-05-31,17.81999969482422,587222.4499435425,-43827.48748588562,-6.945169452740332,,,7157.204922676086,15129656.83049488
2024-06-30,72269783.30219412,75544243.31981993,1166419.1642456055,2108040.8533802032,M&M.NS,Held,251,2506.25,2024-05-31,2866.64990234375,719529.1254882812,90460.37548828125,14.380045978802993,,,7157.204922676086,15129656.83049488
2024-06-30,72269783.30219412,75544243.31981993,1166419.1642456055,2108040.8533802032,COCHINSHIP.NS,Held,324,1947.6500244140625,2024-05-31,2215.14990234375,717708.568359375,86669.96044921875,13.734494112214183,,,7157.204922676086,15129656.83049488
2024-06-30,72269783.30219412,75544243.31981993,1166419.1642456055,2108040.8533802032,ARE&M.NS,Held,439,1663.1500244140625,2024-06-30,1663.1500244140625,730122.8607177734,0.0,0.0,,,7157.204922676086,15129656.83049488
2024-06-30,72269783.30219412,75544243.31981993,1166419.1642456055,2108040.8533802032,SHARDAMOTR.NS,Held,331,2202.199951171875,2024-06-30,2202.199951171875,728928.1838378906,0.0,0.0,,,7157.204922676086,15129656.83049488
2024-06-30,72269783.30219412,75544243.31981993,1166419.1642456055,2108040.8533802032,PREMEXPLN.NS,Held,978,746.5499877929688,2024-06-30,746.5499877929688,730125.8880615234,0.0,0.0,,,7157.204922676086,15129656.83049488
2024-06-30,72269783.30219412,75544243.31981993,1166419.1642456055,2108040.8533802032,BLUESTARCO.NS,Held,446,1634.550048828125,2024-06-30,1634.550048828125,729009.3217773438,0.0,0.0,,,7157.204922676086,15129656.83049488
2024-06-30,72269783.30219412,75544243.31981993,1166419.1642456055,2108040.8533802032,KIRLOSBROS.NS,Held,344,2121.85009765625,2024-06-30,2121.85009765625,729916.43359375,0.0,0.0,,,7157.204922676086,15129656.83049488
2024-06-30,72269783.30219412,75544243.31981993,1166419.1642456055,2108040.8533802032,VEEDOL.NS,Held,318,2291.25,2024-06-30,2291.25,728617.5,0.0,0.0,,,7157.204922676086,15129656.83049488
2024-06-30,72269783.30219412,75544243.31981993,1166419.1642456055,2108040.8533802032,EXIDEIND.NS,Held,1294,564.5,2024-06-30,564.5,730463.0,0.0,0.0,,,7157.204922676086,15129656.83049488
2024-06-30,72269783.30219412,75544243.31981993,1166419.1642456055,2108040.8533802032,JWL.NS,Held,1059,689.25,2024-06-30,689.25,729915.75,0.0,0.0,,,7157.204922676086,15129656.83049488
2024-07-31,,,,,CUMMINSIND.NS,Sold,209,3006.25,2024-03-31,3852.35009765625,805141.1704101562,0.0,,176834.92041015625,28.144701793139294,,
2024-07-31,,,,,KIRLOSENG.NS,Sold,506,1246.0999755859375,2024-05-31,1234.199951171875,624505.1752929688,0.0,,-6021.412353515625,-0.9549815141009779,,
2024-07-31,,,,,ARE&M.NS,Sold,439,1663.1500244140625,2024-06-30,1626.300048828125,713945.7214355469,0.0,,-16177.139282226562,-2.21567357394111,,
2024-07-31,,,,,SHARDAMOTR.NS,Sold,331,2202.199951171875,2024-06-30,2440.35009765625,807755.8823242188,0.0,,78827.69848632812,10.814192705691696,,
2024-07-31,,,,,BLUESTARCO.NS,Sold,446,1634.550048828125,2024-06-30,1723.699951171875,768770.1782226562,0.0,,39760.8564453125,5.454094379530634,,
2024-07-31,,,,,EXIDEIND.NS,Sold,1294,564.5,2024-06-30,523.2999877929688,677150.1842041016,0.0,,-53312.81579589844,-7.298496405142825,,
2024-07-31,,,,,SIEMENS.NS,Sold,170,3429.074951171875,2024-04-30,4187.0087890625,711791.494140625,0.0,,128848.75244140625,22.103157518665597,,
2024-07-31,,,,,POWERINDIA.NS,Sold,61,9578.75,2024-04-30,11607.099609375,708033.076171875,0.0,,123729.326171875,21.175514648310063,,
2024-07-31,,,,,JWL.NS,Sold,1059,689.25,2024-06-30,609.2999877929688,645248.6870727539,0.0,,-84667.0629272461,-11.599566515347298,,
2024-07-31,,,,,PREMEXPLN.NS,Sold,978,746.5499877929688,2024-06-30,661.0499877929688,646506.8880615234,0.0,,-83619.0,-11.452682526024049,,
2024-07-31,75544243.31981993,77963366.9748931,304204.1235961914,2114919.5314769745,TRENT.NS,Held,154,2787.0,2023-11-30,5839.0,899206.0,470008.0,109.50843200574094,,,7151.378949165344,15440739.632187843
2024-07-31,75544243.31981993,77963366.9748931,304204.1235961914,2114919.5314769745,DIXON.NS,Held,70,8341.75,2024-04-30,12106.4501953125,847451.513671875,263529.013671875,45.13082021533251,,,7151.378949165344,15440739.632187843
2024-07-31,75544243.31981993,77963366.9748931,304204.1235961914,2114919.5314769745,GVT&D.NS,Held,512,1143.199951171875,2024-04-30,1585.050048828125,811545.625,226227.25,38.65029010920766,,,7151.378949165344,15440739.632187843
2024-07-31,75544243.31981993,77963366.9748931,304204.1235961914,2114919.5314769745,SHAKTIPUMP.NS,Held,1524,413.82501220703125,2024-05-31,712.8250122070312,1086345.3186035156,455676.0,72.25276171813758,,,7151.378949165344,15440739.632187843
2024-07-31,75544243.31981993,77963366.9748931,304204.1235961914,2114919.5314769745,MOTHERSON.NS,Held,6258,100.83333587646484,2024-05-31,131.04666137695312,820090.0068969727,189074.99098205566,29.963627839808748,,,7151.378949165344,15440739.632187843
2024-07-31,75544243.31981993,77963366.9748931,304204.1235961914,2114919.5314769745,RTNPOWER.NS,Held,32953,19.149999618530273,2024-05-31,17.700000762939453,583268.1251411438,-47781.8122882843,-7.57179574138344,,,7151.378949165344,15440739.632187843
2024-07-31,75544243.31981993,77963366.9748931,304204.1235961914,2114919.5314769745,M&M.NS,Held,251,2506.25,2024-05-31,2907.800048828125,729857.8122558594,100789.06225585938,16.021947085411473,,,7151.378949165344,15440739.632187843
2024-07-31,75544243.31981993,77963366.9748931,304204.1235961914,2114919.5314769745,COCHINSHIP.NS,Held,324,1947.6500244140625,2024-05-31,2620.14990234375,848928.568359375,217889.96044921875,34.52878440683945,,,7151.378949165344,15440739.632187843
2024-07-31,75544243.31981993,77963366.9748931,304204.1235961914,2114919.5314769745,KIRLOSBROS.NS,Held,344,2121.85009765625,2024-06-30,2437.0,838328.0,108411.56640625,14.852599752068151,,,7151.378949165344,15440739.632187843
2024-07-31,75544243.31981993,77963366.9748931,304204.1235961914,2114919.5314769745,VEEDOL.NS,Held,318,2291.25,2024-06-30,2703.5,859713.0,131095.5,17.992362247681395,,,7151.378949165344,15440739.632187843
2024-07-31,75544243.31981993,77963366.9748931,304204.1235961914,2114919.5314769745,KALYANKJIL.NS,Held,1228,579.4000244140625,2024-07-31,579.4000244140625,711503.2299804688,0.0,0.0,,,7151.378949165344,15440739.632187843
2024-07-31,75544243.31981993,77963366.9748931,304204.1235961914,2114919.5314769745,OIL.NS,Held,1232,577.5499877929688,2024-07-31,577.5499877929688,711541.5849609375,0.0,0.0,,,7151.378949165344,15440739.632187843
2024-07-31,75544243.31981993,77963366.9748931,304204.1235961914,2114919.5314769745,MARINE.NS,Held,2725,261.1099853515625,2024-07-31,261.1099853515625,711524.7100830078,0.0,0.0,,,7151.378949165344,15440739.632187843
2024-07-31,75544243.31981993,77963366.9748931,304204.1235961914,2114919.5314769745,OFSS.NS,Held,64,11044.849609375,2024-07-31,11044.849609375,706870.375,0.0,0.0,,,7151.378949165344,15440739.632187843
2024-07-31,75544243.31981993,77963366.9748931,304204.1235961914,2114919.5314769745,NAVA.NS,Held,1555,457.45001220703125,2024-07-31,457.45001220703125,711334.7689819336,0.0,0.0,,,7151.378949165344,15440739.632187843
2024-07-31,75544243.31981993,77963366.9748931,304204.1235961914,2114919.5314769745,PGEL.NS,Held,1600,444.5,2024-07-31,444.5,711200.0,0.0,0.0,,,7151.378949165344,15440739.632187843
2024-07-31,75544243.31981993,77963366.9748931,304204.1235961914,2114919.5314769745,GLENMARK.NS,Held,484,1468.75,2024-07-31,1468.75,710875.0,0.0,0.0,,,7151.378949165344,15440739.632187843
2024-07-31,75544243.31981993,77963366.9748931,304204.1235961914,2114919.5314769745,SUZLON.NS,Held,10256,69.37999725341797,2024-07-31,69.37999725341797,711561.2518310547,0.0,0.0,,,7151.378949165344,15440739.632187843
2024-07-31,75544243.31981993,77963366.9748931,304204.1235961914,2114919.5314769745,HUBTOWN.NS,Held,2877,247.27000427246094,2024-07-31,247.27000427246094,711395.8022918701,0.0,0.0,,,7151.378949165344,15440739.632187843
2024-07-31,75544243.31981993,77963366.9748931,304204.1235961914,2114919.5314769745,ZENTEC.NS,Held,417,1705.1500244140625,2024-07-31,1705.1500244140625,711047.5601806641,0.0,0.0,,,7151.378949165344,15440739.632187843
2024-08-31,,,,,KALYANKJIL.NS,Sold,1228,579.4000244140625,2024-07-31,615.2000122070312,755465.6149902344,0.0,,43962.385009765625,6.178803293833596,,
2024-08-31,,,,,MOTHERSON.NS,Sold,6258,100.83333587646484,2024-05-31,130.18666076660156,814708.1230773926,0.0,,183693.1071624756,29.110734694028878,,
2024-08-31,,,,,RTNPOWER.NS,Sold,32953,19.149999618530273,2024-05-31,16.200000762939453,533838.6251411438,0.0,,-97211.3122882843,-15.404694069739241,,
2024-08-31,,,,,VEEDOL.NS,Sold,318,2291.25,2024-06-30,2609.39990234375,829789.1689453125,0.0,,101171.6689453125,13.885429453082379,,
2024-08-31,,,,,OFSS.NS,Sold,64,11044.849609375,2024-07-31,10988.7001953125,703276.8125,0.0,,-3593.5625,-0.5083764473790544,,
2024-08-31,,,,,NAVA.NS,Sold,1555,457.45001220703125,2024-07-31,476.2250061035156,740529.8844909668,0.0,,29195.115509033203,4.1042722473438795,,
2024-08-31,,,,,GVT&D.NS,Sold,512,1143.199951171875,2024-04-30,1713.5999755859375,877363.1875,0.0,,292044.8125,49.895035757249204,,
2024-08-31,,,,,ZENTEC.NS,Sold,417,1705.1500244140625,2024-07-31,1696.6500244140625,707503.0601806641,0.0,,-3544.5,-0.4984898617891901,,
2024-08-31,,,,,M&M.NS,Sold,251,2506.25,2024-05-31,2805.39990234375,704155.3754882812,0.0,,75086.62548828125,11.936155704488778,,
2024-08-31,,,,,KIRLOSBROS.NS,Sold,344,2121.85009765625,2024-06-30,1805.5999755859375,621126.3916015625,0.0,,-108790.0419921875,-14.904451658467089,,
2024-08-31,,,,,COCHINSHIP.NS,Sold,324,1947.6500244140625,2024-05-31,1886.6500244140625,611274.6079101562,0.0,,-19764.0,-3.1319795258571386,,
2024-08-31,77963366.9748931,80565710.73261213,492250.29783439636,2110093.4598846436,TRENT.NS,Held,154,2787.0,2023-11-30,7158.75,1102447.5,673249.5,156.8622174381055,,,4765.393847465515,15928163.858429909
2024-08-31,77963366.9748931,80565710.73261213,492250.29783439636,2110093.4598846436,DIXON.NS,Held,70,8341.75,2024-04-30,13170.9501953125,921966.513671875,338044.013671875,57.89193149294213,,,4765.393847465515,15928163.858429909
2024-08-31,77963366.9748931,80565710.73261213,492250.29783439636,2110093.4598846436,SHAKTIPUMP.NS,Held,1524,413.82501220703125,2024-05-31,745.2750244140625,1135799.1372070312,505129.8186035156,80.09424332263684,,,4765.393847465515,15928163.858429909
2024-08-31,77963366.9748931,80565710.73261213,492250.29783439636,2110093.4598846436,OIL.NS,Held,1232,577.5499877929688,2024-07-31,741.0,912912.0,201370.4150390625,28.300582748107043,,,4765.393847465515,15928163.858429909
2024-08-31,77963366.9748931,80565710.73261213,492250.29783439636,2110093.4598846436,MARINE.NS,Held,2725,261.1099853515625,2024-07-31,261.6499938964844,712996.2333679199,1471.5232849121094,0.2068126748177781,,,4765.393847465515,15928163.858429909
2024-08-31,77963366.9748931,80565710.73261213,492250.29783439636,2110093.4598846436,PGEL.NS,Held,1600,444.5,2024-07-31,525.1500244140625,840240.0390625,129040.0390625,18.14398749472722,,,4765.393847465515,15928163.858429909
2024-08-31,77963366.9748931,80565710.73261213,492250.29783439636,2110093.4598846436,GLENMARK.NS,Held,484,1468.75,2024-07-31,1731.75,838167.0,127292.0,17.906382978723403,,,4765.393847465515,15928163.858429909
2024-08-31,77963366.9748931,80565710.73261213,492250.29783439636,2110093.4598846436,SUZLON.NS,Held,10256,69.37999725341797,2024-07-31,75.83999633789062,777815.0024414062,66253.75061035156,9.311039694736234,,,4765.393847465515,15928163.858429909
2024-08-31,77963366.9748931,80565710.73261213,492250.29783439636,2110093.4598846436,HUBTOWN.NS,Held,2877,247.27000427246094,2024-07-31,270.989990234375,779638.2019042969,68242.39961242676,9.592747018266548,,,4765.393847465515,15928163.858429909
2024-08-31,77963366.9748931,80565710.73261213,492250.29783439636,2110093.4598846436,V2RETAIL.NS,Held,6262,114.76499938964844,2024-08-31,114.76499938964844,718658.4261779785,0.0,0.0,,,4765.393847465515,15928163.858429909
2024-08-31,77963366.9748931,80565710.73261213,492250.29783439636,2110093.4598846436,ERIS.NS,Held,517,1388.199951171875,2024-08-31,1388.199951171875,717699.3747558594,0.0,0.0,,,4765.393847465515,15928163.858429909
2024-08-31,77963366.9748931,80565710.73261213,492250.29783439636,2110093.4598846436,GRANULES.NS,Held,1000,718.0999755859375,2024-08-31,718.0999755859375,718099.9755859375,0.0,0.0,,,4765.393847465515,15928163.858429909
2024-08-31,77963366.9748931,80565710.73261213,492250.29783439636,2110093.4598846436,PCJEWELLER.NS,Held,64827,11.086999893188477,2024-08-31,11.086999893188477,718736.9420757294,0.0,0.0,,,4765.393847465515,15928163.858429909
2024-08-31,77963366.9748931,80565710.73261213,492250.29783439636,2110093.4598846436,WEBELSOLAR.NS,Held,7579,94.83000183105469,2024-08-31,94.83000183105469,718716.5838775635,0.0,0.0,,,4765.393847465515,15928163.858429909
2024-08-31,77963366.9748931,80565710.73261213,492250.29783439636,2110093.4598846436,GMRP&UI.NS,Held,5211,137.91000366210938,2024-08-31,137.91000366210938,718649.029083252,0.0,0.0,,,4765.393847465515,15928163.858429909
2024-08-31,77963366.9748931,80565710.73261213,492250.29783439636,2110093.4598846436,LTFOODS.NS,Held,1894,379.3999938964844,2024-08-31,379.3999938964844,718583.5884399414,0.0,0.0,,,4765.393847465515,15928163.858429909
2024-08-31,77963366.9748931,80565710.73261213,492250.29783439636,2110093.4598846436,SKYGOLD.NS,Held,2757,260.68499755859375,2024-08-31,260.68499755859375,718708.538269043,0.0,0.0,,,4765.393847465515,15928163.858429909
2024-08-31,77963366.9748931,80565710.73261213,492250.29783439636,2110093.4598846436,SHAILY.NS,Held,681,1054.550048828125,2024-08-31,1054.550048828125,718148.5832519531,0.0,0.0,,,4765.393847465515,15928163.858429909
2024-08-31,77963366.9748931,80565710.73261213,492250.29783439636,2110093.4598846436,STAR.NS,Held,536,1340.050048828125,2024-08-31,1340.050048828125,718266.826171875,0.0,0.0,,,4765.393847465515,15928163.858429909
2024-08-31,77963366.9748931,80565710.73261213,492250.29783439636,2110093.4598846436,COLPAL.NS,Held,197,3640.35009765625,2024-08-31,3640.35009765625,717148.9692382812,0.0,0.0,,,4765.393847465515,15928163.858429909
2024-09-30,,,,,SHAKTIPUMP.NS,Sold,1524,413.82501220703125,2024-05-31,711.7750244140625,1084745.1372070312,0.0,,454075.8186035156,71.99903423381542,,
2024-09-30,,,,,ERIS.NS,Sold,517,1388.199951171875,2024-08-31,1332.699951171875,689005.8747558594,0.0,,-28693.5,-3.99798314019163,,
2024-09-30,,,,,GRANULES.NS,Sold,1000,718.0999755859375,2024-08-31,558.5999755859375,558599.9755859375,0.0,,-159500.0,-22.211391926292034,,
2024-09-30,,,,,DIXON.NS,Sold,70,8341.75,2024-04-30,13802.9501953125,966206.513671875,0.0,,382284.013671875,65.46827938157462,,
2024-09-30,,,,,OIL.NS,Sold,1232,577.5499877929688,2024-07-31,580.6500244140625,715360.830078125,0.0,,3819.2451171875,0.536756417040217,,
2024-09-30,,,,,LTFOODS.NS,Sold,1894,379.3999938964844,2024-08-31,398.54998779296875,754853.6768798828,0.0,,36270.088439941406,5.047441804047384,,
2024-09-30,,,,,SHAILY.NS,Sold,681,1054.550048828125,2024-08-31,1009.8499755859375,687707.8333740234,0.0,,-30440.749877929688,-4.238781581951537,,
2024-09-30,,,,,V2RETAIL.NS,Sold,6262,114.76499938964844,2024-08-31,133.40499877929688,835382.102355957,0.0,,116723.67617797852,16.241885146848812,,
2024-09-30,,,,,HUBTOWN.NS,Sold,2877,247.27000427246094,2024-07-31,326.8999938964844,940491.2824401855,0.0,,229095.48014831543,32.2036592583551,,
2024-09-30,,,,,SKYGOLD.NS,Sold,2757,260.68499755859375,2024-08-31,269.43499755859375,742832.288269043,0.0,,24123.75,3.3565414511563043,,
2024-09-30,,,,,MARINE.NS,Sold,2725,261.1099853515625,2024-07-31,220.39999389648438,600589.9833679199,0.0,,-110934.72671508789,-15.591127777157036,,
2024-09-30,80565710.73261213,83467929.11765623,916823.0955657959,1985395.289478302,TRENT.NS,Held,154,2787.0,2023-11-30,7574.64990234375,1166496.0849609375,737298.0849609375,171.78507005180302,,,6522.877985954285,16720288.783589363
2024-09-30,80565710.73261213,83467929.11765623,916823.0955657959,1985395.289478302,PGEL.NS,Held,1600,444.5,2024-07-31,643.0999755859375,1028959.9609375,317759.9609375,44.67940958063836,,,6522.877985954285,16720288.783589363
2024-09-30,80565710.73261213,83467929.11765623,916823.0955657959,1985395.289478302,GLENMARK.NS,Held,484,1468.75,2024-07-31,1673.5,809974.0,99099.0,13.940425531914894,,,6522.877985954285,16720288.783589363
2024-09-30,80565710.73261213,83467929.11765623,916823.0955657959,1985395.289478302,SUZLON.NS,Held,10256,69.37999725341797,2024-07-31,80.05000305175781,820992.8312988281,109431.57946777344,15.379080744795203,,,6522.877985954285,16720288.783589363
2024-09-30,80565710.73261213,83467929.11765623,916823.0955657959,1985395.289478302,PCJEWELLER.NS,Held,64827,11.086999893188477,2024-08-31,17.816999435424805,1155022.6224002838,436285.68032455444,60.70171919430648,,,6522.877985954285,16720288.783589363
2024-09-30,80565710.73261213,83467929.11765623,916823.0955657959,1985395.289478302,WEBELSOLAR.NS,Held,7579,94.83000183105469,2024-08-31,109.08499908447266,826755.2080612183,108038.62418365479,15.032159631098708,,,6522.877985954285,16720288.783589363
2024-09-30,80565710.73261213,83467929.11765623,916823.0955657959,1985395.289478302,GMRP&UI.NS,Held,5211,137.91000366210938,2024-08-31,159.6999969482422,832196.68409729,113547.65501403809,15.800154236468627,,,6522.877985954285,16720288.783589363
2024-09-30,80565710.73261213,83467929.11765623,916823.0955657959,1985395.289478302,STAR.NS,Held,536,1340.050048828125,2024-08-31,1399.0,749864.0,31597.173828125,4.399085782163643,,,6522.877985954285,16720288.783589363
2024-09-30,80565710.73261213,83467929.11765623,916823.0955657959,1985395.289478302,COLPAL.NS,Held,197,3640.35009765625,2024-08-31,3804.5,749486.5,32337.53076171875,4.509179005871823,,,6522.877985954285,16720288.783589363
2024-09-30,80565710.73261213,83467929.11765623,916823.0955657959,1985395.289478302,KALYANKJIL.NS,Held,1068,730.25,2024-09-30,730.25,779907.0,0.0,0.0,,,6522.877985954285,16720288.783589363
2024-09-30,80565710.73261213,83467929.11765623,916823.0955657959,1985395.289478302,IIFLCAPS.NS,Held,2260,345.04998779296875,2024-09-30,345.04998779296875,779812.9724121094,0.0,0.0,,,6522.877985954285,16720288.783589363
2024-09-30,80565710.73261213,83467929.11765623,916823.0955657959,1985395.289478302,OPTIEMUS.NS,Held,956,815.3499755859375,2024-09-30,815.3499755859375,779474.5766601562,0.0,0.0,,,6522.877985954285,16720288.783589363
2024-09-30,80565710.73261213,83467929.11765623,916823.0955657959,1985395.289478302,VLEGOV.NS,Held,4911,158.82000732421875,2024-09-30,158.82000732421875,779965.0559692383,0.0,0.0,,,6522.877985954285,16720288.783589363
2024-09-30,80565710.73261213,83467929.11765623,916823.0955657959,1985395.289478302,SUNPHARMA.NS,Held,404,1926.699951171875,2024-09-30,1926.699951171875,778386.7802734375,0.0,0.0,,,6522.877985954285,16720288.783589363
2024-09-30,80565710.73261213,83467929.11765623,916823.0955657959,1985395.289478302,PCBL.NS,Held,1350,577.5999755859375,2024-09-30,577.5999755859375,779759.9670410156,0.0,0.0,,,6522.877985954285,16720288.783589363
2024-09-30,80565710.73261213,83467929.11765623,916823.0955657959,1985395.289478302,ANANTRAJ.NS,Held,1107,704.4000244140625,2024-09-30,704.4000244140625,779770.8270263672,0.0,0.0,,,6522.877985954285,16720288.783589363
2024-09-30,80565710.73261213,83467929.11765623,916823.0955657959,1985395.289478302,POCL.NS,Held,1999,390.04998779296875,2024-09-30,390.04998779296875,779709.9255981445,0.0,0.0,,,6522.877985954285,16720288.783589363
2024-09-30,80565710.73261213,83467929.11765623,916823.0955657959,1985395.289478302,HSCL.NS,Held,1178,661.6500244140625,2024-09-30,661.6500244140625,779423.7287597656,0.0,0.0,,,6522.877985954285,16720288.783589363
2024-09-30,80565710.73261213,83467929.11765623,916823.0955657959,1985395.289478302,MSPL.NS,Held,14402,54.15999984741211,2024-09-30,54.15999984741211,780012.3178024292,0.0,0.0,,,6522.877985954285,16720288.783589363
2024-09-30,80565710.73261213,83467929.11765623,916823.0955657959,1985395.289478302,BAJAJ-AUTO.NS,Held,63,12345.9501953125,2024-09-30,12345.9501953125,777794.8623046875,0.0,0.0,,,6522.877985954285,16720288.783589363
2024-10-31,,,,,KALYANKJIL.NS,Sold,1068,730.25,2024-09-30,657.1500244140625,701836.2260742188,0.0,,-78070.77392578125,-10.010267112076344,,
2024-10-31,,,,,OPTIEMUS.NS,Sold,956,815.3499755859375,2024-09-30,672.4000244140625,642814.4233398438,0.0,,-136660.1533203125,-17.532342607742944,,
2024-10-31,,,,,SUNPHARMA.NS,Sold,404,1926.699951171875,2024-09-30,1848.9000244140625,746955.6098632812,0.0,,-31431.17041015625,-4.037988723178838,,
2024-10-31,,,,,POCL.NS,Sold,1999,390.04998779296875,2024-09-30,391.9200134277344,783448.106842041,0.0,,3738.1812438964844,0.47943230183055396,,
2024-10-31,,,,,SUZLON.NS,Sold,10256,69.37999725341797,2024-07-31,66.94999694824219,686639.1687011719,0.0,,-24922.083129882812,-3.5024508523687907,,
2024-10-31,,,,,HSCL.NS,Sold,1178,661.6500244140625,2024-09-30,573.0499877929688,675052.8856201172,0.0,,-104370.84313964844,-13.390770551177006,,
2024-10-31,,,,,COLPAL.NS,Sold,197,3640.35009765625,2024-08-31,3062.5,603312.5,0.0,,-113836.46923828125,-15.873475961234734,,
2024-10-31,,,,,BAJAJ-AUTO.NS,Sold,63,12345.9501953125,2024-09-30,9836.2998046875,619686.8876953125,0.0,,-158107.974609375,-20.327721648981395,,
2024-10-31,,,,,PCBL.NS,Sold,1350,577.5999755859375,2024-09-30,410.95001220703125,554782.5164794922,0.0,,-224977.45056152344,-28.85214169371298,,
2024-10-31,,,,,GMRP&UI.NS,Sold,5211,137.91000366210938,2024-08-31,117.77999877929688,613751.573638916,0.0,,-104897.45544433594,-14.596479115563387,,
2024-10-31,,,,,MSPL.NS,Sold,14402,54.15999984741211,2024-09-30,43.13999938964844,621302.2712097168,0.0,,-158710.0465927124,-20.34712054802606,,
2024-10-31,83467929.11765623,84260436.13651133,-1132246.2391281128,1924753.2579832077,TRENT.NS,Held,154,2787.0,2023-11-30,7128.35009765625,1097765.9150390625,668567.9150390625,155.77144232709904,,,7611.517085075378,15527400.512966156
2024-10-31,83467929.11765623,84260436.13651133,-1132246.2391281128,1924753.2579832077,PGEL.NS,Held,1600,444.5,2024-07-31,637.0,1019200.0,308000.0,43.30708661417323,,,7611.517085075378,15527400.512966156
2024-10-31,83467929.11765623,84260436.13651133,-1132246.2391281128,1924753.2579832077,GLENMARK.NS,Held,484,1468.75,2024-07-31,1694.550048828125,820162.2236328125,109287.2236328125,15.373620345744682,,,7611.517085075378,15527400.512966156
2024-10-31,83467929.11765623,84260436.13651133,-1132246.2391281128,1924753.2579832077,PCJEWELLER.NS,Held,64827,11.086999893188477,2024-08-31,15.630999565124512,1013310.8088083267,294573.86673259735,40.98493474982113,,,7611.517085075378,15527400.512966156
2024-10-31,83467929.11765623,84260436.13651133,-1132246.2391281128,1924753.2579832077,WEBELSOLAR.NS,Held,7579,94.83000183105469,2024-08-31,142.1750030517578,1077544.3481292725,358827.764251709,49.92618402038109,,,7611.517085075378,15527400.512966156
2024-10-31,83467929.11765623,84260436.13651133,-1132246.2391281128,1924753.2579832077,STAR.NS,Held,536,1340.050048828125,2024-08-31,1555.5,833748.0,115481.173828125,16.07775406301326,,,7611.517085075378,15527400.512966156
2024-10-31,83467929.11765623,84260436.13651133,-1132246.2391281128,1924753.2579832077,IIFLCAPS.NS,Held,2260,345.04998779296875,2024-09-30,380.79998779296875,860607.9724121094,80795.0,10.36081763939958,,,7611.517085075378,15527400.512966156
2024-10-31,83467929.11765623,84260436.13651133,-1132246.2391281128,1924753.2579832077,VLEGOV.NS,Held,4911,158.82000732421875,2024-09-30,148.4199981689453,728890.6110076904,-51074.44496154785,-6.548299128360209,,,7611.517085075378,15527400.512966156
2024-10-31,83467929.11765623,84260436.13651133,-1132246.2391281128,1924753.2579832077,ANANTRAJ.NS,Held,1107,704.4000244140625,2024-09-30,740.7999877929688,820065.5864868164,40294.75946044922,5.1675130774143065,,,7611.517085075378,15527400.512966156
2024-10-31,83467929.11765623,84260436.13651133,-1132246.2391281128,1924753.2579832077,E2E.NS,Held,1534,429.9849853515625,2024-10-31,429.9849853515625,659596.9675292969,0.0,0.0,,,7611.517085075378,15527400.512966156
2024-10-31,83467929.11765623,84260436.13651133,-1132246.2391281128,1924753.2579832077,WOCKPHARMA.NS,Held,545,1208.3499755859375,2024-10-31,1208.3499755859375,658550.7366943359,0.0,0.0,,,7611.517085075378,15527400.512966156
2024-10-31,83467929.11765623,84260436.13651133,-1132246.2391281128,1924753.2579832077,COHANCE.NS,Held,502,1313.4000244140625,2024-10-31,1313.4000244140625,659326.8122558594,0.0,0.0,,,7611.517085075378,15527400.512966156
2024-10-31,83467929.11765623,84260436.13651133,-1132246.2391281128,1924753.2579832077,PPLPHARMA.NS,Held,2457,268.4700012207031,2024-10-31,268.4700012207031,659630.7929992676,0.0,0.0,,,7611.517085075378,15527400.512966156
2024-10-31,83467929.11765623,84260436.13651133,-1132246.2391281128,1924753.2579832077,POLYMED.NS,Held,229,2874.300048828125,2024-10-31,2874.300048828125,658214.7111816406,0.0,0.0,,,7611.517085075378,15527400.512966156
2024-10-31,83467929.11765623,84260436.13651133,-1132246.2391281128,1924753.2579832077,SKYGOLD.NS,Held,1964,335.8500061035156,2024-10-31,335.8500061035156,659609.4119873047,0.0,0.0,,,7611.517085075378,15527400.512966156
2024-10-31,83467929.11765623,84260436.13651133,-1132246.2391281128,1924753.2579832077,NEULANDLAB.NS,Held,45,14606.599609375,2024-10-31,14606.599609375,657296.982421875,0.0,0.0,,,7611.517085075378,15527400.512966156
2024-10-31,83467929.11765623,84260436.13651133,-1132246.2391281128,1924753.2579832077,KITEX.NS,Held,3388,194.6999969482422,2024-10-31,194.6999969482422,659643.5896606445,0.0,0.0,,,7611.517085075378,15527400.512966156
2024-10-31,83467929.11765623,84260436.13651133,-1132246.2391281128,1924753.2579832077,MCX.NS,Held,506,1303.1800537109375,2024-10-31,1303.1800537109375,659409.1071777344,0.0,0.0,,,7611.517085075378,15527400.512966156
2024-10-31,83467929.11765623,84260436.13651133,-1132246.2391281128,1924753.2579832077,JUBLPHARMA.NS,Held,544,1211.75,2024-10-31,1211.75,659192.0,0.0,0.0,,,7611.517085075378,15527400.512966156
2024-10-31,83467929.11765623,84260436.13651133,-1132246.2391281128,1924753.2579832077,ANUP.NS,Held,189,3481.60009765625,2024-10-31,3481.60009765625,658022.4184570312,0.0,0.0,,,7611.517085075378,15527400.512966156
2024-11-30,,,,,PPLPHARMA.NS,Sold,2457,268.4700012207031,2024-10-31,268.75,660318.75,0.0,,687.9570007324219,0.10429425188056461,,
2024-11-30,,,,,POLYMED.NS,Sold,229,2874.300048828125,2024-10-31,2782.60009765625,637215.4223632812,0.0,,-20999.288818359375,-3.1903402433320003,,
2024-11-30,,,,,ANANTRAJ.NS,Sold,1107,704.4000244140625,2024-09-30,673.4500122070312,745509.1635131836,0.0,,-34261.663513183594,-4.393811915718805,,
2024-11-30,,,,,GLENMARK.NS,Sold,484,1468.75,2024-07-31,1528.6500244140625,739866.6118164062,0.0,,28991.61181640625,4.078299534574468,,
2024-11-30,,,,,MCX.NS,Sold,506,1303.1800537109375,2024-10-31,1237.0699462890625,625957.3928222656,0.0,,-33451.71435546875,-5.072983371224855,,
2024-11-30,,,,,JUBLPHARMA.NS,Sold,544,1211.75,2024-10-31,1234.25,671432.0,0.0,,12240.0,1.8568186507117805,,
2024-11-30,,,,,TRENT.NS,Sold,154,2787.0,2023-11-30,6795.39990234375,1046491.5849609375,0.0,,617293.5849609375,143.82489782360065,,
2024-11-30,,,,,IIFLCAPS.NS,Sold,2260,345.04998779296875,2024-09-30,326.3500061035156,737551.0137939453,0.0,,-42261.95861816406,-5.4194993047422395,,
2024-11-30,,,,,VLEGOV.NS,Sold,4911,158.82000732421875,2024-09-30,157.11000061035156,771567.2129974365,0.0,,-8397.842971801758,-1.0766947708145744,,
2024-11-30,84260436.13651133,86497810.54143381,519840.68550109863,1717533.7194213867,PGEL.NS,Held,1600,444.5,2024-07-31,723.0,1156800.0,445600.0,62.65466816647919,,,16044.444163322449,15840021.659905434
2024-11-30,84260436.13651133,86497810.54143381,519840.68550109863,1717533.7194213867,PCJEWELLER.NS,Held,64827,11.086999893188477,2024-08-31,16.378000259399414,1061736.6228160858,342999.68074035645,47.72256171357565,,,16044.444163322449,15840021.659905434
2024-11-30,84260436.13651133,86497810.54143381,519840.68550109863,1717533.7194213867,WEBELSOLAR.NS,Held,7579,94.83000183105469,2024-08-31,126.875,961585.625,242869.04112243652,33.79204634629808,,,16044.444163322449,15840021.659905434
2024-11-30,84260436.13651133,86497810.54143381,519840.68550109863,1717533.7194213867,STAR.NS,Held,536,1340.050048828125,2024-08-31,1635.3499755859375,876547.5869140625,158280.7607421875,22.03648490711616,,,16044.444163322449,15840021.659905434
2024-11-30,84260436.13651133,86497810.54143381,519840.68550109863,1717533.7194213867,E2E.NS,Held,1534,429.9849853515625,2024-10-31,443.7900085449219,680773.8731079102,21176.90557861328,3.210582616523731,,,16044.444163322449,15840021.659905434
2024-11-30,84260436.13651133,86497810.54143381,519840.68550109863,1717533.7194213867,WOCKPHARMA.NS,Held,545,1208.3499755859375,2024-10-31,1404.25,765316.25,106765.51330566406,16.212192524692128,,,16044.444163322449,15840021.659905434
2024-11-30,84260436.13651133,86497810.54143381,519840.68550109863,1717533.7194213867,COHANCE.NS,Held,502,1313.4000244140625,2024-10-31,1305.800048828125,655511.6245117188,-3815.187744140625,-0.578648960306516,,,16044.444163322449,15840021.659905434
2024-11-30,84260436.13651133,86497810.54143381,519840.68550109863,1717533.7194213867,SKYGOLD.NS,Held,1964,335.8500061035156,2024-10-31,385.44500732421875,757013.9943847656,97404.58239746094,14.767009176536074,,,16044.444163322449,15840021.659905434
2024-11-30,84260436.13651133,86497810.54143381,519840.68550109863,1717533.7194213867,NEULANDLAB.NS,Held,45,14606.599609375,2024-10-31,16709.30078125,751918.53515625,94621.552734375,14.39555562627606,,,16044.444163322449,15840021.659905434
2024-11-30,84260436.13651133,86497810.54143381,519840.68550109863,1717533.7194213867,KITEX.NS,Held,3388,194.6999969482422,2024-10-31,247.48333740234375,838473.5471191406,178829.9574584961,27.11008797197524,,,16044.444163322449,15840021.659905434
2024-11-30,84260436.13651133,86497810.54143381,519840.68550109863,1717533.7194213867,ANUP.NS,Held,189,3481.60009765625,2024-10-31,3655.14990234375,690823.3315429688,32800.9130859375,4.984771364302596,,,16044.444163322449,15840021.659905434
2024-11-30,84260436.13651133,86497810.54143381,519840.68550109863,1717533.7194213867,GRWRHITECH.NS,Held,149,4937.0498046875,2024-11-30,4937.0498046875,735620.4208984375,0.0,0.0,,,16044.444163322449,15840021.659905434
2024-11-30,84260436.13651133,86497810.54143381,519840.68550109863,1717533.7194213867,DIXON.NS,Held,46,15807.400390625,2024-11-30,15807.400390625,727140.41796875,0.0,0.0,,,16044.444163322449,15840021.659905434
2024-11-30,84260436.13651133,86497810.54143381,519840.68550109863,1717533.7194213867,SHARDACROP.NS,Held,916,805.8499755859375,2024-11-30,805.8499755859375,738158.5776367188,0.0,0.0,,,16044.444163322449,15840021.659905434
2024-11-30,84260436.13651133,86497810.54143381,519840.68550109863,1717533.7194213867,TERASOFT.NS,Held,3593,205.41000366210938,2024-11-30,205.41000366210938,738038.143157959,0.0,0.0,,,16044.444163322449,15840021.659905434
2024-11-30,84260436.13651133,86497810.54143381,519840.68550109863,1717533.7194213867,WABAG.NS,Held,411,1794.9000244140625,2024-11-30,1794.9000244140625,737703.9100341797,0.0,0.0,,,16044.444163322449,15840021.659905434
2024-11-30,84260436.13651133,86497810.54143381,519840.68550109863,1717533.7194213867,JAGSNPHARM.NS,Held,2424,304.4800109863281,2024-11-30,304.4800109863281,738059.5466308594,0.0,0.0,,,16044.444163322449,15840021.659905434
2024-11-30,84260436.13651133,86497810.54143381,519840.68550109863,1717533.7194213867,WINDMACHIN.NS,Held,2154,342.6400146484375,2024-11-30,342.6400146484375,738046.5915527344,0.0,0.0,,,16044.444163322449,15840021.659905434
2024-11-30,84260436.13651133,86497810.54143381,519840.68550109863,1717533.7194213867,COFORGE.NS,Held,424,1737.1700439453125,2024-11-30,1737.1700439453125,736560.0986328125,0.0,0.0,,,16044.444163322449,15840021.659905434
2024-11-30,84260436.13651133,86497810.54143381,519840.68550109863,1717533.7194213867,AVALON.NS,Held,765,964.9000244140625,2024-11-30,964.9000244140625,738148.5186767578,0.0,0.0,,,16044.444163322449,15840021.659905434
2024-12-31,,,,,GRWRHITECH.NS,Sold,149,4937.0498046875,2024-11-30,5007.9501953125,746184.5791015625,0.0,,10564.158203125,1.4360882192779048,,
2024-12-31,,,,,PCJEWELLER.NS,Sold,64827,11.086999893188477,2024-08-31,15.869999885559082,1028804.4825811386,0.0,,310067.54050540924,43.14061548164295,,
2024-12-31,,,,,COHANCE.NS,Sold,502,1313.4000244140625,2024-10-31,1138.75,571652.5,0.0,,-87674.31225585938,-13.29754995946325,,
2024-12-31,,,,,SHARDACROP.NS,Sold,916,805.8499755859375,2024-11-30,796.0999755859375,729227.5776367188,0.0,,-8931.0,-1.2099026239854045,,
2024-12-31,,,,,NEULANDLAB.NS,Sold,45,14606.599609375,2024-10-31,13723.7998046875,617570.9912109375,0.0,,-39725.9912109375,-6.04384201865087,,
2024-12-31,,,,,WABAG.NS,Sold,411,1794.9000244140625,2024-11-30,1643.0999755859375,675314.0899658203,0.0,,-62389.820068359375,-8.457298276414003,,
2024-12-31,,,,,AVALON.NS,Sold,765,964.9000244140625,2024-11-30,964.0,737460.0,0.0,,-688.5186767578125,-0.0932764422520397,,
2024-12-31,,,,,ANUP.NS,Sold,189,3481.60009765625,2024-10-31,3498.64990234375,661244.8315429688,0.0,,3222.4130859375,0.4897117477385648,,
2024-12-31,,,,,STAR.NS,Sold,536,1340.050048828125,2024-08-31,659.4000244140625,353438.4130859375,0.0,,-364828.4130859375,-50.79288083376375,,
2024-12-31,,,,,E2E.NS,Sold,1534,429.9849853515625,2024-10-31,404.7850036621094,620940.1956176758,0.0,,-38656.771911621094,-5.860665499482319,,
2024-12-31,,,,,TERASOFT.NS,Sold,3593,205.41000366210938,2024-11-30,188.64999389648438,677819.4280700684,0.0,,-60218.715087890625,-8.159295782494846,,
2024-12-31,,,,,JAGSNPHARM.NS,Sold,2424,304.4800109863281,2024-11-30,244.33999633789062,592280.1511230469,0.0,,-145779.3955078125,-19.751711928024704,,
2024-12-31,86497810.54143381,87934618.15193129,-485038.82601070404,1921846.4365081787,PGEL.NS,Held,1600,444.5,2024-07-31,980.5999755859375,1568959.9609375,857759.9609375,120.60741857951349,,,6096.717363357544,15559295.550981522
2024-12-31,86497810.54143381,87934618.15193129,-485038.82601070404,1921846.4365081787,WEBELSOLAR.NS,Held,7579,94.83000183105469,2024-08-31,165.68499755859375,1255726.596496582,537010.0126190186,74.71791032311849,,,6096.717363357544,15559295.550981522
2024-12-31,86497810.54143381,87934618.15193129,-485038.82601070404,1921846.4365081787,WOCKPHARMA.NS,Held,545,1208.3499755859375,2024-10-31,1416.8499755859375,772183.2366943359,113632.5,17.254934763324414,,,6096.717363357544,15559295.550981522
2024-12-31,86497810.54143381,87934618.15193129,-485038.82601070404,1921846.4365081787,SKYGOLD.NS,Held,1964,335.8500061035156,2024-10-31,391.6000061035156,769102.4119873047,109493.0,16.599672171158677,,,6096.717363357544,15559295.550981522
2024-12-31,86497810.54143381,87934618.15193129,-485038.82601070404,1921846.4365081787,KITEX.NS,Held,3388,194.6999969482422,2024-10-31,222.39999389648438,753491.1793212891,93847.58966064453,14.22701457751218,,,6096.717363357544,15559295.550981522
2024-12-31,86497810.54143381,87934618.15193129,-485038.82601070404,1921846.4365081787,DIXON.NS,Held,46,15807.400390625,2024-11-30,17936.30078125,825069.8359375,97929.41796875,13.46774509417501,,,6096.717363357544,15559295.550981522
2024-12-31,86497810.54143381,87934618.15193129,-485038.82601070404,1921846.4365081787,WINDMACHIN.NS,Held,2154,342.6400146484375,2024-11-30,356.25,767362.5,29315.908447265625,3.9720945510485386,,,6096.717363357544,15559295.550981522
2024-12-31,86497810.54143381,87934618.15193129,-485038.82601070404,1921846.4365081787,COFORGE.NS,Held,424,1737.1700439453125,2024-11-30,1932.5899658203125,819418.1455078125,82858.046875,11.249326026321462,,,6096.717363357544,15559295.550981522
2024-12-31,86497810.54143381,87934618.15193129,-485038.82601070404,1921846.4365081787,KERNEX.NS,Held,497,1345.800048828125,2024-12-31,1345.800048828125,668862.6242675781,0.0,0.0,,,6096.717363357544,15559295.550981522
2024-12-31,86497810.54143381,87934618.15193129,-485038.82601070404,1921846.4365081787,SHAKTIPUMP.NS,Held,626,1067.5999755859375,2024-12-31,1067.5999755859375,668317.5847167969,0.0,0.0,,,6096.717363357544,15559295.550981522
2024-12-31,86497810.54143381,87934618.15193129,-485038.82601070404,1921846.4365081787,CARTRADE.NS,Held,450,1485.699951171875,2024-12-31,1485.699951171875,668564.9780273438,0.0,0.0,,,6096.717363357544,15559295.550981522
2024-12-31,86497810.54143381,87934618.15193129,-485038.82601070404,1921846.4365081787,JSLL.NS,Held,314,2130.25,2024-12-31,2130.25,668898.5,0.0,0.0,,,6096.717363357544,15559295.550981522
2024-12-31,86497810.54143381,87934618.15193129,-485038.82601070404,1921846.4365081787,SHAILY.NS,Held,464,1439.5999755859375,2024-12-31,1439.5999755859375,667974.388671875,0.0,0.0,,,6096.717363357544,15559295.550981522
2024-12-31,86497810.54143381,87934618.15193129,-485038.82601070404,1921846.4365081787,VIMTALABS.NS,Held,1345,497.07501220703125,2024-12-31,497.07501220703125,668565.891418457,0.0,0.0,,,6096.717363357544,15559295.550981522
2024-12-31,86497810.54143381,87934618.15193129,-485038.82601070404,1921846.4365081787,PGIL.NS,Held,903,740.4749755859375,2024-12-31,740.4749755859375,668648.9029541016,0.0,0.0,,,6096.717363357544,15559295.550981522
2024-12-31,86497810.54143381,87934618.15193129,-485038.82601070404,1921846.4365081787,LLOYDSME.NS,Held,543,1231.8499755859375,2024-12-31,1231.8499755859375,668894.5367431641,0.0,0.0,,,6096.717363357544,15559295.550981522
2024-12-31,86497810.54143381,87934618.15193129,-485038.82601070404,1921846.4365081787,GVT&D.NS,Held,322,2075.89990234375,2024-12-31,2075.89990234375,668439.7685546875,0.0,0.0,,,6096.717363357544,15559295.550981522
2024-12-31,86497810.54143381,87934618.15193129,-485038.82601070404,1921846.4365081787,ZENTEC.NS,Held,273,2445.64990234375,2024-12-31,2445.64990234375,667662.4233398438,0.0,0.0,,,6096.717363357544,15559295.550981522
2024-12-31,86497810.54143381,87934618.15193129,-485038.82601070404,1921846.4365081787,KFINTECH.NS,Held,435,1537.25,2024-12-31,1537.25,668703.75,0.0,0.0,,,6096.717363357544,15559295.550981522
2024-12-31,86497810.54143381,87934618.15193129,-485038.82601070404,1921846.4365081787,63MOONS.NS,Held,739,904.4000244140625,2024-12-31,904.4000244140625,668351.6180419922,0.0,0.0,,,6096.717363357544,15559295.550981522
2025-01-31,,,,,COFORGE.NS,Sold,424,1737.1700439453125,2024-11-30,1652.77001953125,700774.48828125,0.0,,-35785.6103515625,-4.858478000367791,,
2025-01-31,,,,,GVT&D.NS,Sold,322,2075.89990234375,2024-12-31,1787.5,575575.0,0.0,,-92864.7685546875,-13.892765350493939,,
2025-01-31,,,,,KERNEX.NS,Sold,497,1345.800048828125,2024-12-31,1300.699951171875,646447.8757324219,0.0,,-22414.74853515625,-3.351173727146285,,
2025-01-31,,,,,SHAKTIPUMP.NS,Sold,626,1067.5999755859375,2024-12-31,941.5999755859375,589441.5847167969,0.0,,-78876.0,-11.802173368432932,,
2025-01-31,,,,,WEBELSOLAR.NS,Sold,7579,94.83000183105469,2024-08-31,134.69000244140625,1020815.528503418,0.0,,302098.9446258545,42.03311171644237,,
2025-01-31,,,,,JSLL.NS,Sold,314,2130.25,2024-12-31,1825.800048828125,573301.2153320312,0.0,,-95597.28466796875,-14.29174750249384,,
2025-01-31,,,,,SKYGOLD.NS,Sold,1964,335.8500061035156,2024-10-31,336.8500061035156,661573.4119873047,0.0,,1964.0,0.2977519671956713,,
2025-01-31,,,,,WINDMACHIN.NS,Sold,2154,342.6400146484375,2024-11-30,305.75,658585.5,0.0,,-79461.09155273438,-10.766405869521149,,
2025-01-31,,,,,PGEL.NS,Sold,1600,444.5,2024-07-31,782.5,1252000.0,0.0,,540800.0,76.04049493813272,,
2025-01-31,,,,,KITEX.NS,Sold,3388,194.6999969482422,2024-10-31,192.1999969482422,651173.5896606445,0.0,,-8470.0,-1.2840267278815543,,
2025-01-31,,,,,ZENTEC.NS,Sold,273,2445.64990234375,2024-12-31,1741.0999755859375,475320.29333496094,0.0,,-192342.1300048828,-28.80829042957531,,
2025-01-31,,,,,KFINTECH.NS,Sold,435,1537.25,2024-12-31,1090.25,474258.75,0.0,,-194445.0,-29.077898845340705,,
2025-01-31,,,,,63MOONS.NS,Sold,739,904.4000244140625,2024-12-31,752.75,556282.25,0.0,,-112069.36804199219,-16.76802524550048,,
2025-01-31,87934618.15193129,87943883.25964308,-67463.05708312988,76728.16479492188,WOCKPHARMA.NS,Held,545,1208.3499755859375,2024-10-31,1416.9000244140625,772210.5133056641,113659.77661132812,17.259076678261,,,3993.8998584747314,13646714.222185135
2025-01-31,87934618.15193129,87943883.25964308,-67463.05708312988,76728.16479492188,DIXON.NS,Held,46,15807.400390625,2024-11-30,14985.9501953125,689353.708984375,-37786.708984375,-5.1966178815821165,,,3993.8998584747314,13646714.222185135
2025-01-31,87934618.15193129,87943883.25964308,-67463.05708312988,76728.16479492188,CARTRADE.NS,Held,450,1485.699951171875,2024-12-31,1651.4000244140625,743130.0109863281,74565.03295898438,11.152997152048655,,,3993.8998584747314,13646714.222185135
2025-01-31,87934618.15193129,87943883.25964308,-67463.05708312988,76728.16479492188,SHAILY.NS,Held,464,1439.5999755859375,2024-12-31,1537.8499755859375,713562.388671875,45588.0,6.8248125636436505,,,3993.8998584747314,13646714.222185135
2025-01-31,87934618.15193129,87943883.25964308,-67463.05708312988,76728.16479492188,VIMTALABS.NS,Held,1345,497.07501220703125,2024-12-31,427.92498779296875,575559.108581543,-93006.78283691406,-13.91138615216924,,,3993.8998584747314,13646714.222185135
2025-01-31,87934618.15193129,87943883.25964308,-67463.05708312988,76728.16479492188,PGIL.NS,Held,903,740.4749755859375,2024-12-31,707.0,638421.0,-30227.902954101562,-4.520743669892256,,,3993.8998584747314,13646714.222185135
2025-01-31,87934618.15193129,87943883.25964308,-67463.05708312988,76728.16479492188,LLOYDSME.NS,Held,543,1231.8499755859375,2024-12-31,1239.0999755859375,672831.2867431641,3936.75,0.5885456949862332,,,3993.8998584747314,13646714.222185135
2025-01-31,87934618.15193129,87943883.25964308,-67463.05708312988,76728.16479492188,V2RETAIL.NS,Held,3660,185.80499267578125,2025-01-31,185.80499267578125,680046.2731933594,0.0,0.0,,,3993.8998584747314,13646714.222185135
2025-01-31,87934618.15193129,87943883.25964308,-67463.05708312988,76728.16479492188,INNOVACAP.NS,Held,676,1004.8499755859375,2025-01-31,1004.8499755859375,679278.5834960938,0.0,0.0,,,3993.8998584747314,13646714.222185135
2025-01-31,87934618.15193129,87943883.25964308,-67463.05708312988,76728.16479492188,MUTHOOTFIN.NS,Held,301,2258.800048828125,2025-01-31,2258.800048828125,679898.8146972656,0.0,0.0,,,3993.8998584747314,13646714.222185135
2025-01-31,87934618.15193129,87943883.25964308,-67463.05708312988,76728.16479492188,GREAVESCOT.NS,Held,2557,265.95001220703125,2025-01-31,265.95001220703125,680034.1812133789,0.0,0.0,,,3993.8998584747314,13646714.222185135
2025-01-31,87934618.15193129,87943883.25964308,-67463.05708312988,76728.16479492188,VLEGOV.NS,Held,4572,148.75,2025-01-31,148.75,680085.0,0.0,0.0,,,3993.8998584747314,13646714.222185135
2025-01-31,87934618.15193129,87943883.25964308,-67463.05708312988,76728.16479492188,SARDAEN.NS,Held,1437,473.20001220703125,2025-01-31,473.20001220703125,679988.4175415039,0.0,0.0,,,3993.8998584747314,13646714.222185135
2025-01-31,87934618.15193129,87943883.25964308,-67463.05708312988,76728.16479492188,BLUEJET.NS,Held,906,750.4500122070312,2025-01-31,750.4500122070312,679907.7110595703,0.0,0.0,,,3993.8998584747314,13646714.222185135
2025-01-31,87934618.15193129,87943883.25964308,-67463.05708312988,76728.16479492188,BAJAJHCARE.NS,Held,1065,638.5,2025-01-31,638.5,680002.5,0.0,0.0,,,3993.8998584747314,13646714.222185135
2025-01-31,87934618.15193129,87943883.25964308,-67463.05708312988,76728.16479492188,HCG.NS,Held,1328,511.79998779296875,2025-01-31,511.79998779296875,679670.3837890625,0.0,0.0,,,3993.8998584747314,13646714.222185135
2025-01-31,87934618.15193129,87943883.25964308,-67463.05708312988,76728.16479492188,POKARNA.NS,Held,522,1302.3499755859375,2025-01-31,1302.3499755859375,679826.6872558594,0.0,0.0,,,3993.8998584747314,13646714.222185135
2025-01-31,87934618.15193129,87943883.25964308,-67463.05708312988,76728.16479492188,BSE.NS,Held,384,1768.6500244140625,2025-01-31,1768.6500244140625,679161.609375,0.0,0.0,,,3993.8998584747314,13646714.222185135
2025-01-31,87934618.15193129,87943883.25964308,-67463.05708312988,76728.16479492188,DEEPINDS.NS,Held,1209,562.4000244140625,2025-01-31,562.4000244140625,679941.6295166016,0.0,0.0,,,3993.8998584747314,13646714.222185135
2025-01-31,87934618.15193129,87943883.25964308,-67463.05708312988,76728.16479492188,ACUTAAS.NS,Held,570,1192.6500244140625,2025-01-31,1192.6500244140625,679810.5139160156,0.0,0.0,,,3993.8998584747314,13646714.222185135
2025-02-28,,,,,INNOVACAP.NS,Sold,676,1004.8499755859375,2025-01-31,725.9000244140625,490708.41650390625,0.0,,-188570.1669921875,-27.760358058347627,,
2025-02-28,,,,,DIXON.NS,Sold,46,15807.400390625,2024-11-30,13935.849609375,641049.08203125,0.0,,-86091.3359375,-11.839712634595964,,
2025-02-28,,,,,WOCKPHARMA.NS,Sold,545,1208.3499755859375,2024-10-31,1155.5,629747.5,0.0,,-28803.236694335938,-4.373730844022252,,
2025-02-28,,,,,GREAVESCOT.NS,Sold,2557,265.95001220703125,2025-01-31,228.64999389648438,584658.0343933105,0.0,,-95376.14682006836,-14.025198946601414,,
2025-02-28,,,,,VLEGOV.NS,Sold,4572,148.75,2025-01-31,54.97999954223633,251368.5579071045,0.0,,-428716.4420928955,-63.03865576992516,,
2025-02-28,,,,,SARDAEN.NS,Sold,1437,473.20001220703125,2025-01-31,453.54998779296875,651751.3324584961,0.0,,-28237.085083007812,-4.152583243270365,,
2025-02-28,,,,,POKARNA.NS,Sold,522,1302.3499755859375,2025-01-31,1104.25,576418.5,0.0,,-103408.18725585938,-15.210963204941189,,
2025-02-28,,,,,VIMTALABS.NS,Sold,1345,497.07501220703125,2024-12-31,432.70001220703125,581981.516418457,0.0,,-86584.375,-12.950761639409844,,
2025-02-28,,,,,LLOYDSME.NS,Sold,543,1231.8499755859375,2024-12-31,1021.0999755859375,554457.2867431641,0.0,,-114437.25,-17.108414512875676,,
2025-02-28,,,,,DEEPINDS.NS,Sold,1209,562.4000244140625,2025-01-31,433.70001220703125,524343.3147583008,0.0,,-155598.31475830078,-22.884069455921093,,
2025-02-28,87943883.25964308,86284743.59809828,-1315822.5406341553,-343317.12091064453,CARTRADE.NS,Held,450,1485.699951171875,2024-12-31,1528.550048828125,687847.5219726562,19282.5439453125,2.8841690155842805,,,9309.499467849731,11910846.395845413
2025-02-28,87943883.25964308,86284743.59809828,-1315822.5406341553,-343317.12091064453,SHAILY.NS,Held,464,1439.5999755859375,2024-12-31,1518.5999755859375,704630.388671875,36656.0,5.487635547357236,,,9309.499467849731,11910846.395845413
2025-02-28,87943883.25964308,86284743.59809828,-1315822.5406341553,-343317.12091064453,PGIL.NS,Held,903,740.4749755859375,2024-12-31,671.0250244140625,605935.5970458984,-62713.305908203125,-9.379108472493522,,,9309.499467849731,11910846.395845413
2025-02-28,87943883.25964308,86284743.59809828,-1315822.5406341553,-343317.12091064453,V2RETAIL.NS,Held,3660,185.80499267578125,2025-01-31,157.5850067138672,576761.1245727539,-103285.14862060547,-15.187958921618577,,,9309.499467849731,11910846.395845413
2025-02-28,87943883.25964308,86284743.59809828,-1315822.5406341553,-343317.12091064453,MUTHOOTFIN.NS,Held,301,2258.800048828125,2025-01-31,2132.800048828125,641972.8146972656,-37926.0,-5.578182985491316,,,9309.499467849731,11910846.395845413
2025-02-28,87943883.25964308,86284743.59809828,-1315822.5406341553,-343317.12091064453,BLUEJET.NS,Held,906,750.4500122070312,2025-01-31,754.0,683124.0,3216.2889404296875,0.4730478693082349,,,9309.499467849731,11910846.395845413
2025-02-28,87943883.25964308,86284743.59809828,-1315822.5406341553,-343317.12091064453,BAJAJHCARE.NS,Held,1065,638.5,2025-01-31,603.5,642727.5,-37275.0,-5.48159749412686,,,9309.499467849731,11910846.395845413
2025-02-28,87943883.25964308,86284743.59809828,-1315822.5406341553,-343317.12091064453,HCG.NS,Held,1328,511.79998779296875,2025-01-31,501.6499938964844,666191.1918945312,-13479.19189453125,-1.9831954158995035,,,9309.499467849731,11910846.395845413
2025-02-28,87943883.25964308,86284743.59809828,-1315822.5406341553,-343317.12091064453,BSE.NS,Held,384,1768.6500244140625,2025-01-31,1544.566650390625,593113.59375,-86048.015625,-12.669740815324628,,,9309.499467849731,11910846.395845413
2025-02-28,87943883.25964308,86284743.59809828,-1315822.5406341553,-343317.12091064453,ACUTAAS.NS,Held,570,1192.6500244140625,2025-01-31,1084.324951171875,618065.2221679688,-61745.291748046875,-9.082720917681327,,,9309.499467849731,11910846.395845413
2025-02-28,87943883.25964308,86284743.59809828,-1315822.5406341553,-343317.12091064453,BAJFINANCE.NS,Held,643,853.030029296875,2025-02-28,853.030029296875,548498.3088378906,0.0,0.0,,,9309.499467849731,11910846.395845413
2025-02-28,87943883.25964308,86284743.59809828,-1315822.5406341553,-343317.12091064453,CAMLINFINE.NS,Held,3844,142.80999755859375,2025-02-28,142.80999755859375,548961.6306152344,0.0,0.0,,,9309.499467849731,11910846.395845413
2025-02-28,87943883.25964308,86284743.59809828,-1315822.5406341553,-343317.12091064453,BAJAJHLDNG.NS,Held,47,11574.349609375,2025-02-28,11574.349609375,543994.431640625,0.0,0.0,,,9309.499467849731,11910846.395845413
2025-02-28,87943883.25964308,86284743.59809828,-1315822.5406341553,-343317.12091064453,BLUESTARCO.NS,Held,286,1917.6500244140625,2025-02-28,1917.6500244140625,548447.9069824219,0.0,0.0,,,9309.499467849731,11910846.395845413
2025-02-28,87943883.25964308,86284743.59809828,-1315822.5406341553,-343317.12091064453,SRF.NS,Held,196,2795.39990234375,2025-02-28,2795.39990234375,547898.380859375,0.0,0.0,,,9309.499467849731,11910846.395845413
2025-02-28,87943883.25964308,86284743.59809828,-1315822.5406341553,-343317.12091064453,JINDWORLD.NS,Held,6639,82.69999694824219,2025-02-28,82.69999694824219,549045.2797393799,0.0,0.0,,,9309.499467849731,11910846.395845413
2025-02-28,87943883.25964308,86284743.59809828,-1315822.5406341553,-343317.12091064453,PGEL.NS,Held,690,794.7999877929688,2025-02-28,794.7999877929688,548411.9915771484,0.0,0.0,,,9309.499467849731,11910846.395845413
2025-02-28,87943883.25964308,86284743.59809828,-1315822.5406341553,-343317.12091064453,FSL.NS,Held,1586,346.0,2025-02-28,346.0,548756.0,0.0,0.0,,,9309.499467849731,11910846.395845413
2025-02-28,87943883.25964308,86284743.59809828,-1315822.5406341553,-343317.12091064453,AVANTIFEED.NS,Held,792,692.6500244140625,2025-02-28,692.6500244140625,548578.8193359375,0.0,0.0,,,9309.499467849731,11910846.395845413
2025-02-28,87943883.25964308,86284743.59809828,-1315822.5406341553,-343317.12091064453,SBICARD.NS,Held,654,838.7999877929688,2025-02-28,838.7999877929688,548575.1920166016,0.0,0.0,,,9309.499467849731,11910846.395845413
2025-03-31,,,,,BAJAJHLDNG.NS,Sold,47,11574.349609375,2025-02-28,12473.0498046875,586233.3408203125,0.0,,42238.9091796875,7.764584841852108,,
2025-03-31,,,,,BLUESTARCO.NS,Sold,286,1917.6500244140625,2025-02-28,2136.39990234375,611010.3720703125,0.0,,62562.465087890625,11.407184582417559,,
2025-03-31,,,,,SRF.NS,Sold,196,2795.39990234375,2025-02-28,2939.14990234375,576073.380859375,0.0,,28175.0,5.142376941470004,,
2025-03-31,,,,,PGIL.NS,Sold,903,740.4749755859375,2024-12-31,659.125,595189.875,0.0,,-73459.02795410156,-10.986188361269779,,
2025-03-31,,,,,V2RETAIL.NS,Sold,3660,185.80499267578125,2025-01-31,171.85499572753906,628989.284362793,0.0,,-51056.988830566406,-7.5078698087430356,,
2025-03-31,,,,,JINDWORLD.NS,Sold,6639,82.69999694824219,2025-02-28,71.37000274658203,473825.4482345581,0.0,,-75219.83150482178,-13.70011441324603,,
2025-03-31,,,,,BSE.NS,Sold,384,1768.6500244140625,2025-01-31,1826.5999755859375,701414.390625,0.0,,22252.78125,3.276507526754666,,
2025-03-31,,,,,FSL.NS,Sold,1586,346.0,2025-02-28,340.25,539636.5,0.0,,-9119.5,-1.6618497109826589,,
2025-03-31,,,,,PGEL.NS,Sold,690,794.7999877929688,2025-02-28,916.5999755859375,632453.9831542969,0.0,,84041.99157714844,15.324608664273844,,
2025-03-31,86284743.59809828,87140997.28441572,30415.798805236816,825837.887512207,CARTRADE.NS,Held,450,1485.699951171875,2024-12-31,1644.949951171875,740227.4780273438,71662.5,10.718853418174271,,,39207.56324195862,13110417.203073502
2025-03-31,86284743.59809828,87140997.28441572,30415.798805236816,825837.887512207,SHAILY.NS,Held,464,1439.5999755859375,2024-12-31,1827.3499755859375,847890.388671875,179916.0,26.93456561376922,,,39207.56324195862,13110417.203073502
2025-03-31,86284743.59809828,87140997.28441572,30415.798805236816,825837.887512207,MUTHOOTFIN.NS,Held,301,2258.800048828125,2025-01-31,2382.89990234375,717252.8706054688,37354.055908203125,5.494061042720825,,,39207.56324195862,13110417.203073502
2025-03-31,86284743.59809828,87140997.28441572,30415.798805236816,825837.887512207,BLUEJET.NS,Held,906,750.4500122070312,2025-01-31,884.8499755859375,801674.0778808594,121766.36682128906,17.909249276130133,,,39207.56324195862,13110417.203073502
2025-03-31,86284743.59809828,87140997.28441572,30415.798805236816,825837.887512207,BAJAJHCARE.NS,Held,1065,638.5,2025-01-31,670.25,713816.25,33813.75,4.972592012529366,,,39207.56324195862,13110417.203073502
2025-03-31,86284743.59809828,87140997.28441572,30415.798805236816,825837.887512207,HCG.NS,Held,1328,511.79998779296875,2025-01-31,542.0999755859375,719908.767578125,40238.3837890625,5.920279115994348,,,39207.56324195862,13110417.203073502
2025-03-31,86284743.59809828,87140997.28441572,30415.798805236816,825837.887512207,ACUTAAS.NS,Held,570,1192.6500244140625,2025-01-31,1220.4000244140625,695628.0139160156,15817.5,2.3267513044015833,,,39207.56324195862,13110417.203073502
2025-03-31,86284743.59809828,87140997.28441572,30415.798805236816,825837.887512207,BAJFINANCE.NS,Held,643,853.030029296875,2025-02-28,894.5599975585938,575202.0784301758,26703.769592285156,4.868523596519873,,,39207.56324195862,13110417.203073502
2025-03-31,86284743.59809828,87140997.28441572,30415.798805236816,825837.887512207,CAMLINFINE.NS,Held,3844,142.80999755859375,2025-02-28,167.75,644831.0,95869.36938476562,17.46376504990386,,,39207.56324195862,13110417.203073502
2025-03-31,86284743.59809828,87140997.28441572,30415.798805236816,825837.887512207,AVANTIFEED.NS,Held,792,692.6500244140625,2025-02-28,913.6500244140625,723610.8193359375,175032.0,31.906445132511447,,,39207.56324195862,13110417.203073502
2025-03-31,86284743.59809828,87140997.28441572,30415.798805236816,825837.887512207,SBICARD.NS,Held,654,838.7999877929688,2025-02-28,881.0999755859375,576239.3840332031,27664.192016601562,5.0429170730280415,,,39207.56324195862,13110417.203073502
2025-03-31,86284743.59809828,87140997.28441572,30415.798805236816,825837.887512207,KOTAKBANK.NS,Held,1369,434.239990234375,2025-03-31,434.239990234375,594474.5466308594,0.0,0.0,,,39207.56324195862,13110417.203073502
2025-03-31,86284743.59809828,87140997.28441572,30415.798805236816,825837.887512207,JSWHL.NS,Held,25,22985.849609375,2025-03-31,22985.849609375,574646.240234375,0.0,0.0,,,39207.56324195862,13110417.203073502
2025-03-31,86284743.59809828,87140997.28441572,30415.798805236816,825837.887512207,NAVINFLUOR.NS,Held,141,4210.85009765625,2025-03-31,4210.85009765625,593729.8637695312,0.0,0.0,,,39207.56324195862,13110417.203073502
2025-03-31,86284743.59809828,87140997.28441572,30415.798805236816,825837.887512207,NACLIND.NS,Held,5844,101.77999877929688,2025-03-31,101.77999877929688,594802.3128662109,0.0,0.0,,,39207.56324195862,13110417.203073502
2025-03-31,86284743.59809828,87140997.28441572,30415.798805236816,825837.887512207,TCPLPACK.NS,Held,130,4565.35009765625,2025-03-31,4565.35009765625,593495.5126953125,0.0,0.0,,,39207.56324195862,13110417.203073502
2025-03-31,86284743.59809828,87140997.28441572,30415.798805236816,825837.887512207,SHREECEM.NS,Held,19,30502.94921875,2025-03-31,30502.94921875,579556.03515625,0.0,0.0,,,39207.56324195862,13110417.203073502
2025-03-31,86284743.59809828,87140997.28441572,30415.798805236816,825837.887512207,VIMTALABS.NS,Held,1184,502.25,2025-03-31,502.25,594664.0,0.0,0.0,,,39207.56324195862,13110417.203073502
2025-03-31,86284743.59809828,87140997.28441572,30415.798805236816,825837.887512207,LLOYDSME.NS,Held,462,1287.25,2025-03-31,1287.25,594709.5,0.0,0.0,,,39207.56324195862,13110417.203073502
2025-03-31,86284743.59809828,87140997.28441572,30415.798805236816,825837.887512207,CHAMBLFERT.NS,Held,951,625.5,2025-03-31,625.5,594850.5,0.0,0.0,,,39207.56324195862,13110417.203073502
2025-04-30,,,,,MUTHOOTFIN.NS,Sold,301,2258.800048828125,2025-01-31,2169.89990234375,653139.8706054688,0.0,,-26758.944091796875,-3.935724480371637,,
2025-04-30,,,,,BAJFINANCE.NS,Sold,643,853.030029296875,2025-02-28,863.4500122070312,555198.3578491211,0.0,,6700.049011230469,1.2215259196379176,,
2025-04-30,,,,,CAMLINFINE.NS,Sold,3844,142.80999755859375,2025-02-28,162.66000366210938,625265.0540771484,0.0,,76303.42346191406,13.899591375156584,,
2025-04-30,,,,,SBICARD.NS,Sold,654,838.7999877929688,2025-02-28,873.5499877929688,571301.6920166016,0.0,,22726.5,4.142823140881702,,
2025-04-30,,,,,ACUTAAS.NS,Sold,570,1192.6500244140625,2025-01-31,1130.5999755859375,644441.9860839844,0.0,,-35368.52783203125,-5.2027038576224065,,
2025-04-30,,,,,BLUEJET.NS,Sold,906,750.4500122070312,2025-01-31,711.1500244140625,644301.9221191406,0.0,,-35605.78894042969,-5.23685617345647,,
2025-04-30,,,,,TCPLPACK.NS,Sold,130,4565.35009765625,2025-03-31,3622.60009765625,470938.0126953125,0.0,,-122557.5,-20.6501140073351,,
2025-04-30,,,,,BAJAJHCARE.NS,Sold,1065,638.5,2025-01-31,521.0999755859375,554971.4739990234,0.0,,-125031.02600097656,-18.38684798967306,,
2025-04-30,,,,,LLOYDSME.NS,Sold,462,1287.25,2025-03-31,1203.199951171875,555878.3774414062,0.0,,-38831.12255859375,-6.529426982181007,,
2025-04-30,87140997.28441572,87823507.82085371,-278422.9369506836,960933.4733886719,CARTRADE.NS,Held,450,1485.699951171875,2024-12-31,1704.300048828125,766935.0219726562,98370.0439453125,14.713610072062322,,,6174.721956253052,12967089.851999283
2025-04-30,87140997.28441572,87823507.82085371,-278422.9369506836,960933.4733886719,SHAILY.NS,Held,464,1439.5999755859375,2024-12-31,1530.0,709920.0,41945.611328125,6.279523891855334,,,6174.721956253052,12967089.851999283
2025-04-30,87140997.28441572,87823507.82085371,-278422.9369506836,960933.4733886719,HCG.NS,Held,1328,511.79998779296875,2025-01-31,562.4500122070312,746933.6162109375,67263.232421875,9.89644892968447,,,6174.721956253052,12967089.851999283
2025-04-30,87140997.28441572,87823507.82085371,-278422.9369506836,960933.4733886719,AVANTIFEED.NS,Held,792,692.6500244140625,2025-02-28,874.0499877929688,692247.5903320312,143668.77099609375,26.18926687144189,,,6174.721956253052,12967089.851999283
2025-04-30,87140997.28441572,87823507.82085371,-278422.9369506836,960933.4733886719,KOTAKBANK.NS,Held,1369,434.239990234375,2025-03-31,441.6199951171875,604577.7733154297,10103.226684570312,1.6995221648815082,,,6174.721956253052,12967089.851999283
2025-04-30,87140997.28441572,87823507.82085371,-278422.9369506836,960933.4733886719,JSWHL.NS,Held,25,22985.849609375,2025-03-31,23280.0,582000.0,7353.759765625,1.2797020585440007,,,6174.721956253052,12967089.851999283
2025-04-30,87140997.28441572,87823507.82085371,-278422.9369506836,960933.4733886719,NAVINFLUOR.NS,Held,141,4210.85009765625,2025-03-31,4521.60009765625,637545.6137695312,43815.75,7.379745010941206,,,6174.721956253052,12967089.851999283
2025-04-30,87140997.28441572,87823507.82085371,-278422.9369506836,960933.4733886719,NACLIND.NS,Held,5844,101.77999877929688,2025-03-31,187.83999633789062,1097736.9385986328,502934.6257324219,84.55492099701151,,,6174.721956253052,12967089.851999283
2025-04-30,87140997.28441572,87823507.82085371,-278422.9369506836,960933.4733886719,SHREECEM.NS,Held,19,30502.94921875,2025-03-31,29710.0,564490.0,-15066.03515625,-2.5995821356925655,,,6174.721956253052,12967089.851999283
2025-04-30,87140997.28441572,87823507.82085371,-278422.9369506836,960933.4733886719,VIMTALABS.NS,Held,1184,502.25,2025-03-31,499.45001220703125,591348.814453125,-3315.185546875,-0.5574888587294674,,,6174.721956253052,12967089.851999283
2025-04-30,87140997.28441572,87823507.82085371,-278422.9369506836,960933.4733886719,CHAMBLFERT.NS,Held,951,625.5,2025-03-31,692.6500244140625,658710.1732177734,63859.67321777344,10.735415573790966,,,6174.721956253052,12967089.851999283
2025-04-30,87140997.28441572,87823507.82085371,-278422.9369506836,960933.4733886719,VADILALIND.NS,Held,93,6325.7998046875,2025-04-30,6325.7998046875,588299.3818359375,0.0,0.0,,,6174.721956253052,12967089.851999283
2025-04-30,87140997.28441572,87823507.82085371,-278422.9369506836,960933.4733886719,ICICIBANK.NS,Held,413,1427.0,2025-04-30,1427.0,589351.0,0.0,0.0,,,6174.721956253052,12967089.851999283
2025-04-30,87140997.28441572,87823507.82085371,-278422.9369506836,960933.4733886719,ASTRAZEN.NS,Held,68,8681.0,2025-04-30,8681.0,590308.0,0.0,0.0,,,6174.721956253052,12967089.851999283
2025-04-30,87140997.28441572,87823507.82085371,-278422.9369506836,960933.4733886719,INDIASHLTR.NS,Held,681,866.75,2025-04-30,866.75,590256.75,0.0,0.0,,,6174.721956253052,12967089.851999283
2025-04-30,87140997.28441572,87823507.82085371,-278422.9369506836,960933.4733886719,COROMANDEL.NS,Held,266,2214.199951171875,2025-04-30,2214.199951171875,588977.1870117188,0.0,0.0,,,6174.721956253052,12967089.851999283
2025-04-30,87140997.28441572,87823507.82085371,-278422.9369506836,960933.4733886719,MAZDOCK.NS,Held,193,3057.60009765625,2025-04-30,3057.60009765625,590116.8188476562,0.0,0.0,,,6174.721956253052,12967089.851999283
2025-04-30,87140997.28441572,87823507.82085371,-278422.9369506836,960933.4733886719,GRMOVER.NS,Held,5611,105.23332977294922,2025-04-30,105.23332977294922,590464.2133560181,0.0,0.0,,,6174.721956253052,12967089.851999283
2025-04-30,87140997.28441572,87823507.82085371,-278422.9369506836,960933.4733886719,UPL.NS,Held,881,669.9000244140625,2025-04-30,669.9000244140625,590181.9215087891,0.0,0.0,,,6174.721956253052,12967089.851999283
2025-04-30,87140997.28441572,87823507.82085371,-278422.9369506836,960933.4733886719,MANAPPURAM.NS,Held,2558,230.85000610351562,2025-04-30,230.85000610351562,590514.315612793,0.0,0.0,,,6174.721956253052,12967089.851999283
2025-05-31,,,,,KOTAKBANK.NS,Sold,1369,434.239990234375,2025-03-31,414.94000244140625,568052.8633422852,0.0,,-26421.68328857422,-4.444544083227307,,
2025-05-31,,,,,CARTRADE.NS,Sold,450,1485.699951171875,2024-12-31,1553.0,698850.0,0.0,,30285.02197265625,4.529854683985199,,
2025-05-31,,,,,ICICIBANK.NS,Sold,413,1427.0,2025-04-30,1445.800048828125,597115.4201660156,0.0,,7764.420166015625,1.3174526158461808,,
2025-05-31,,,,,ASTRAZEN.NS,Sold,68,8681.0,2025-04-30,7972.0,542096.0,0.0,,-48212.0,-8.167261836193987,,
2025-05-31,,,,,NAVINFLUOR.NS,Sold,141,4210.85009765625,2025-03-31,4261.2001953125,600829.2275390625,0.0,,7099.36376953125,1.1957228704074447,,
2025-05-31,,,,,INDIASHLTR.NS,Sold,681,866.75,2025-04-30,873.3499755859375,594751.3333740234,0.0,,4494.5833740234375,0.7614624269901933,,
2025-05-31,,,,,HCG.NS,Sold,1328,511.79998779296875,2025-01-31,542.4000244140625,720307.232421875,0.0,,40636.8486328125,5.978905304990346,,
2025-05-31,,,,,GRMOVER.NS,Sold,5611,105.23332977294922,2025-04-30,100.3499984741211,563063.8414382935,0.0,,-27400.37191772461,-4.640479693424479,,
2025-05-31,,,,,UPL.NS,Sold,881,669.9000244140625,2025-04-30,627.9000244140625,553179.9215087891,0.0,,-37002.0,-6.269592247997885,,
2025-05-31,,,,,MANAPPURAM.NS,Sold,2558,230.85000610351562,2025-04-30,238.66000366210938,610492.2893676758,0.0,,19977.973754882812,3.383148084081775,,
2025-05-31,,,,,SHREECEM.NS,Sold,19,30502.94921875,2025-03-31,29595.0,562305.0,0.0,,-17251.03515625,-2.976594860512335,,
2025-05-31,,,,,VIMTALABS.NS,Sold,1184,502.25,2025-03-31,489.29998779296875,579331.185546875,0.0,,-15332.814453125,-2.5783996430126925,,
2025-05-31,,,,,AVANTIFEED.NS,Sold,792,692.6500244140625,2025-02-28,844.0,668448.0,0.0,,119869.1806640625,21.85085833411612,,
2025-05-31,,,,,CHAMBLFERT.NS,Sold,951,625.5,2025-03-31,551.0,524001.0,0.0,,-70849.5,-11.91047162270184,,
2025-05-31,,,,,JSWHL.NS,Sold,25,22985.849609375,2025-03-31,23035.0,575875.0,0.0,,1228.759765625,0.2138289054364714,,
2025-05-31,,,,,VADILALIND.NS,Sold,93,6325.7998046875,2025-04-30,5338.0,496434.0,0.0,,-91865.3818359375,-15.615413626519251,,
2025-05-31,,,,,NACLIND.NS,Sold,5844,101.77999877929688,2025-03-31,176.67999267578125,1032517.8771972656,0.0,,437715.5643310547,73.59009117194037,,
2025-05-31,87823507.82085371,88527244.54335737,334736.92977905273,368999.7927246094,SHAILY.NS,Held,464,1439.5999755859375,2024-12-31,2016.800048828125,935795.22265625,267820.833984375,40.09447645393707,,,31630.51407814026,12709893.101114273
2025-05-31,87823507.82085371,88527244.54335737,334736.92977905273,368999.7927246094,COROMANDEL.NS,Held,266,2214.199951171875,2025-04-30,2289.39990234375,608980.3740234375,20003.18701171875,3.3962583700751643,,,31630.51407814026,12709893.101114273
2025-05-31,87823507.82085371,88527244.54335737,334736.92977905273,368999.7927246094,MAZDOCK.NS,Held,193,3057.60009765625,2025-04-30,3478.199951171875,671292.5905761719,81175.77172851562,13.75588173999695,,,31630.51407814026,12709893.101114273
2025-05-31,87823507.82085371,88527244.54335737,334736.92977905273,368999.7927246094,PARADEEP.NS,Held,3583,172.27999877929688,2025-05-31,172.27999877929688,617279.2356262207,0.0,0.0,,,31630.51407814026,12709893.101114273
2025-05-31,87823507.82085371,88527244.54335737,334736.92977905273,368999.7927246094,PANACEABIO.NS,Held,1163,530.5,2025-05-31,530.5,616971.5,0.0,0.0,,,31630.51407814026,12709893.101114273
2025-05-31,87823507.82085371,88527244.54335737,334736.92977905273,368999.7927246094,MAHSCOOTER.NS,Held,46,13376.0,2025-05-31,13376.0,615296.0,0.0,0.0,,,31630.51407814026,12709893.101114273
2025-05-31,87823507.82085371,88527244.54335737,334736.92977905273,368999.7927246094,ANURAS.NS,Held,614,1004.75,2025-05-31,1004.75,616916.5,0.0,0.0,,,31630.51407814026,12709893.101114273
2025-05-31,87823507.82085371,88527244.54335737,334736.92977905273,368999.7927246094,ASTERDM.NS,Held,1103,559.2999877929688,2025-05-31,559.2999877929688,616907.8865356445,0.0,0.0,,,31630.51407814026,12709893.101114273
2025-05-31,87823507.82085371,88527244.54335737,334736.92977905273,368999.7927246094,INDIAGLYCO.NS,Held,652,946.25,2025-05-31,946.25,616955.0,0.0,0.0,,,31630.51407814026,12709893.101114273
2025-05-31,87823507.82085371,88527244.54335737,334736.92977905273,368999.7927246094,KRISHANA.NS,Held,8234,74.95999908447266,2025-05-31,74.95999908447266,617220.6324615479,0.0,0.0,,,31630.51407814026,12709893.101114273
2025-05-31,87823507.82085371,88527244.54335737,334736.92977905273,368999.7927246094,AXISCADES.NS,Held,592,1041.75,2025-05-31,1041.75,616716.0,0.0,0.0,,,31630.51407814026,12709893.101114273
2025-05-31,87823507.82085371,88527244.54335737,334736.92977905273,368999.7927246094,KITEX.NS,Held,2071,297.9599914550781,2025-05-31,297.9599914550781,617075.1423034668,0.0,0.0,,,31630.51407814026,12709893.101114273
2025-05-31,87823507.82085371,88527244.54335737,334736.92977905273,368999.7927246094,APOLLO.NS,Held,3267,188.9199981689453,2025-05-31,188.9199981689453,617201.6340179443,0.0,0.0,,,31630.51407814026,12709893.101114273
2025-05-31,87823507.82085371,88527244.54335737,334736.92977905273,368999.7927246094,SOLARINDS.NS,Held,38,16104.0,2025-05-31,16104.0,611952.0,0.0,0.0,,,31630.51407814026,12709893.101114273
2025-05-31,87823507.82085371,88527244.54335737,334736.92977905273,368999.7927246094,POWERINDIA.NS,Held,31,19298.0,2025-05-31,19298.0,598238.0,0.0,0.0,,,31630.51407814026,12709893.101114273
2025-05-31,87823507.82085371,88527244.54335737,334736.92977905273,368999.7927246094,CAMLINFINE.NS,Held,2656,232.39999389648438,2025-05-31,232.39999389648438,617254.3837890625,0.0,0.0,,,31630.51407814026,12709893.101114273
2025-05-31,87823507.82085371,88527244.54335737,334736.92977905273,368999.7927246094,BEL.NS,Held,1605,384.6000061035156,2025-05-31,384.6000061035156,617283.0097961426,0.0,0.0,,,31630.51407814026,12709893.101114273
2025-05-31,87823507.82085371,88527244.54335737,334736.92977905273,368999.7927246094,BSE.NS,Held,230,2674.0,2025-05-31,2674.0,615020.0,0.0,0.0,,,31630.51407814026,12709893.101114273
2025-05-31,87823507.82085371,88527244.54335737,334736.92977905273,368999.7927246094,AIIL.NS,Held,1297,475.8399963378906,2025-05-31,475.8399963378906,617164.4752502441,0.0,0.0,,,31630.51407814026,12709893.101114273
2025-05-31,87823507.82085371,88527244.54335737,334736.92977905273,368999.7927246094,BDL.NS,Held,306,2015.5,2025-05-31,2015.5,616743.0,0.0,0.0,,,31630.51407814026,12709893.101114273
2025-06-30,,,,,PARADEEP.NS,Sold,3583,172.27999877929688,2025-05-31,159.97999572753906,573208.3246917725,0.0,,-44070.91093444824,-7.1395421052417145,,
2025-06-30,,,,,MAHSCOOTER.NS,Sold,46,13376.0,2025-05-31,14498.0,666908.0,0.0,,51612.0,8.388157894736842,,
2025-06-30,,,,,COROMANDEL.NS,Sold,266,2214.199951171875,2025-04-30,2505.199951171875,666383.1870117188,0.0,,77406.0,13.142444513468035,,
2025-06-30,,,,,MAZDOCK.NS,Sold,193,3057.60009765625,2025-04-30,3244.300048828125,626149.9094238281,0.0,,36033.090576171875,6.1060944927031695,,
2025-06-30,,,,,SHAILY.NS,Sold,464,1439.5999755859375,2024-12-31,1663.5,771864.0,0.0,,103889.611328125,15.552933329478005,,
2025-06-30,,,,,KITEX.NS,Sold,2071,297.9599914550781,2025-05-31,281.3500061035156,582675.8626403809,0.0,,-34399.27966308594,-5.574569011916052,,
2025-06-30,,,,,APOLLO.NS,Sold,3267,188.9199981689453,2025-05-31,192.36000061035156,628440.1219940186,0.0,,11238.487976074219,1.8208778714522125,,
2025-06-30,,,,,POWERINDIA.NS,Sold,31,19298.0,2025-05-31,20007.0,620217.0,0.0,,21979.0,3.673955850347186,,
2025-06-30,,,,,BDL.NS,Sold,306,2015.5,2025-05-31,1943.199951171875,594619.1850585938,0.0,,-22123.81494140625,-3.5872016287831805,,
2025-06-30,,,,,PANACEABIO.NS,Sold,1163,530.5,2025-05-31,426.6000061035156,496135.8070983887,0.0,,-120835.69290161133,-19.58529573920535,,
2025-06-30,88527244.54335737,89672339.90874434,80728.49143981934,1064366.8739471436,ANURAS.NS,Held,614,1004.75,2025-05-31,1141.699951171875,701003.7700195312,84087.27001953125,13.630251422928588,,,9257.589853286743,13485988.673776627
2025-06-30,88527244.54335737,89672339.90874434,80728.49143981934,1064366.8739471436,ASTERDM.NS,Held,1103,559.2999877929688,2025-05-31,596.0499877929688,657443.1365356445,40535.25,6.5707135351491255,,,9257.589853286743,13485988.673776627
2025-06-30,88527244.54335737,89672339.90874434,80728.49143981934,1064366.8739471436,INDIAGLYCO.NS,Held,652,946.25,2025-05-31,1031.550048828125,672570.6318359375,55615.6318359375,9.01453620376486,,,9257.589853286743,13485988.673776627
2025-06-30,88527244.54335737,89672339.90874434,80728.49143981934,1064366.8739471436,KRISHANA.NS,Held,8234,74.95999908447266,2025-05-31,99.80999755859375,821835.5198974609,204614.8874359131,33.151012243366694,,,9257.589853286743,13485988.673776627
2025-06-30,88527244.54335737,89672339.90874434,80728.49143981934,1064366.8739471436,AXISCADES.NS,Held,592,1041.75,2025-05-31,1480.9000244140625,876692.814453125,259976.814453125,42.15502994135469,,,9257.589853286743,13485988.673776627
2025-06-30,88527244.54335737,89672339.90874434,80728.49143981934,1064366.8739471436,SOLARINDS.NS,Held,38,16104.0,2025-05-31,17598.0,668724.0,56772.0,9.277198211624441,,,9257.589853286743,13485988.673776627
2025-06-30,88527244.54335737,89672339.90874434,80728.49143981934,1064366.8739471436,CAMLINFINE.NS,Held,2656,232.39999389648438,2025-05-31,313.79998779296875,833452.767578125,216198.3837890625,35.025815849522594,,,9257.589853286743,13485988.673776627
2025-06-30,88527244.54335737,89672339.90874434,80728.49143981934,1064366.8739471436,BEL.NS,Held,1605,384.6000061035156,2025-05-31,421.5,676507.5,59224.49020385742,9.594382036112785,,,9257.589853286743,13485988.673776627
2025-06-30,88527244.54335737,89672339.90874434,80728.49143981934,1064366.8739471436,BSE.NS,Held,230,2674.0,2025-05-31,2770.10009765625,637123.0224609375,22103.0224609375,3.593870518184368,,,9257.589853286743,13485988.673776627
2025-06-30,88527244.54335737,89672339.90874434,80728.49143981934,1064366.8739471436,AIIL.NS,Held,1297,475.8399963378906,2025-05-31,526.1400146484375,682403.5989990234,65239.1237487793,10.570784023550047,,,9257.589853286743,13485988.673776627
2025-06-30,88527244.54335737,89672339.90874434,80728.49143981934,1064366.8739471436,HDFCLIFE.NS,Held,768,814.2999877929688,2025-06-30,814.2999877929688,625382.390625,0.0,0.0,,,9257.589853286743,13485988.673776627
2025-06-30,88527244.54335737,89672339.90874434,80728.49143981934,1064366.8739471436,CARERATING.NS,Held,349,1788.199951171875,2025-06-30,1788.199951171875,624081.7829589844,0.0,0.0,,,9257.589853286743,13485988.673776627
2025-06-30,88527244.54335737,89672339.90874434,80728.49143981934,1064366.8739471436,LUMAXTECH.NS,Held,532,1176.0999755859375,2025-06-30,1176.0999755859375,625685.1870117188,0.0,0.0,,,9257.589853286743,13485988.673776627
2025-06-30,88527244.54335737,89672339.90874434,80728.49143981934,1064366.8739471436,BHARTIARTL.NS,Held,311,2009.5999755859375,2025-06-30,2009.5999755859375,624985.5924072266,0.0,0.0,,,9257.589853286743,13485988.673776627
2025-06-30,88527244.54335737,89672339.90874434,80728.49143981934,1064366.8739471436,GRMOVER.NS,Held,5177,120.86666870117188,2025-06-30,120.86666870117188,625726.7438659668,0.0,0.0,,,9257.589853286743,13485988.673776627
2025-06-30,88527244.54335737,89672339.90874434,80728.49143981934,1064366.8739471436,DEEPAKFERT.NS,Held,366,1707.4000244140625,2025-06-30,1707.4000244140625,624908.4089355469,0.0,0.0,,,9257.589853286743,13485988.673776627
2025-06-30,88527244.54335737,89672339.90874434,80728.49143981934,1064366.8739471436,LLOYDSENT.NS,Held,7009,89.27999877929688,2025-06-30,89.27999877929688,625763.5114440918,0.0,0.0,,,9257.589853286743,13485988.673776627
2025-06-30,88527244.54335737,89672339.90874434,80728.49143981934,1064366.8739471436,JKCEMENT.NS,Held,101,6150.0,2025-06-30,6150.0,621150.0,0.0,0.0,,,9257.589853286743,13485988.673776627
2025-06-30,88527244.54335737,89672339.90874434,80728.49143981934,1064366.8739471436,NDRAUTO.NS,Held,542,1154.1500244140625,2025-06-30,1154.1500244140625,625549.3132324219,0.0,0.0,,,9257.589853286743,13485988.673776627
2025-06-30,88527244.54335737,89672339.90874434,80728.49143981934,1064366.8739471436,MBAPL.NS,Held,7511,83.30999755859375,2025-06-30,83.30999755859375,625741.3916625977,0.0,0.0,,,9257.589853286743,13485988.673776627
2025-07-31,,,,,HDFCLIFE.NS,Sold,768,814.2999877929688,2025-06-30,755.5,580224.0,0.0,,-45158.390625,-7.220924557832404,,
2025-07-31,,,,,CARERATING.NS,Sold,349,1788.199951171875,2025-06-30,1696.699951171875,592148.2829589844,0.0,,-31933.5,-5.116877446509077,,
2025-07-31,,,,,BEL.NS,Sold,1605,384.6000061035156,2025-05-31,383.1000061035156,614875.5097961426,0.0,,-2407.5,-0.39001559443456507,,
2025-07-31,,,,,ASTERDM.NS,Sold,1103,559.2999877929688,2025-05-31,604.9000244140625,667204.7269287109,0.0,,50296.840393066406,8.153055179034462,,
2025-07-31,,,,,INDIAGLYCO.NS,Sold,652,946.25,2025-05-31,856.0999755859375,558177.1840820312,0.0,,-58777.81591796875,-9.527083161327608,,
2025-07-31,,,,,BHARTIARTL.NS,Sold,311,2009.5999755859375,2025-06-30,1914.300048828125,595347.3151855469,0.0,,-29638.277221679688,-4.742233674143332,,
2025-07-31,,,,,GRMOVER.NS,Sold,5177,120.86666870117188,2025-06-30,123.80000305175781,640912.6157989502,0.0,,15185.871932983398,2.426917513411617,,
2025-07-31,,,,,BSE.NS,Sold,230,2674.0,2025-05-31,2427.39990234375,558301.9775390625,0.0,,-56718.0224609375,-9.222142769493269,,
2025-07-31,,,,,DEEPAKFERT.NS,Sold,366,1707.4000244140625,2025-06-30,1598.800048828125,585160.8178710938,0.0,,-39747.591064453125,-6.360546681098141,,
2025-07-31,,,,,LLOYDSENT.NS,Sold,7009,89.27999877929688,2025-06-30,86.6500015258789,607329.8606948853,0.0,,-18433.650749206543,-2.945785494374176,,
2025-07-31,,,,,SOLARINDS.NS,Sold,38,16104.0,2025-05-31,14220.0,540360.0,0.0,,-71592.0,-11.698956780923995,,
2025-07-31,,,,,MBAPL.NS,Sold,7511,83.30999755859375,2025-06-30,89.19999694824219,669981.1770782471,0.0,,44239.785415649414,7.0699790688456945,,
2025-07-31,,,,,CAMLINFINE.NS,Sold,2656,232.39999389648438,2025-05-31,267.45001220703125,710347.232421875,0.0,,93092.8486328125,15.081763868788592,,
2025-07-31,,,,,NDRAUTO.NS,Sold,542,1154.1500244140625,2025-06-30,987.4000244140625,535170.8132324219,0.0,,-90378.5,-14.447861757370358,,
2025-07-31,89672339.90874434,90095044.864532,-241969.9016647339,664674.8574523926,ANURAS.NS,Held,614,1004.75,2025-05-31,1133.4000244140625,695907.6149902344,78991.11499023438,12.804182574178899,,,16897.84178161621,12844326.755617142
2025-07-31,89672339.90874434,90095044.864532,-241969.9016647339,664674.8574523926,KRISHANA.NS,Held,8234,74.95999908447266,2025-05-31,111.73999786376953,920067.1424102783,302846.50994873047,49.06616759406491,,,16897.84178161621,12844326.755617142
2025-07-31,89672339.90874434,90095044.864532,-241969.9016647339,664674.8574523926,AXISCADES.NS,Held,592,1041.75,2025-05-31,1325.4000244140625,784636.814453125,167920.814453125,27.228224085823133,,,16897.84178161621,12844326.755617142
2025-07-31,89672339.90874434,90095044.864532,-241969.9016647339,664674.8574523926,AIIL.NS,Held,1297,475.8399963378906,2025-05-31,555.239990234375,720146.2673339844,102981.79208374023,16.68627994862857,,,16897.84178161621,12844326.755617142
2025-07-31,89672339.90874434,90095044.864532,-241969.9016647339,664674.8574523926,LUMAXTECH.NS,Held,532,1176.0999755859375,2025-06-30,1101.9000244140625,586210.8129882812,-39474.3740234375,-6.308983310275838,,,16897.84178161621,12844326.755617142
2025-07-31,89672339.90874434,90095044.864532,-241969.9016647339,664674.8574523926,JKCEMENT.NS,Held,101,6150.0,2025-06-30,6659.0,672559.0,51409.0,8.276422764227643,,,16897.84178161621,12844326.755617142
2025-07-31,89672339.90874434,90095044.864532,-241969.9016647339,664674.8574523926,PARADEEP.NS,Held,2806,215.44000244140625,2025-07-31,215.44000244140625,604524.6468505859,0.0,0.0,,,16897.84178161621,12844326.755617142
2025-07-31,89672339.90874434,90095044.864532,-241969.9016647339,664674.8574523926,GALLANTT.NS,Held,789,766.2000122070312,2025-07-31,766.2000122070312,604531.8096313477,0.0,0.0,,,16897.84178161621,12844326.755617142
2025-07-31,89672339.90874434,90095044.864532,-241969.9016647339,664674.8574523926,NESCO.NS,Held,438,1378.5999755859375,2025-07-31,1378.5999755859375,603826.7893066406,0.0,0.0,,,16897.84178161621,12844326.755617142
2025-07-31,89672339.90874434,90095044.864532,-241969.9016647339,664674.8574523926,SHANKARA.NS,Held,520,1162.4000244140625,2025-07-31,1162.4000244140625,604448.0126953125,0.0,0.0,,,16897.84178161621,12844326.755617142
2025-07-31,89672339.90874434,90095044.864532,-241969.9016647339,664674.8574523926,EIDPARRY.NS,Held,490,1233.5,2025-07-31,1233.5,604415.0,0.0,0.0,,,16897.84178161621,12844326.755617142
2025-07-31,89672339.90874434,90095044.864532,-241969.9016647339,664674.8574523926,MAHSCOOTER.NS,Held,37,16054.0,2025-07-31,16054.0,593998.0,0.0,0.0,,,16897.84178161621,12844326.755617142
2025-07-31,89672339.90874434,90095044.864532,-241969.9016647339,664674.8574523926,SHARDACROP.NS,Held,531,1137.550048828125,2025-07-31,1137.550048828125,604039.0759277344,0.0,0.0,,,16897.84178161621,12844326.755617142
2025-07-31,89672339.90874434,90095044.864532,-241969.9016647339,664674.8574523926,NACLIND.NS,Held,1870,323.29998779296875,2025-07-31,323.29998779296875,604570.9771728516,0.0,0.0,,,16897.84178161621,12844326.755617142
2025-07-31,89672339.90874434,90095044.864532,-241969.9016647339,664674.8574523926,CUPID.NS,Held,20035,30.17799949645996,2025-07-31,30.17799949645996,604616.2199115753,0.0,0.0,,,16897.84178161621,12844326.755617142
2025-07-31,89672339.90874434,90095044.864532,-241969.9016647339,664674.8574523926,LAURUSLABS.NS,Held,691,874.3499755859375,2025-07-31,874.3499755859375,604175.8331298828,0.0,0.0,,,16897.84178161621,12844326.755617142
2025-07-31,89672339.90874434,90095044.864532,-241969.9016647339,664674.8574523926,GLENMARK.NS,Held,283,2134.10009765625,2025-07-31,2134.10009765625,603950.3276367188,0.0,0.0,,,16897.84178161621,12844326.755617142
2025-07-31,89672339.90874434,90095044.864532,-241969.9016647339,664674.8574523926,FORTIS.NS,Held,705,857.4500122070312,2025-07-31,857.4500122070312,604502.258605957,0.0,0.0,,,16897.84178161621,12844326.755617142
2025-07-31,89672339.90874434,90095044.864532,-241969.9016647339,664674.8574523926,GVT&D.NS,Held,221,2726.800048828125,2025-07-31,2726.800048828125,602622.8107910156,0.0,0.0,,,16897.84178161621,12844326.755617142
2025-07-31,89672339.90874434,90095044.864532,-241969.9016647339,664674.8574523926,GABRIEL.NS,Held,582,1037.25,2025-07-31,1037.25,603679.5,0.0,0.0,,,16897.84178161621,12844326.755617142
2025-08-31,,,,,SHANKARA.NS,Sold,520,1162.4000244140625,2025-07-31,925.2000122070312,481104.00634765625,0.0,,-123344.00634765625,-20.406057056528194,,
2025-08-31,,,,,EIDPARRY.NS,Sold,490,1233.5,2025-07-31,1125.800048828125,551642.0239257812,0.0,,-52772.97607421875,-8.731248574939197,,
2025-08-31,,,,,MAHSCOOTER.NS,Sold,37,16054.0,2025-07-31,15876.0,587412.0,0.0,,-6586.0,-1.1087579419459326,,
2025-08-31,,,,,SHARDACROP.NS,Sold,531,1137.550048828125,2025-07-31,949.0999755859375,503972.0870361328,0.0,,-100066.98889160156,-16.5663105053113,,
2025-08-31,,,,,AXISCADES.NS,Sold,592,1041.75,2025-05-31,1245.800048828125,737513.62890625,0.0,,120797.62890625,19.587237708483322,,
2025-08-31,,,,,GLENMARK.NS,Sold,283,2134.10009765625,2025-07-31,1923.9000244140625,544463.7069091797,0.0,,-59486.62072753906,-9.849588286558687,,
2025-08-31,,,,,GALLANTT.NS,Sold,789,766.2000122070312,2025-07-31,574.9500122070312,453635.55963134766,0.0,,-150896.25,-24.960845334510807,,
2025-08-31,,,,,KRISHANA.NS,Sold,8234,74.95999908447266,2025-05-31,115.52999877929688,951274.0099487305,0.0,,334053.3774871826,54.12219875977554,,
2025-08-31,,,,,NACLIND.NS,Sold,1870,323.29998779296875,2025-07-31,277.8500061035156,519579.5114135742,0.0,,-84991.46575927734,-14.058145191937921,,
2025-08-31,90095044.864532,90557022.48656225,-123293.30140686035,585270.9234371185,ANURAS.NS,Held,614,1004.75,2025-05-31,1129.800048828125,693697.2299804688,76780.72998046875,12.445886919942772,,,39419.01249694824,12641629.520195007
2025-08-31,90095044.864532,90557022.48656225,-123293.30140686035,585270.9234371185,AIIL.NS,Held,1297,475.8399963378906,2025-05-31,646.5800170898438,838614.2821655273,221449.8069152832,35.88181364870216,,,39419.01249694824,12641629.520195007
2025-08-31,90095044.864532,90557022.48656225,-123293.30140686035,585270.9234371185,LUMAXTECH.NS,Held,532,1176.0999755859375,2025-06-30,1174.699951171875,624940.3740234375,-744.81298828125,-0.11903957513178269,,,39419.01249694824,12641629.520195007
2025-08-31,90095044.864532,90557022.48656225,-123293.30140686035,585270.9234371185,JKCEMENT.NS,Held,101,6150.0,2025-06-30,6946.5,701596.5,80446.5,12.951219512195122,,,39419.01249694824,12641629.520195007
2025-08-31,90095044.864532,90557022.48656225,-123293.30140686035,585270.9234371185,PARADEEP.NS,Held,2806,215.44000244140625,2025-07-31,217.4199981689453,610080.5148620605,5555.868011474609,0.9190473937529623,,,39419.01249694824,12641629.520195007
2025-08-31,90095044.864532,90557022.48656225,-123293.30140686035,585270.9234371185,NESCO.NS,Held,438,1378.5999755859375,2025-07-31,1404.5999755859375,615214.7893066406,11388.0,1.8859713086059926,,,39419.01249694824,12641629.520195007
2025-08-31,90095044.864532,90557022.48656225,-123293.30140686035,585270.9234371185,CUPID.NS,Held,20035,30.17799949645996,2025-07-31,34.45800018310547,690366.0336685181,85749.81375694275,14.182519577374816,,,39419.01249694824,12641629.520195007
2025-08-31,90095044.864532,90557022.48656225,-123293.30140686035,585270.9234371185,LAURUSLABS.NS,Held,691,874.3499755859375,2025-07-31,856.9000244140625,592117.9168701172,-12057.916259765625,-1.9957627562328322,,,39419.01249694824,12641629.520195007
2025-08-31,90095044.864532,90557022.48656225,-123293.30140686035,585270.9234371185,FORTIS.NS,Held,705,857.4500122070312,2025-07-31,911.5,642607.5,38105.24139404297,6.303573039068122,,,39419.01249694824,12641629.520195007
2025-08-31,90095044.864532,90557022.48656225,-123293.30140686035,585270.9234371185,GVT&D.NS,Held,221,2726.800048828125,2025-07-31,2779.199951171875,614203.1892089844,11580.37841796875,1.9216628064191756,,,39419.01249694824,12641629.520195007
2025-08-31,90095044.864532,90557022.48656225,-123293.30140686035,585270.9234371185,GABRIEL.NS,Held,582,1037.25,2025-07-31,1152.4000244140625,670696.8142089844,67017.31420898438,11.10147258752109,,,39419.01249694824,12641629.520195007
2025-08-31,90095044.864532,90557022.48656225,-123293.30140686035,585270.9234371185,SYRMA.NS,Held,788,753.25,2025-08-31,753.25,593561.0,0.0,0.0,,,39419.01249694824,12641629.520195007
2025-08-31,90095044.864532,90557022.48656225,-123293.30140686035,585270.9234371185,LUMAXIND.NS,Held,141,4207.60009765625,2025-08-31,4207.60009765625,593271.6137695312,0.0,0.0,,,39419.01249694824,12641629.520195007
2025-08-31,90095044.864532,90557022.48656225,-123293.30140686035,585270.9234371185,CARTRADE.NS,Held,247,2398.0,2025-08-31,2398.0,592306.0,0.0,0.0,,,39419.01249694824,12641629.520195007
2025-08-31,90095044.864532,90557022.48656225,-123293.30140686035,585270.9234371185,PAYTM.NS,Held,492,1207.0,2025-08-31,1207.0,593844.0,0.0,0.0,,,39419.01249694824,12641629.520195007
2025-08-31,90095044.864532,90557022.48656225,-123293.30140686035,585270.9234371185,LTF.NS,Held,2736,217.16000366210938,2025-08-31,217.16000366210938,594149.7700195312,0.0,0.0,,,39419.01249694824,12641629.520195007
2025-08-31,90095044.864532,90557022.48656225,-123293.30140686035,585270.9234371185,BOSCHLTD.NS,Held,14,39960.0,2025-08-31,39960.0,559440.0,0.0,0.0,,,39419.01249694824,12641629.520195007
2025-08-31,90095044.864532,90557022.48656225,-123293.30140686035,585270.9234371185,YATHARTH.NS,Held,854,695.0499877929688,2025-08-31,695.0499877929688,593572.6895751953,0.0,0.0,,,39419.01249694824,12641629.520195007
2025-08-31,90095044.864532,90557022.48656225,-123293.30140686035,585270.9234371185,APOLLO.NS,Held,2260,262.7900085449219,2025-08-31,262.7900085449219,593905.4193115234,0.0,0.0,,,39419.01249694824,12641629.520195007
2025-08-31,90095044.864532,90557022.48656225,-123293.30140686035,585270.9234371185,IXIGO.NS,Held,2197,270.3800048828125,2025-08-31,270.3800048828125,594024.8707275391,0.0,0.0,,,39419.01249694824,12641629.520195007
2025-09-30,,,,,SYRMA.NS,Sold,788,753.25,2025-08-31,767.4000244140625,604711.2192382812,0.0,,11150.21923828125,1.878529626825423,,
2025-09-30,,,,,PARADEEP.NS,Sold,2806,215.44000244140625,2025-07-31,196.02000427246094,550032.1319885254,0.0,,-54492.51486206055,-9.014109705196006,,
2025-09-30,,,,,CARTRADE.NS,Sold,247,2398.0,2025-08-31,2450.10009765625,605174.7241210938,0.0,,12868.72412109375,2.1726479422956633,,
2025-09-30,,,,,NESCO.NS,Sold,438,1378.5999755859375,2025-07-31,1310.0,573780.0,0.0,,-30046.789306640625,-4.976060989467296,,
2025-09-30,,,,,PAYTM.NS,Sold,492,1207.0,2025-08-31,1123.800048828125,552909.6240234375,0.0,,-40934.3759765625,-6.893119401149544,,
2025-09-30,,,,,LUMAXTECH.NS,Sold,532,1176.0999755859375,2025-06-30,1249.800048828125,664893.6259765625,0.0,,39208.43896484375,6.2664802969211735,,
2025-09-30,,,,,BOSCHLTD.NS,Sold,14,39960.0,2025-08-31,38145.0,534030.0,0.0,,-25410.0,-4.542042042042042,,
2025-09-30,,,,,JKCEMENT.NS,Sold,101,6150.0,2025-06-30,6300.0,636300.0,0.0,,15150.0,2.4390243902439024,,
2025-09-30,,,,,ANURAS.NS,Sold,614,1004.75,2025-05-31,1071.4000244140625,657839.6149902344,0.0,,40923.114990234375,6.633493348003235,,
2025-09-30,,,,,LAURUSLABS.NS,Sold,691,874.3499755859375,2025-07-31,841.7999877929688,581683.7915649414,0.0,,-22492.041564941406,-3.7227641907527564,,
2025-09-30,,,,,IXIGO.NS,Sold,2197,270.3800048828125,2025-08-31,265.20001220703125,582644.4268188477,0.0,,-11380.443908691406,-1.915819432737399,,
2025-09-30,90557022.48656225,91534709.79605818,-65455.66830444336,1043142.9778003693,AIIL.NS,Held,1297,475.8399963378906,2025-05-31,616.4400024414062,799522.6831665039,182358.20791625977,29.54774865198102,,,7850.672866821289,13034045.906253815
2025-09-30,90557022.48656225,91534709.79605818,-65455.66830444336,1043142.9778003693,CUPID.NS,Held,20035,30.17799949645996,2025-07-31,42.992000579833984,861344.7316169739,256728.51170539856,42.461400017178654,,,7850.672866821289,13034045.906253815
2025-09-30,90557022.48656225,91534709.79605818,-65455.66830444336,1043142.9778003693,FORTIS.NS,Held,705,857.4500122070312,2025-07-31,969.7999877929688,683708.991394043,79206.73278808594,13.10280179444567,,,7850.672866821289,13034045.906253815
2025-09-30,90557022.48656225,91534709.79605818,-65455.66830444336,1043142.9778003693,GVT&D.NS,Held,221,2726.800048828125,2025-07-31,2960.5,654270.5,51647.689208984375,8.570483606684338,,,7850.672866821289,13034045.906253815
2025-09-30,90557022.48656225,91534709.79605818,-65455.66830444336,1043142.9778003693,GABRIEL.NS,Held,582,1037.25,2025-07-31,1181.4000244140625,687574.8142089844,83895.31420898438,13.89732701027356,,,7850.672866821289,13034045.906253815
2025-09-30,90557022.48656225,91534709.79605818,-65455.66830444336,1043142.9778003693,LUMAXIND.NS,Held,141,4207.60009765625,2025-08-31,5051.10009765625,712205.1137695312,118933.5,20.047057239823076,,,7850.672866821289,13034045.906253815
2025-09-30,90557022.48656225,91534709.79605818,-65455.66830444336,1043142.9778003693,LTF.NS,Held,2736,217.16000366210938,2025-08-31,249.27999877929688,682030.0766601562,87880.306640625,14.790935059646012,,,7850.672866821289,13034045.906253815
2025-09-30,90557022.48656225,91534709.79605818,-65455.66830444336,1043142.9778003693,YATHARTH.NS,Held,854,695.0499877929688,2025-08-31,741.2000122070312,632984.8104248047,39412.120849609375,6.6398137147811855,,,7850.672866821289,13034045.906253815
2025-09-30,90557022.48656225,91534709.79605818,-65455.66830444336,1043142.9778003693,APOLLO.NS,Held,2260,262.7900085449219,2025-08-31,326.1000061035156,736986.0137939453,143080.59448242188,24.09147817648912,,,7850.672866821289,13034045.906253815
2025-09-30,90557022.48656225,91534709.79605818,-65455.66830444336,1043142.9778003693,IMFA.NS,Held,540,1108.050048828125,2025-09-30,1108.050048828125,598347.0263671875,0.0,0.0,,,7850.672866821289,13034045.906253815
2025-09-30,90557022.48656225,91534709.79605818,-65455.66830444336,1043142.9778003693,TATAINVEST.NS,Held,579,1033.050048828125,2025-09-30,1033.050048828125,598135.9782714844,0.0,0.0,,,7850.672866821289,13034045.906253815
2025-09-30,90557022.48656225,91534709.79605818,-65455.66830444336,1043142.9778003693,ASHAPURMIN.NS,Held,919,651.0,2025-09-30,651.0,598269.0,0.0,0.0,,,7850.672866821289,13034045.906253815
2025-09-30,90557022.48656225,91534709.79605818,-65455.66830444336,1043142.9778003693,IZMO.NS,Held,491,1217.25,2025-09-30,1217.25,597669.75,0.0,0.0,,,7850.672866821289,13034045.906253815
2025-09-30,90557022.48656225,91534709.79605818,-65455.66830444336,1043142.9778003693,STALLION.NS,Held,2391,250.2899932861328,2025-09-30,250.2899932861328,598443.3739471436,0.0,0.0,,,7850.672866821289,13034045.906253815
2025-09-30,90557022.48656225,91534709.79605818,-65455.66830444336,1043142.9778003693,BANCOINDIA.NS,Held,720,830.4000244140625,2025-09-30,830.4000244140625,597888.017578125,0.0,0.0,,,7850.672866821289,13034045.906253815
2025-09-30,90557022.48656225,91534709.79605818,-65455.66830444336,1043142.9778003693,GMDCLTD.NS,Held,999,599.0499877929688,2025-09-30,599.0499877929688,598450.9378051758,0.0,0.0,,,7850.672866821289,13034045.906253815
2025-09-30,90557022.48656225,91534709.79605818,-65455.66830444336,1043142.9778003693,BGRENERGY.NS,Held,2509,238.52000427246094,2025-09-30,238.52000427246094,598446.6907196045,0.0,0.0,,,7850.672866821289,13034045.906253815
2025-09-30,90557022.48656225,91534709.79605818,-65455.66830444336,1043142.9778003693,PROZONER.NS,Held,11193,53.470001220703125,2025-09-30,53.470001220703125,598489.7236633301,0.0,0.0,,,7850.672866821289,13034045.906253815
2025-09-30,90557022.48656225,91534709.79605818,-65455.66830444336,1043142.9778003693,MARUTI.NS,Held,37,16029.0,2025-09-30,16029.0,593073.0,0.0,0.0,,,7850.672866821289,13034045.906253815
2025-09-30,90557022.48656225,91534709.79605818,-65455.66830444336,1043142.9778003693,NETWEB.NS,Held,164,3648.5,2025-09-30,3648.5,598354.0,0.0,0.0,,,7850.672866821289,13034045.906253815
2025-10-31,,,,,ASHAPURMIN.NS,Sold,919,651.0,2025-09-30,664.5,610675.5,0.0,,12406.5,2.0737327188940093,,
2025-10-31,,,,,BANCOINDIA.NS,Sold,720,830.4000244140625,2025-09-30,709.5,510840.0,0.0,,-87048.017578125,-14.559251066902437,,
2025-10-31,,,,,YATHARTH.NS,Sold,854,695.0499877929688,2025-08-31,796.25,679997.5,0.0,,86424.81042480469,14.560105601667203,,
2025-10-31,,,,,AIIL.NS,Sold,1297,475.8399963378906,2025-05-31,581.6199951171875,754361.1336669922,0.0,,137196.65841674805,22.230161313338453,,
2025-10-31,,,,,GMDCLTD.NS,Sold,999,599.0499877929688,2025-09-30,594.2999877929688,593705.6878051758,0.0,,-4745.25,-0.7929221428582345,,
2025-10-31,,,,,GVT&D.NS,Sold,221,2726.800048828125,2025-07-31,3037.39990234375,671265.3784179688,0.0,,68642.56762695312,11.390635468453546,,
2025-10-31,,,,,TATAINVEST.NS,Sold,579,1033.050048828125,2025-09-30,799.0,462621.0,0.0,,-135514.97827148438,-22.656215842942704,,
2025-10-31,,,,,IZMO.NS,Sold,491,1217.25,2025-09-30,819.7000122070312,402472.70599365234,0.0,,-195197.04400634766,-32.65968271045133,,
2025-10-31,,,,,STALLION.NS,Sold,2391,250.2899932861328,2025-09-30,274.3500061035156,655970.8645935059,0.0,,57527.490646362305,9.61285447392109,,
2025-10-31,91534709.79605818,93153928.72573996,-60307.26274108887,1679526.1924228668,CUPID.NS,Held,20035,30.17799949645996,2025-07-31,46.71799850463867,935995.1000404358,331378.8801288605,54.80813600689118,,,6642.625705718994,13610121.858135223
2025-10-31,91534709.79605818,93153928.72573996,-60307.26274108887,1679526.1924228668,FORTIS.NS,Held,705,857.4500122070312,2025-07-31,1023.0499877929688,721250.241394043,116747.98278808594,19.313076357616684,,,6642.625705718994,13610121.858135223
2025-10-31,91534709.79605818,93153928.72573996,-60307.26274108887,1679526.1924228668,GABRIEL.NS,Held,582,1037.25,2025-07-31,1273.9000244140625,741409.8142089844,137730.31420898438,22.815138531121956,,,6642.625705718994,13610121.858135223
2025-10-31,91534709.79605818,93153928.72573996,-60307.26274108887,1679526.1924228668,LUMAXIND.NS,Held,141,4207.60009765625,2025-08-31,4991.0,703731.0,110459.38623046875,18.6186872364635,,,6642.625705718994,13610121.858135223
2025-10-31,91534709.79605818,93153928.72573996,-60307.26274108887,1679526.1924228668,LTF.NS,Held,2736,217.16000366210938,2025-08-31,270.489990234375,740060.61328125,145910.84326171875,24.557923039660906,,,6642.625705718994,13610121.858135223
2025-10-31,91534709.79605818,93153928.72573996,-60307.26274108887,1679526.1924228668,APOLLO.NS,Held,2260,262.7900085449219,2025-08-31,276.79998779296875,625567.9724121094,31662.553100585938,5.33124502168886,,,6642.625705718994,13610121.858135223
2025-10-31,91534709.79605818,93153928.72573996,-60307.26274108887,1679526.1924228668,IMFA.NS,Held,540,1108.050048828125,2025-09-30,1202.5999755859375,649403.9868164062,51056.96044921875,8.533001452218572,,,6642.625705718994,13610121.858135223
2025-10-31,91534709.79605818,93153928.72573996,-60307.26274108887,1679526.1924228668,BGRENERGY.NS,Held,2509,238.52000427246094,2025-09-30,438.29998779296875,1099694.6693725586,501247.9786529541,83.75816700569044,,,6642.625705718994,13610121.858135223
2025-10-31,91534709.79605818,93153928.72573996,-60307.26274108887,1679526.1924228668,PROZONER.NS,Held,11193,53.470001220703125,2025-09-30,69.87999725341797,782166.8092575073,183677.08559417725,30.690098481540772,,,6642.625705718994,13610121.858135223
2025-10-31,91534709.79605818,93153928.72573996,-60307.26274108887,1679526.1924228668,MARUTI.NS,Held,37,16029.0,2025-09-30,16186.0,598882.0,5809.0,0.9794747021024394,,,6642.625705718994,13610121.858135223
2025-10-31,91534709.79605818,93153928.72573996,-60307.26274108887,1679526.1924228668,NETWEB.NS,Held,164,3648.5,2025-09-30,4037.800048828125,662199.2080078125,63845.2080078125,10.670139751353295,,,6642.625705718994,13610121.858135223
2025-10-31,91534709.79605818,93153928.72573996,-60307.26274108887,1679526.1924228668,INDIANB.NS,Held,692,858.7000122070312,2025-10-31,858.7000122070312,594220.4084472656,0.0,0.0,,,6642.625705718994,13610121.858135223
2025-10-31,91534709.79605818,93153928.72573996,-60307.26274108887,1679526.1924228668,CUMMINSIND.NS,Held,136,4344.10009765625,2025-10-31,4344.10009765625,590797.61328125,0.0,0.0,,,6642.625705718994,13610121.858135223
2025-10-31,91534709.79605818,93153928.72573996,-60307.26274108887,1679526.1924228668,ABCAPITAL.NS,Held,1833,324.20001220703125,2025-10-31,324.20001220703125,594258.6223754883,0.0,0.0,,,6642.625705718994,13610121.858135223
2025-10-31,91534709.79605818,93153928.72573996,-60307.26274108887,1679526.1924228668,MCLEODRUSS.NS,Held,9607,61.869998931884766,2025-10-31,61.869998931884766,594385.079738617,0.0,0.0,,,6642.625705718994,13610121.858135223
2025-10-31,91534709.79605818,93153928.72573996,-60307.26274108887,1679526.1924228668,HBLENGINE.NS,Held,591,1004.2000122070312,2025-10-31,1004.2000122070312,593482.2072143555,0.0,0.0,,,6642.625705718994,13610121.858135223
2025-10-31,91534709.79605818,93153928.72573996,-60307.26274108887,1679526.1924228668,MTARTECH.NS,Held,233,2548.10009765625,2025-10-31,2548.10009765625,593707.3227539062,0.0,0.0,,,6642.625705718994,13610121.858135223
2025-10-31,91534709.79605818,93153928.72573996,-60307.26274108887,1679526.1924228668,AXISCADES.NS,Held,371,1601.0999755859375,2025-10-31,1601.0999755859375,594008.0909423828,0.0,0.0,,,6642.625705718994,13610121.858135223
2025-10-31,91534709.79605818,93153928.72573996,-60307.26274108887,1679526.1924228668,CANBK.NS,Held,4339,136.99000549316406,2025-10-31,136.99000549316406,594399.6338348389,0.0,0.0,,,6642.625705718994,13610121.858135223
2025-10-31,91534709.79605818,93153928.72573996,-60307.26274108887,1679526.1924228668,ABDL.NS,Held,897,662.0499877929688,2025-10-31,662.0499877929688,593858.839050293,0.0,0.0,,,6642.625705718994,13610121.858135223
2025-11-30,,,,,FORTIS.NS,Sold,705,857.4500122070312,2025-07-31,919.0999755859375,647965.4827880859,0.0,,43463.224182128906,7.189919237416824,,
2025-11-30,,,,,HBLENGINE.NS,Sold,591,1004.2000122070312,2025-10-31,885.7000122070312,523448.70721435547,0.0,,-70033.5,-11.800438016283294,,
2025-11-30,,,,,MTARTECH.NS,Sold,233,2548.10009765625,2025-10-31,2532.39990234375,590049.1772460938,0.0,,-3658.1455078125,-0.6161530046225847,,
2025-11-30,,,,,MARUTI.NS,Sold,37,16029.0,2025-09-30,15900.0,588300.0,0.0,,-4773.0,-0.8047913157402208,,
2025-11-30,,,,,MCLEODRUSS.NS,Sold,9607,61.869998931884766,2025-10-31,53.560001373291016,514550.9331932068,0.0,,-79834.14654541016,-13.431384680873471,,
2025-11-30,,,,,AXISCADES.NS,Sold,371,1601.0999755859375,2025-10-31,1417.199951171875,525781.1818847656,0.0,,-68226.90905761719,-11.48585517570585,,
2025-11-30,,,,,APOLLO.NS,Sold,2260,262.7900085449219,2025-08-31,263.20001220703125,594832.0275878906,0.0,,926.6082763671875,0.15601950179901458,,
2025-11-30,,,,,BGRENERGY.NS,Sold,2509,238.52000427246094,2025-09-30,428.75,1075733.75,0.0,,477287.0592803955,79.754315076332,,
2025-11-30,,,,,PROZONER.NS,Sold,11193,53.470001220703125,2025-09-30,54.0,604422.0,0.0,,5932.276336669922,0.991207718715488,,
2025-11-30,,,,,GABRIEL.NS,Sold,582,1037.25,2025-07-31,1028.699951171875,598703.3715820312,0.0,,-4976.12841796875,-0.8242997183056159,,
2025-11-30,,,,,NETWEB.NS,Sold,164,3648.5,2025-09-30,3291.39990234375,539789.583984375,0.0,,-58564.416015625,-9.787586615218583,,
2025-11-30,93153928.72573996,94838382.45598555,237542.92253112793,1446910.8077144623,CUPID.NS,Held,20035,30.17799949645996,2025-07-31,65.8499984741211,1319304.719429016,714688.4995174408,118.20531371486584,,,7976.072021484375,13615049.395957947
2025-11-30,93153928.72573996,94838382.45598555,237542.92253112793,1446910.8077144623,LUMAXIND.NS,Held,141,4207.60009765625,2025-08-31,5610.60009765625,791094.6137695312,197823.0,33.34442360103352,,,7976.072021484375,13615049.395957947
2025-11-30,93153928.72573996,94838382.45598555,237542.92253112793,1446910.8077144623,LTF.NS,Held,2736,217.16000366210938,2025-08-31,312.3500061035156,854589.6166992188,260439.8466796875,43.834039802982026,,,7976.072021484375,13615049.395957947
2025-11-30,93153928.72573996,94838382.45598555,237542.92253112793,1446910.8077144623,IMFA.NS,Held,540,1108.050048828125,2025-09-30,1348.0999755859375,727973.9868164062,129626.96044921875,21.664177264527858,,,7976.072021484375,13615049.395957947
2025-11-30,93153928.72573996,94838382.45598555,237542.92253112793,1446910.8077144623,INDIANB.NS,Held,692,858.7000122070312,2025-10-31,870.25,602213.0,7992.591552734375,1.3450550400346408,,,7976.072021484375,13615049.395957947
2025-11-30,93153928.72573996,94838382.45598555,237542.92253112793,1446910.8077144623,CUMMINSIND.NS,Held,136,4344.10009765625,2025-10-31,4479.2998046875,609184.7734375,18387.16015625,3.112260398976386,,,7976.072021484375,13615049.395957947
2025-11-30,93153928.72573996,94838382.45598555,237542.92253112793,1446910.8077144623,ABCAPITAL.NS,Held,1833,324.20001220703125,2025-10-31,358.04998779296875,656305.6276245117,62047.00524902344,10.441077825845733,,,7976.072021484375,13615049.395957947
2025-11-30,93153928.72573996,94838382.45598555,237542.92253112793,1446910.8077144623,CANBK.NS,Held,4339,136.99000549316406,2025-10-31,151.5800018310547,657705.6279449463,63305.99411010742,10.650409338525561,,,7976.072021484375,13615049.395957947
2025-11-30,93153928.72573996,94838382.45598555,237542.92253112793,1446910.8077144623,ABDL.NS,Held,897,662.0499877929688,2025-10-31,653.7999877929688,586458.589050293,-7400.25,-1.2461294693928575,,,7976.072021484375,13615049.395957947
2025-11-30,93153928.72573996,94838382.45598555,237542.92253112793,1446910.8077144623,MUTHOOTFIN.NS,Held,165,3744.199951171875,2025-11-30,3744.199951171875,617792.9919433594,0.0,0.0,,,7976.072021484375,13615049.395957947
2025-11-30,93153928.72573996,94838382.45598555,237542.92253112793,1446910.8077144623,CARTRADE.NS,Held,200,3087.699951171875,2025-11-30,3087.699951171875,617539.990234375,0.0,0.0,,,7976.072021484375,13615049.395957947
2025-11-30,93153928.72573996,94838382.45598555,237542.92253112793,1446910.8077144623,SBIN.NS,Held,632,979.0,2025-11-30,979.0,618728.0,0.0,0.0,,,7976.072021484375,13615049.395957947
2025-11-30,93153928.72573996,94838382.45598555,237542.92253112793,1446910.8077144623,LUMAXTECH.NS,Held,402,1536.300048828125,2025-11-30,1536.300048828125,617592.6196289062,0.0,0.0,,,7976.072021484375,13615049.395957947
2025-11-30,93153928.72573996,94838382.45598555,237542.92253112793,1446910.8077144623,M&MFIN.NS,Held,1664,371.8500061035156,2025-11-30,371.8500061035156,618758.41015625,0.0,0.0,,,7976.072021484375,13615049.395957947
2025-11-30,93153928.72573996,94838382.45598555,237542.92253112793,1446910.8077144623,FEDERALBNK.NS,Held,2400,257.9200134277344,2025-11-30,257.9200134277344,619008.0322265625,0.0,0.0,,,7976.072021484375,13615049.395957947
2025-11-30,93153928.72573996,94838382.45598555,237542.92253112793,1446910.8077144623,VENUSREM.NS,Held,895,691.1500244140625,2025-11-30,691.1500244140625,618579.2718505859,0.0,0.0,,,7976.072021484375,13615049.395957947
2025-11-30,93153928.72573996,94838382.45598555,237542.92253112793,1446910.8077144623,GRMOVER.NS,Held,3956,156.48333740234375,2025-11-30,156.48333740234375,619048.0827636719,0.0,0.0,,,7976.072021484375,13615049.395957947
2025-11-30,93153928.72573996,94838382.45598555,237542.92253112793,1446910.8077144623,LAURUSLABS.NS,Held,600,1031.3499755859375,2025-11-30,1031.3499755859375,618809.9853515625,0.0,0.0,,,7976.072021484375,13615049.395957947
2025-11-30,93153928.72573996,94838382.45598555,237542.92253112793,1446910.8077144623,MCX.NS,Held,307,2014.699951171875,2025-11-30,2014.699951171875,618512.8850097656,0.0,0.0,,,7976.072021484375,13615049.395957947
2025-11-30,93153928.72573996,94838382.45598555,237542.92253112793,1446910.8077144623,LGBBROSLTD.NS,Held,315,1961.5,2025-11-30,1961.5,617872.5,0.0,0.0,,,7976.072021484375,13615049.395957947
2025-12-31,,,,,IMFA.NS,Sold,540,1108.050048828125,2025-09-30,1492.199951171875,805787.9736328125,0.0,,207440.947265625,34.66900279008402,,
2025-12-31,,,,,INDIANB.NS,Sold,692,858.7000122070312,2025-10-31,837.25,579377.0,0.0,,-14843.408447265625,-2.497963421696061,,
2025-12-31,,,,,MCX.NS,Sold,307,2014.699951171875,2025-11-30,2227.199951171875,683750.3850097656,0.0,,65237.5,10.547476306652847,,
2025-12-31,,,,,CARTRADE.NS,Sold,200,3087.699951171875,2025-11-30,2826.199951171875,565239.990234375,0.0,,-52300.0,-8.469087156631035,,
2025-12-31,,,,,CUMMINSIND.NS,Sold,136,4344.10009765625,2025-10-31,4434.39990234375,603078.38671875,0.0,,12280.7734375,2.0786768872158126,,
2025-12-31,,,,,SBIN.NS,Sold,632,979.0,2025-11-30,982.2000122070312,620750.4077148438,0.0,,2022.40771484375,0.32686539397663433,,
2025-12-31,,,,,LUMAXTECH.NS,Sold,402,1536.300048828125,2025-11-30,1544.5,620889.0,0.0,,3296.38037109375,0.5337467233780175,,
2025-12-31,,,,,ABDL.NS,Sold,897,662.0499877929688,2025-10-31,613.5499877929688,550354.339050293,0.0,,-43504.5,-7.325730820067103,,
2025-12-31,,,,,LGBBROSLTD.NS,Sold,315,1961.5,2025-11-30,1789.5,563692.5,0.0,,-54180.0,-8.768799388223298,,
2025-12-31,,,,,VENUSREM.NS,Sold,895,691.1500244140625,2025-11-30,766.0999755859375,685659.4781494141,0.0,,67080.20629882812,10.84423765092325,,
2025-12-31,,,,,LUMAXIND.NS,Sold,141,4207.60009765625,2025-08-31,5218.0,735738.0,0.0,,142466.38623046875,24.01368663591796,,
2025-12-31,94838382.45598555,97210419.1477027,334996.69287109375,2037039.998846054,CUPID.NS,Held,20035,30.17799949645996,2025-07-31,103.62000274658203,2076026.755027771,1471410.5351161957,243.3627293907842,,,7153.406387329102,14540175.279960632
2025-12-31,94838382.45598555,97210419.1477027,334996.69287109375,2037039.998846054,LTF.NS,Held,2736,217.16000366210938,2025-08-31,315.95001220703125,864439.2333984375,270289.46337890625,45.491806446381545,,,7153.406387329102,14540175.279960632
2025-12-31,94838382.45598555,97210419.1477027,334996.69287109375,2037039.998846054,ABCAPITAL.NS,Held,1833,324.20001220703125,2025-10-31,357.70001220703125,655664.1223754883,61405.5,10.333127309880297,,,7153.406387329102,14540175.279960632
2025-12-31,94838382.45598555,97210419.1477027,334996.69287109375,2037039.998846054,CANBK.NS,Held,4339,136.99000549316406,2025-10-31,154.91000366210938,672154.5058898926,77754.87205505371,13.081244945157358,,,7153.406387329102,14540175.279960632
2025-12-31,94838382.45598555,97210419.1477027,334996.69287109375,2037039.998846054,MUTHOOTFIN.NS,Held,165,3744.199951171875,2025-11-30,3811.699951171875,628930.4919433594,11137.5,1.8027883361003083,,,7153.406387329102,14540175.279960632
2025-12-31,94838382.45598555,97210419.1477027,334996.69287109375,2037039.998846054,M&MFIN.NS,Held,1664,371.8500061035156,2025-11-30,403.0,670592.0,51833.58984375,8.377031971276299,,,7153.406387329102,14540175.279960632
2025-12-31,94838382.45598555,97210419.1477027,334996.69287109375,2037039.998846054,FEDERALBNK.NS,Held,2400,257.9200134277344,2025-11-30,267.1000061035156,641040.0146484375,22031.982421875,3.559240151153822,,,7153.406387329102,14540175.279960632
2025-12-31,94838382.45598555,97210419.1477027,334996.69287109375,2037039.998846054,GRMOVER.NS,Held,3956,156.48333740234375,2025-11-30,162.85000610351562,644234.6241455078,25186.541381835938,4.06859209859651,,,7153.406387329102,14540175.279960632
2025-12-31,94838382.45598555,97210419.1477027,334996.69287109375,2037039.998846054,LAURUSLABS.NS,Held,600,1031.3499755859375,2025-11-30,1108.0,664800.0,45990.0146484375,7.432009136424867,,,7153.406387329102,14540175.279960632
2025-12-31,94838382.45598555,97210419.1477027,334996.69287109375,2037039.998846054,VEDL.NS,Held,1056,604.4000244140625,2025-12-31,604.4000244140625,638246.42578125,0.0,0.0,,,7153.406387329102,14540175.279960632
2025-12-31,94838382.45598555,97210419.1477027,334996.69287109375,2037039.998846054,ASHAPURMIN.NS,Held,726,878.6500244140625,2025-12-31,878.6500244140625,637899.9177246094,0.0,0.0,,,7153.406387329102,14540175.279960632
2025-12-31,94838382.45598555,97210419.1477027,334996.69287109375,2037039.998846054,SILVERTUC.NS,Held,582,1096.1500244140625,2025-12-31,1096.1500244140625,637959.3142089844,0.0,0.0,,,7153.406387329102,14540175.279960632
2025-12-31,94838382.45598555,97210419.1477027,334996.69287109375,2037039.998846054,ASHOKLEY.NS,Held,3562,179.19000244140625,2025-12-31,179.19000244140625,638274.7886962891,0.0,0.0,,,7153.406387329102,14540175.279960632
2025-12-31,94838382.45598555,97210419.1477027,334996.69287109375,2037039.998846054,UPL.NS,Held,802,795.1500244140625,2025-12-31,795.1500244140625,637710.3195800781,0.0,0.0,,,7153.406387329102,14540175.279960632
2025-12-31,94838382.45598555,97210419.1477027,334996.69287109375,2037039.998846054,HINDCOPPER.NS,Held,1231,518.2999877929688,2025-12-31,518.2999877929688,638027.2849731445,0.0,0.0,,,7153.406387329102,14540175.279960632
2025-12-31,94838382.45598555,97210419.1477027,334996.69287109375,2037039.998846054,NATIONALUM.NS,Held,2031,314.29998779296875,2025-12-31,314.29998779296875,638343.2752075195,0.0,0.0,,,7153.406387329102,14540175.279960632
2025-12-31,94838382.45598555,97210419.1477027,334996.69287109375,2037039.998846054,KMEW.NS,Held,341,1871.0,2025-12-31,1871.0,638011.0,0.0,0.0,,,7153.406387329102,14540175.279960632
2025-12-31,94838382.45598555,97210419.1477027,334996.69287109375,2037039.998846054,INFOBEAN.NS,Held,3107,205.4250030517578,2025-12-31,205.4250030517578,638255.4844818115,0.0,0.0,,,7153.406387329102,14540175.279960632
2025-12-31,94838382.45598555,97210419.1477027,334996.69287109375,2037039.998846054,MARUTI.NS,Held,38,16697.0,2025-12-31,16697.0,634486.0,0.0,0.0,,,7153.406387329102,14540175.279960632
2025-12-31,94838382.45598555,97210419.1477027,334996.69287109375,2037039.998846054,JKTYRE.NS,Held,1269,502.70001220703125,2025-12-31,502.70001220703125,637926.3154907227,0.0,0.0,,,7153.406387329102,14540175.279960632
2026-01-31,,,,,ABCAPITAL.NS,Sold,1833,324.20001220703125,2025-10-31,339.79998779296875,622853.3776245117,0.0,,28594.755249023438,4.811836828672139,,
2026-01-31,,,,,LTF.NS,Sold,2736,217.16000366210938,2025-08-31,286.3500061035156,783453.6166992188,0.0,,189303.8466796875,31.861301010596133,,
2026-01-31,,,,,M&MFIN.NS,Sold,1664,371.8500061035156,2025-11-30,375.54998779296875,624915.1796875,0.0,,6156.76953125,0.9950199351141396,,
2026-01-31,,,,,GRMOVER.NS,Sold,3956,156.48333740234375,2025-11-30,165.00999450683594,652779.538269043,0.0,,33731.455505371094,5.4489233461124265,,
2026-01-31,,,,,UPL.NS,Sold,802,795.1500244140625,2025-12-31,703.9500122070312,564567.9097900391,0.0,,-73142.40979003906,-11.469535233207791,,
2026-01-31,,,,,LAURUSLABS.NS,Sold,600,1031.3499755859375,2025-11-30,965.0,579000.0,0.0,,-39809.9853515625,-6.43331334237365,,
2026-01-31,,,,,CANBK.NS,Sold,4339,136.99000549316406,2025-10-31,147.4199981689453,639655.3720550537,0.0,,45255.738220214844,7.613688778413631,,
2026-01-31,,,,,KMEW.NS,Sold,341,1871.0,2025-12-31,1785.5,608855.5,0.0,,-29155.5,-4.569748797434527,,
2026-01-31,,,,,INFOBEAN.NS,Sold,3107,205.4250030517578,2025-12-31,201.89999389648438,627303.281036377,0.0,,-10952.20344543457,-1.7159591592583765,,
2026-01-31,,,,,MARUTI.NS,Sold,38,16697.0,2025-12-31,14599.0,554762.0,0.0,,-79724.0,-12.56513146074145,,
2026-01-31,,,,,SILVERTUC.NS,Sold,582,1096.1500244140625,2025-12-31,138.32000732421875,80502.24426269531,0.0,,-557457.0699462891,-87.38128867002885,,
2026-01-31,,,,,ASHAPURMIN.NS,Sold,726,878.6500244140625,2025-12-31,654.75,475348.5,0.0,,-162551.41772460938,-25.482276013521165,,
2026-01-31,97210419.1477027,98164742.54351377,-649750.0210723877,1604073.4168834686,CUPID.NS,Held,20035,30.17799949645996,2025-07-31,80.19999694824219,1606806.9388580322,1002190.7189464569,165.756505687695,,,7641.864631652832,13457458.67692566
2026-01-31,97210419.1477027,98164742.54351377,-649750.0210723877,1604073.4168834686,MUTHOOTFIN.NS,Held,165,3744.199951171875,2025-11-30,3829.60009765625,631884.0161132812,14091.024169921875,2.280865007159837,,,7641.864631652832,13457458.67692566
2026-01-31,97210419.1477027,98164742.54351377,-649750.0210723877,1604073.4168834686,FEDERALBNK.NS,Held,2400,257.9200134277344,2025-11-30,287.75,690600.0,71591.9677734375,11.565595928686463,,,7641.864631652832,13457458.67692566
2026-01-31,97210419.1477027,98164742.54351377,-649750.0210723877,1604073.4168834686,VEDL.NS,Held,1056,604.4000244140625,2025-12-31,681.5499877929688,719716.787109375,81470.361328125,12.764718772753117,,,7641.864631652832,13457458.67692566
2026-01-31,97210419.1477027,98164742.54351377,-649750.0210723877,1604073.4168834686,ASHOKLEY.NS,Held,3562,179.19000244140625,2025-12-31,196.69000244140625,700609.7886962891,62335.0,9.766169854103532,,,7641.864631652832,13457458.67692566
2026-01-31,97210419.1477027,98164742.54351377,-649750.0210723877,1604073.4168834686,HINDCOPPER.NS,Held,1231,518.2999877929688,2025-12-31,685.9000244140625,844342.9300537109,206315.6450805664,32.336492488601095,,,7641.864631652832,13457458.67692566
2026-01-31,97210419.1477027,98164742.54351377,-649750.0210723877,1604073.4168834686,NATIONALUM.NS,Held,2031,314.29998779296875,2025-12-31,385.45001220703125,782848.9747924805,144505.69958496094,22.63761602845796,,,7641.864631652832,13457458.67692566
2026-01-31,97210419.1477027,98164742.54351377,-649750.0210723877,1604073.4168834686,JKTYRE.NS,Held,1269,502.70001220703125,2025-12-31,519.7000122070312,659499.3154907227,21573.0,3.381738529379376,,,7641.864631652832,13457458.67692566
2026-01-31,97210419.1477027,98164742.54351377,-649750.0210723877,1604073.4168834686,INDIANB.NS,Held,623,911.7000122070312,2026-01-31,911.7000122070312,567989.1076049805,0.0,0.0,,,7641.864631652832,13457458.67692566
2026-01-31,97210419.1477027,98164742.54351377,-649750.0210723877,1604073.4168834686,AXISBANK.NS,Held,414,1370.4000244140625,2026-01-31,1370.4000244140625,567345.6101074219,0.0,0.0,,,7641.864631652832,13457458.67692566
2026-01-31,97210419.1477027,98164742.54351377,-649750.0210723877,1604073.4168834686,SBIN.NS,Held,527,1077.1500244140625,2026-01-31,1077.1500244140625,567658.0628662109,0.0,0.0,,,7641.864631652832,13457458.67692566
2026-01-31,97210419.1477027,98164742.54351377,-649750.0210723877,1604073.4168834686,CUB.NS,Held,2511,226.3125,2026-01-31,226.3125,568270.6875,0.0,0.0,,,7641.864631652832,13457458.67692566
2026-01-31,97210419.1477027,98164742.54351377,-649750.0210723877,1604073.4168834686,BANKINDIA.NS,Held,3463,164.10000610351562,2026-01-31,164.10000610351562,568278.3211364746,0.0,0.0,,,7641.864631652832,13457458.67692566
2026-01-31,97210419.1477027,98164742.54351377,-649750.0210723877,1604073.4168834686,HINDALCO.NS,Held,590,962.5999755859375,2026-01-31,962.5999755859375,567933.9855957031,0.0,0.0,,,7641.864631652832,13457458.67692566
2026-01-31,97210419.1477027,98164742.54351377,-649750.0210723877,1604073.4168834686,DCBBANK.NS,Held,2846,199.6699981689453,2026-01-31,199.6699981689453,568260.8147888184,0.0,0.0,,,7641.864631652832,13457458.67692566
2026-01-31,97210419.1477027,98164742.54351377,-649750.0210723877,1604073.4168834686,KARURVYSYA.NS,Held,1885,301.3999938964844,2026-01-31,301.3999938964844,568138.988494873,0.0,0.0,,,7641.864631652832,13457458.67692566
2026-01-31,97210419.1477027,98164742.54351377,-649750.0210723877,1604073.4168834686,UNIONBANK.NS,Held,3144,180.75999450683594,2026-01-31,180.75999450683594,568309.4227294922,0.0,0.0,,,7641.864631652832,13457458.67692566
2026-01-31,97210419.1477027,98164742.54351377,-649750.0210723877,1604073.4168834686,MCX.NS,Held,224,2528.0,2026-01-31,2528.0,566272.0,0.0,0.0,,,7641.864631652832,13457458.67692566
2026-01-31,97210419.1477027,98164742.54351377,-649750.0210723877,1604073.4168834686,APLAPOLLO.NS,Held,277,2045.699951171875,2026-01-31,2045.699951171875,566658.8864746094,0.0,0.0,,,7641.864631652832,13457458.67692566
2026-01-31,97210419.1477027,98164742.54351377,-649750.0210723877,1604073.4168834686,UJJIVANSFB.NS,Held,8695,65.37000274658203,2026-01-31,65.37000274658203,568392.1738815308,0.0,0.0,,,7641.864631652832,13457458.67692566
2026-02-28,,,,,AXISBANK.NS,Sold,414,1370.4000244140625,2026-01-31,1383.9000244140625,572934.6101074219,0.0,,5589.0,0.9851138178264518,,
2026-02-28,,,,,MUTHOOTFIN.NS,Sold,165,3744.199951171875,2025-11-30,3353.5,553327.5,0.0,,-64465.491943359375,-10.434804665001723,,
2026-02-28,,,,,HINDALCO.NS,Sold,590,962.5999755859375,2026-01-31,924.7000122070312,545573.0072021484,0.0,,-22360.978393554688,-3.937249567852568,,
2026-02-28,,,,,CUB.NS,Sold,2511,226.3125,2026-01-31,212.28750610351562,533053.9278259277,0.0,,-35216.759674072266,-6.197180401650097,,
2026-02-28,,,,,DCBBANK.NS,Sold,2846,199.6699981689453,2026-01-31,185.55999755859375,528103.7530517578,0.0,,-40157.06173706055,-7.066660359466108,,
2026-02-28,,,,,JKTYRE.NS,Sold,1269,502.70001220703125,2025-12-31,501.1000061035156,635895.9077453613,0.0,,-2030.4077453613281,-0.31828248750005617,,
2026-02-28,,,,,UJJIVANSFB.NS,Sold,8695,65.37000274658203,2026-01-31,58.060001373291016,504831.7119407654,0.0,,-63560.46194076538,-11.18250124851529,,
2026-02-28,,,,,HINDCOPPER.NS,Sold,1231,518.2999877929688,2025-12-31,566.2999877929688,697115.2849731445,0.0,,59088.0,9.261045944529958,,
2026-02-28,98164742.54351377,99746628.20866919,-163114.16143417358,1744999.8265895844,CUPID.NS,Held,20035,30.17799949645996,2025-07-31,81.31999969482422,1629246.1938858032,1024629.9739742279,169.46782772782365,,,6440.617450714111,13435270.925197601
2026-02-28,98164742.54351377,99746628.20866919,-163114.16143417358,1744999.8265895844,FEDERALBNK.NS,Held,2400,257.9200134277344,2025-11-30,299.8500061035156,719640.0146484375,100631.982421875,16.256975222099022,,,6440.617450714111,13435270.925197601
2026-02-28,98164742.54351377,99746628.20866919,-163114.16143417358,1744999.8265895844,VEDL.NS,Held,1056,604.4000244140625,2025-12-31,718.4000244140625,758630.42578125,120384.0,18.861680244059826,,,6440.617450714111,13435270.925197601
2026-02-28,98164742.54351377,99746628.20866919,-163114.16143417358,1744999.8265895844,ASHOKLEY.NS,Held,3562,179.19000244140625,2025-12-31,211.10000610351562,751938.2217407227,113663.4330444336,17.807915189098622,,,6440.617450714111,13435270.925197601
2026-02-28,98164742.54351377,99746628.20866919,-163114.16143417358,1744999.8265895844,NATIONALUM.NS,Held,2031,314.29998779296875,2025-12-31,354.6000061035156,720192.6123962402,81849.3371887207,12.822150771794727,,,6440.617450714111,13435270.925197601
2026-02-28,98164742.54351377,99746628.20866919,-163114.16143417358,1744999.8265895844,INDIANB.NS,Held,623,911.7000122070312,2026-01-31,990.5,617081.5,49092.39239501953,8.643192578467866,,,6440.617450714111,13435270.925197601
2026-02-28,98164742.54351377,99746628.20866919,-163114.16143417358,1744999.8265895844,SBIN.NS,Held,527,1077.1500244140625,2026-01-31,1201.699951171875,633295.8742675781,65637.81140136719,11.562913608581491,,,6440.617450714111,13435270.925197601
2026-02-28,98164742.54351377,99746628.20866919,-163114.16143417358,1744999.8265895844,BANKINDIA.NS,Held,3463,164.10000610351562,2026-01-31,176.0500030517578,609661.1605682373,41382.839431762695,7.282142902971028,,,6440.617450714111,13435270.925197601
2026-02-28,98164742.54351377,99746628.20866919,-163114.16143417358,1744999.8265895844,KARURVYSYA.NS,Held,1885,301.3999938964844,2026-01-31,326.20001220703125,614887.0230102539,46748.03451538086,8.228274324074613,,,6440.617450714111,13435270.925197601
2026-02-28,98164742.54351377,99746628.20866919,-163114.16143417358,1744999.8265895844,UNIONBANK.NS,Held,3144,180.75999450683594,2026-01-31,202.27000427246094,635936.8934326172,67627.470703125,11.899762347476472,,,6440.617450714111,13435270.925197601
2026-02-28,98164742.54351377,99746628.20866919,-163114.16143417358,1744999.8265895844,MCX.NS,Held,224,2528.0,2026-01-31,2443.300048828125,547299.2109375,-18972.7890625,-3.3504727520520174,,,6440.617450714111,13435270.925197601
2026-02-28,98164742.54351377,99746628.20866919,-163114.16143417358,1744999.8265895844,APLAPOLLO.NS,Held,277,2045.699951171875,2026-01-31,2234.60009765625,618984.2270507812,52325.340576171875,9.23401041174997,,,6440.617450714111,13435270.925197601
2026-02-28,98164742.54351377,99746628.20866919,-163114.16143417358,1744999.8265895844,BAJAJCON.NS,Held,1448,395.1000061035156,2026-02-28,395.1000061035156,572104.8088378906,0.0,0.0,,,6440.617450714111,13435270.925197601
2026-02-28,98164742.54351377,99746628.20866919,-163114.16143417358,1744999.8265895844,BHARATFORG.NS,Held,299,1911.199951171875,2026-02-28,1911.199951171875,571448.7854003906,0.0,0.0,,,6440.617450714111,13435270.925197601
2026-02-28,98164742.54351377,99746628.20866919,-163114.16143417358,1744999.8265895844,SANSERA.NS,Held,244,2342.199951171875,2026-02-28,2342.199951171875,571496.7880859375,0.0,0.0,,,6440.617450714111,13435270.925197601
2026-02-28,98164742.54351377,99746628.20866919,-163114.16143417358,1744999.8265895844,MTARTECH.NS,Held,150,3806.800048828125,2026-02-28,3806.800048828125,571020.0073242188,0.0,0.0,,,6440.617450714111,13435270.925197601
2026-02-28,98164742.54351377,99746628.20866919,-163114.16143417358,1744999.8265895844,TATASTEEL.NS,Held,2695,212.3300018310547,2026-02-28,212.3300018310547,572229.3549346924,0.0,0.0,,,6440.617450714111,13435270.925197601
2026-02-28,98164742.54351377,99746628.20866919,-163114.16143417358,1744999.8265895844,CANBK.NS,Held,3636,157.3699951171875,2026-02-28,157.3699951171875,572197.3022460938,0.0,0.0,,,6440.617450714111,13435270.925197601
2026-02-28,98164742.54351377,99746628.20866919,-163114.16143417358,1744999.8265895844,GESHIP.NS,Held,427,1338.9000244140625,2026-02-28,1338.9000244140625,571710.3104248047,0.0,0.0,,,6440.617450714111,13435270.925197601
2026-02-28,98164742.54351377,99746628.20866919,-163114.16143417358,1744999.8265895844,GVT&D.NS,Held,148,3850.199951171875,2026-02-28,3850.199951171875,569829.5927734375,0.0,0.0,,,6440.617450714111,13435270.925197601
2026-03-31,,,,,INDIANB.NS,Sold,623,911.7000122070312,2026-01-31,845.7000122070312,526871.1076049805,0.0,,-41118.0,-7.239223331831276,,
2026-03-31,,,,,SBIN.NS,Sold,527,1077.1500244140625,2026-01-31,979.4000244140625,516143.81286621094,0.0,,-51514.25,-9.0748733031105,,
2026-03-31,,,,,FEDERALBNK.NS,Sold,2400,257.9200134277344,2025-11-30,259.3999938964844,622559.9853515625,0.0,,3551.953125,0.5738137374766654,,
2026-03-31,,,,,BANKINDIA.NS,Sold,3463,164.10000610351562,2026-01-31,136.99000549316406,474396.38902282715,0.0,,-93881.93211364746,-16.520414138955214,,
2026-03-31,,,,,UNIONBANK.NS,Sold,3144,180.75999450683594,2026-01-31,164.1999969482422,516244.79040527344,0.0,,-52064.63232421875,-9.161317803629103,,
2026-03-31,,,,,TATASTEEL.NS,Sold,2695,212.3300018310547,2026-02-28,191.86000061035156,517062.70164489746,0.0,,-55166.65328979492,-9.640654191201184,,
2026-03-31,,,,,APLAPOLLO.NS,Sold,277,2045.699951171875,2026-01-31,1937.0,536549.0,0.0,,-30109.886474609375,-5.313582332032929,,
2026-03-31,,,,,CANBK.NS,Sold,3636,157.3699951171875,2026-02-28,123.44999694824219,448864.1889038086,0.0,,-123333.11334228516,-21.55429829154304,,
2026-03-31,,,,,ASHOKLEY.NS,Sold,3562,179.19000244140625,2025-12-31,154.1300048828125,549011.0773925781,0.0,,-89263.71130371094,-13.985153868608366,,
2026-03-31,99746628.20866919,100165445.35749388,-532900.2257232666,951717.3745479584,CUPID.NS,Held,20035,30.17799949645996,2025-07-31,83.0999984741211,1664908.469429016,1060292.2495174408,175.36616031778104,,,18680.79442214966,12109088.247432709
2026-03-31,99746628.20866919,100165445.35749388,-532900.2257232666,951717.3745479584,VEDL.NS,Held,1056,604.4000244140625,2025-12-31,654.7999877929688,691468.787109375,53222.361328125,8.338842048818025,,,18680.79442214966,12109088.247432709
2026-03-31,99746628.20866919,100165445.35749388,-532900.2257232666,951717.3745479584,NATIONALUM.NS,Held,2031,314.29998779296875,2025-12-31,386.1000061035156,784169.1123962402,145825.8371887207,22.844422875969684,,,18680.79442214966,12109088.247432709
2026-03-31,99746628.20866919,100165445.35749388,-532900.2257232666,951717.3745479584,KARURVYSYA.NS,Held,1885,301.3999938964844,2026-01-31,289.3999938964844,545518.988494873,-22620.0,-3.9814201204401454,,,18680.79442214966,12109088.247432709
2026-03-31,99746628.20866919,100165445.35749388,-532900.2257232666,951717.3745479584,MCX.NS,Held,224,2528.0,2026-01-31,2389.39990234375,535225.578125,-31046.421875,-5.4825987996934336,,,18680.79442214966,12109088.247432709
2026-03-31,99746628.20866919,100165445.35749388,-532900.2257232666,951717.3745479584,BAJAJCON.NS,Held,1448,395.1000061035156,2026-02-28,347.8999938964844,503759.1911621094,-68345.61767578125,-11.946345603109132,,,18680.79442214966,12109088.247432709
2026-03-31,99746628.20866919,100165445.35749388,-532900.2257232666,951717.3745479584,BHARATFORG.NS,Held,299,1911.199951171875,2026-02-28,1674.5999755859375,500705.3927001953,-70743.39270019531,-12.379655799010637,,,18680.79442214966,12109088.247432709
2026-03-31,99746628.20866919,100165445.35749388,-532900.2257232666,951717.3745479584,SANSERA.NS,Held,244,2342.199951171875,2026-02-28,2074.5,506178.0,-65318.7880859375,-11.429423480174544,,,18680.79442214966,12109088.247432709
2026-03-31,99746628.20866919,100165445.35749388,-532900.2257232666,951717.3745479584,MTARTECH.NS,Held,150,3806.800048828125,2026-02-28,3467.699951171875,520154.99267578125,-50865.0146484375,-8.907746488041516,,,18680.79442214966,12109088.247432709
2026-03-31,99746628.20866919,100165445.35749388,-532900.2257232666,951717.3745479584,GESHIP.NS,Held,427,1338.9000244140625,2026-02-28,1414.699951171875,604076.8791503906,32366.568725585938,5.661358232552466,,,18680.79442214966,12109088.247432709
2026-03-31,99746628.20866919,100165445.35749388,-532900.2257232666,951717.3745479584,GVT&D.NS,Held,148,3850.199951171875,2026-02-28,3640.39990234375,538779.185546875,-31050.4072265625,-5.44906891820693,,,18680.79442214966,12109088.247432709
2026-03-31,99746628.20866919,100165445.35749388,-532900.2257232666,951717.3745479584,STLTECH.NS,Held,2970,176.36000061035156,2026-03-31,176.36000061035156,523789.20181274414,0.0,0.0,,,18680.79442214966,12109088.247432709
2026-03-31,99746628.20866919,100165445.35749388,-532900.2257232666,951717.3745479584,KIRLOSENG.NS,Held,394,1328.9000244140625,2026-03-31,1328.9000244140625,523586.6096191406,0.0,0.0,,,18680.79442214966,12109088.247432709
2026-03-31,99746628.20866919,100165445.35749388,-532900.2257232666,951717.3745479584,TORNTPHARM.NS,Held,124,4220.2001953125,2026-03-31,4220.2001953125,523304.82421875,0.0,0.0,,,18680.79442214966,12109088.247432709
2026-03-31,99746628.20866919,100165445.35749388,-532900.2257232666,951717.3745479584,AETHER.NS,Held,478,1094.5,2026-03-31,1094.5,523171.0,0.0,0.0,,,18680.79442214966,12109088.247432709
2026-03-31,99746628.20866919,100165445.35749388,-532900.2257232666,951717.3745479584,PFOCUS.NS,Held,1590,329.3500061035156,2026-03-31,329.3500061035156,523666.50970458984,0.0,0.0,,,18680.79442214966,12109088.247432709
2026-03-31,99746628.20866919,100165445.35749388,-532900.2257232666,951717.3745479584,POWERINDIA.NS,Held,21,24235.0,2026-03-31,24235.0,508935.0,0.0,0.0,,,18680.79442214966,12109088.247432709
2026-03-31,99746628.20866919,100165445.35749388,-532900.2257232666,951717.3745479584,AVANTIFEED.NS,Held,445,1176.0,2026-03-31,1176.0,523320.0,0.0,0.0,,,18680.79442214966,12109088.247432709
2026-03-31,99746628.20866919,100165445.35749388,-532900.2257232666,951717.3745479584,ACUTAAS.NS,Held,204,2558.60009765625,2026-03-31,2558.60009765625,521954.419921875,0.0,0.0,,,18680.79442214966,12109088.247432709
2026-03-31,99746628.20866919,100165445.35749388,-532900.2257232666,951717.3745479584,PRECWIRE.NS,Held,1793,292.1000061035156,2026-03-31,292.1000061035156,523735.3109436035,0.0,0.0,,,18680.79442214966,12109088.247432709
2026-04-30,,,,,TORNTPHARM.NS,Sold,124,4220.2001953125,2026-03-31,4185.10009765625,518952.412109375,0.0,,-4352.412109375,-0.8317164122980873,,
2026-04-30,,,,,AETHER.NS,Sold,478,1094.5,2026-03-31,1171.800048828125,560120.4233398438,0.0,,36949.42333984375,7.062590116777068,,
2026-04-30,,,,,KARURVYSYA.NS,Sold,1885,301.3999938964844,2026-01-31,293.5,553247.5,0.0,,-14891.488494873047,-2.6210995542347697,,
2026-04-30,,,,,NATIONALUM.NS,Sold,2031,314.29998779296875,2025-12-31,399.29998779296875,810978.2752075195,0.0,,172635.0,27.04422631285306,,
2026-04-30,,,,,AVANTIFEED.NS,Sold,445,1176.0,2026-03-31,1380.699951171875,614411.4782714844,0.0,,91091.47827148438,17.406458432982568,,
2026-04-30,,,,,VEDL.NS,Sold,1056,604.4000244140625,2025-12-31,271.54998779296875,286756.787109375,0.0,,-351489.638671875,-55.07114877167258,,
2026-04-30,100165445.35749388,103591597.50231314,-70057.63766479492,3496209.7824840546,CUPID.NS,Held,20035,30.17799949645996,2025-07-31,119.58000183105469,2395785.3366851807,1791169.1167736053,296.2489357357238,,,7030.17573928833,14583523.01770401
2026-04-30,100165445.35749388,103591597.50231314,-70057.63766479492,3496209.7824840546,MCX.NS,Held,224,2528.0,2026-01-31,2971.5,665616.0,99344.0,17.543512658227847,,,7030.17573928833,14583523.01770401
2026-04-30,100165445.35749388,103591597.50231314,-70057.63766479492,3496209.7824840546,BAJAJCON.NS,Held,1448,395.1000061035156,2026-02-28,450.45001220703125,652251.6176757812,80146.80883789062,14.009112945701652,,,7030.17573928833,14583523.01770401
2026-04-30,100165445.35749388,103591597.50231314,-70057.63766479492,3496209.7824840546,BHARATFORG.NS,Held,299,1911.199951171875,2026-02-28,1881.5999755859375,562598.3927001953,-8850.392700195312,-1.54876393586071,,,7030.17573928833,14583523.01770401
2026-04-30,100165445.35749388,103591597.50231314,-70057.63766479492,3496209.7824840546,SANSERA.NS,Held,244,2342.199951171875,2026-02-28,2513.60009765625,613318.423828125,41821.6357421875,7.317912648688179,,,7030.17573928833,14583523.01770401
2026-04-30,100165445.35749388,103591597.50231314,-70057.63766479492,3496209.7824840546,MTARTECH.NS,Held,150,3806.800048828125,2026-02-28,6457.10009765625,968565.0146484375,397545.00732421875,69.62015379935666,,,7030.17573928833,14583523.01770401
2026-04-30,100165445.35749388,103591597.50231314,-70057.63766479492,3496209.7824840546,GESHIP.NS,Held,427,1338.9000244140625,2026-02-28,1576.800048828125,673293.6208496094,101583.31042480469,17.76831877482217,,,7030.17573928833,14583523.01770401
2026-04-30,100165445.35749388,103591597.50231314,-70057.63766479492,3496209.7824840546,GVT&D.NS,Held,148,3850.199951171875,2026-02-28,4466.2001953125,660997.62890625,91168.0361328125,15.999175418230802,,,7030.17573928833,14583523.01770401
2026-04-30,100165445.35749388,103591597.50231314,-70057.63766479492,3496209.7824840546,STLTECH.NS,Held,2970,176.36000061035156,2026-03-31,294.79998779296875,875555.9637451172,351766.76193237305,67.15807823356589,,,7030.17573928833,14583523.01770401
2026-04-30,100165445.35749388,103591597.50231314,-70057.63766479492,3496209.7824840546,KIRLOSENG.NS,Held,394,1328.9000244140625,2026-03-31,1698.199951171875,669090.7807617188,145504.17114257812,27.789895400193398,,,7030.17573928833,14583523.01770401
2026-04-30,100165445.35749388,103591597.50231314,-70057.63766479492,3496209.7824840546,PFOCUS.NS,Held,1590,329.3500061035156,2026-03-31,309.95001220703125,492820.5194091797,-30845.990295410156,-5.89038820008004,,,7030.17573928833,14583523.01770401
2026-04-30,100165445.35749388,103591597.50231314,-70057.63766479492,3496209.7824840546,POWERINDIA.NS,Held,21,24235.0,2026-03-31,33550.0,704550.0,195615.0,38.43614606973386,,,7030.17573928833,14583523.01770401
2026-04-30,100165445.35749388,103591597.50231314,-70057.63766479492,3496209.7824840546,ACUTAAS.NS,Held,204,2558.60009765625,2026-03-31,2594.10009765625,529196.419921875,7242.0,1.3874774738154274,,,7030.17573928833,14583523.01770401
2026-04-30,100165445.35749388,103591597.50231314,-70057.63766479492,3496209.7824840546,PRECWIRE.NS,Held,1793,292.1000061035156,2026-03-31,422.04998779296875,756735.628112793,233000.31716918945,44.48818177819582,,,7030.17573928833,14583523.01770401
2026-04-30,100165445.35749388,103591597.50231314,-70057.63766479492,3496209.7824840546,CUMMINSIND.NS,Held,106,5266.39990234375,2026-04-30,5266.39990234375,558238.3896484375,0.0,0.0,,,7030.17573928833,14583523.01770401
2026-04-30,100165445.35749388,103591597.50231314,-70057.63766479492,3496209.7824840546,ABB.NS,Held,77,7230.0,2026-04-30,7230.0,556710.0,0.0,0.0,,,7030.17573928833,14583523.01770401
2026-04-30,100165445.35749388,103591597.50231314,-70057.63766479492,3496209.7824840546,ANANDRATHI.NS,Held,311,1800.800048828125,2026-04-30,1800.800048828125,560048.8151855469,0.0,0.0,,,7030.17573928833,14583523.01770401
2026-04-30,100165445.35749388,103591597.50231314,-70057.63766479492,3496209.7824840546,AEROFLEX.NS,Held,1839,304.6700134277344,2026-04-30,304.6700134277344,560288.1546936035,0.0,0.0,,,7030.17573928833,14583523.01770401
2026-04-30,100165445.35749388,103591597.50231314,-70057.63766479492,3496209.7824840546,ADANIPOWER.NS,Held,2526,221.85000610351562,2026-04-30,221.85000610351562,560393.1154174805,0.0,0.0,,,7030.17573928833,14583523.01770401
2026-04-30,100165445.35749388,103591597.50231314,-70057.63766479492,3496209.7824840546,BLISSGVS.NS,Held,2025,276.760009765625,2026-04-30,276.760009765625,560439.0197753906,0.0,0.0,,,7030.17573928833,14583523.01770401
2026-05-31,,,,,PRECWIRE.NS,Sold,1793,292.1000061035156,2026-03-31,420.3500061035156,753687.5609436035,0.0,,229952.25,43.90619559061229,,
2026-05-31,,,,,CUMMINSIND.NS,Sold,106,5266.39990234375,2026-04-30,5881.0,623386.0,0.0,,65147.6103515625,11.670213220661982,,
2026-05-31,,,,,BHARATFORG.NS,Sold,299,1911.199951171875,2026-02-28,1957.199951171875,585202.7854003906,0.0,,13754.0,2.406864858477762,,
2026-05-31,,,,,SANSERA.NS,Sold,244,2342.199951171875,2026-02-28,2861.0,698084.0,0.0,,126587.2119140625,22.15011782271421,,
2026-05-31,,,,,GESHIP.NS,Sold,427,1338.9000244140625,2026-02-28,1418.9000244140625,605870.3104248047,0.0,,34160.0,5.975054039976591,,
2026-05-31,,,,,ANANDRATHI.NS,Sold,311,1800.800048828125,2026-04-30,1725.3499755859375,536583.8424072266,0.0,,-23464.972778320312,-4.189808484916846,,
2026-05-31,,,,,MCX.NS,Sold,224,2528.0,2026-01-31,2954.5,661808.0,0.0,,95536.0,16.87104430379747,,
2026-05-31,,,,,ABB.NS,Sold,77,7230.0,2026-04-30,7253.0,558481.0,0.0,,1771.0,0.318118948824343,,
2026-05-31,,,,,PFOCUS.NS,Sold,1590,329.3500061035156,2026-03-31,233.39999389648438,371105.99029541016,0.0,,-152560.5194091797,-29.133144201878014,,
2026-05-31,103591597.50231314,109248145.42439985,390882.580078125,5265665.342008591,CUPID.NS,Held,20035,30.17799949645996,2025-07-31,129.05999755859375,2585717.051086426,1981100.8311748505,327.6625346677906,,,7154.712268829346,16743861.157306671
2026-05-31,103591597.50231314,109248145.42439985,390882.580078125,5265665.342008591,BAJAJCON.NS,Held,1448,395.1000061035156,2026-02-28,552.7999877929688,800454.3823242188,228349.57348632812,39.91394058549722,,,7154.712268829346,16743861.157306671
2026-05-31,103591597.50231314,109248145.42439985,390882.580078125,5265665.342008591,MTARTECH.NS,Held,150,3806.800048828125,2026-02-28,7879.5,1181925.0,610904.9926757812,106.98486652656223,,,7154.712268829346,16743861.157306671
2026-05-31,103591597.50231314,109248145.42439985,390882.580078125,5265665.342008591,GVT&D.NS,Held,148,3850.199951171875,2026-02-28,5148.60009765625,761992.814453125,192163.2216796875,33.722927716758825,,,7154.712268829346,16743861.157306671
2026-05-31,103591597.50231314,109248145.42439985,390882.580078125,5265665.342008591,STLTECH.NS,Held,2970,176.36000061035156,2026-03-31,536.1500244140625,1592365.5725097656,1068576.3706970215,204.0088583343954,,,7154.712268829346,16743861.157306671
2026-05-31,103591597.50231314,109248145.42439985,390882.580078125,5265665.342008591,KIRLOSENG.NS,Held,394,1328.9000244140625,2026-03-31,1928.0,759632.0,236045.39038085938,45.08239631119671,,,7154.712268829346,16743861.157306671
2026-05-31,103591597.50231314,109248145.42439985,390882.580078125,5265665.342008591,POWERINDIA.NS,Held,21,24235.0,2026-03-31,38445.0,807345.0,298410.0,58.634206725809776,,,7154.712268829346,16743861.157306671
2026-05-31,103591597.50231314,109248145.42439985,390882.580078125,5265665.342008591,ACUTAAS.NS,Held,204,2558.60009765625,2026-03-31,3132.5,639030.0,117075.580078125,22.43023061202329,,,7154.712268829346,16743861.157306671
2026-05-31,103591597.50231314,109248145.42439985,390882.580078125,5265665.342008591,AEROFLEX.NS,Held,1839,304.6700134277344,2026-04-30,401.3999938964844,738174.5887756348,177886.43408203125,31.74909777975038,,,7154.712268829346,16743861.157306671
2026-05-31,103591597.50231314,109248145.42439985,390882.580078125,5265665.342008591,ADANIPOWER.NS,Held,2526,221.85000610351562,2026-04-30,243.3699951171875,614752.6076660156,54359.492248535156,9.700242696243428,,,7154.712268829346,16743861.157306671
2026-05-31,103591597.50231314,109248145.42439985,390882.580078125,5265665.342008591,BLISSGVS.NS,Held,2025,276.760009765625,2026-04-30,425.29998779296875,861232.4752807617,300793.4555053711,53.67104089681716,,,7154.712268829346,16743861.157306671
2026-05-31,103591597.50231314,109248145.42439985,390882.580078125,5265665.342008591,SAKAR.NS,Held,753,796.5,2026-05-31,796.5,599764.5,0.0,0.0,,,7154.712268829346,16743861.157306671
2026-05-31,103591597.50231314,109248145.42439985,390882.580078125,5265665.342008591,CPPLUS.NS,Held,206,2903.5,2026-05-31,2903.5,598121.0,0.0,0.0,,,7154.712268829346,16743861.157306671
2026-05-31,103591597.50231314,109248145.42439985,390882.580078125,5265665.342008591,WHEELS.NS,Held,380,1575.800048828125,2026-05-31,1575.800048828125,598804.0185546875,0.0,0.0,,,7154.712268829346,16743861.157306671
2026-05-31,103591597.50231314,109248145.42439985,390882.580078125,5265665.342008591,SEAMECLTD.NS,Held,371,1614.5999755859375,2026-05-31,1614.5999755859375,599016.5909423828,0.0,0.0,,,7154.712268829346,16743861.157306671
2026-05-31,103591597.50231314,109248145.42439985,390882.580078125,5265665.342008591,WELCORP.NS,Held,435,1376.9000244140625,2026-05-31,1376.9000244140625,598951.5106201172,0.0,0.0,,,7154.712268829346,16743861.157306671
2026-05-31,103591597.50231314,109248145.42439985,390882.580078125,5265665.342008591,BHEL.NS,Held,1440,416.75,2026-05-31,416.75,600120.0,0.0,0.0,,,7154.712268829346,16743861.157306671
2026-05-31,103591597.50231314,109248145.42439985,390882.580078125,5265665.342008591,HFCL.NS,Held,3335,179.94000244140625,2026-05-31,179.94000244140625,600099.9081420898,0.0,0.0,,,7154.712268829346,16743861.157306671
2026-05-31,103591597.50231314,109248145.42439985,390882.580078125,5265665.342008591,LAURUSLABS.NS,Held,440,1362.0,2026-05-31,1362.0,599280.0,0.0,0.0,,,7154.712268829346,16743861.157306671
2026-05-31,103591597.50231314,109248145.42439985,390882.580078125,5265665.342008591,DEEDEV.NS,Held,1011,593.4000244140625,2026-05-31,593.4000244140625,599927.4246826172,0.0,0.0,,,7154.712268829346,16743861.157306671
2026-06-30,,,,,SAKAR.NS,Sold,753,796.5,2026-05-31,838.0999755859375,631089.2816162109,0.0,,31324.781616210938,5.222846903444759,,
2026-06-30,,,,,KIRLOSENG.NS,Sold,394,1328.9000244140625,2026-03-31,2364.0,931416.0,0.0,,407829.3903808594,77.89148593343829,,
2026-06-30,,,,,ADANIPOWER.NS,Sold,2526,221.85000610351562,2026-04-30,223.77000427246094,565243.0307922363,0.0,,4849.915374755859,0.8654487789598878,,
2026-06-30,,,,,AEROFLEX.NS,Sold,1839,304.6700134277344,2026-04-30,471.6000061035156,867272.4112243652,0.0,,306984.2565307617,54.7904241699769,,
2026-06-30,,,,,SEAMECLTD.NS,Sold,371,1614.5999755859375,2026-05-31,1420.4000244140625,526968.4090576172,0.0,,-72048.18188476562,-12.027743968062426,,
2026-06-30,,,,,BHEL.NS,Sold,1440,416.75,2026-05-31,414.1000061035156,596304.0087890625,0.0,,-3815.9912109375,-0.6358713608840731,,
2026-06-30,,,,,GVT&D.NS,Sold,148,3850.199951171875,2026-02-28,4944.0,731712.0,0.0,,161882.4072265625,28.408915451136714,,
2026-06-30,,,,,POWERINDIA.NS,Sold,21,24235.0,2026-03-31,34920.0,733320.0,0.0,,224385.0,44.089127295234164,,
2026-06-30,109248145.42439985,116929616.28685522,1061391.5780334473,6620079.284421921,CUPID.NS,Held,20035,30.17799949645996,2025-07-31,189.92999267578125,3805247.4032592773,3200631.183347702,529.3657493700371,,,4944.599384307861,19159666.67775345
2026-06-30,109248145.42439985,116929616.28685522,1061391.5780334473,6620079.284421921,BAJAJCON.NS,Held,1448,395.1000061035156,2026-02-28,599.0,867352.0,295247.1911621094,51.60718571162535,,,4944.599384307861,19159666.67775345
2026-06-30,109248145.42439985,116929616.28685522,1061391.5780334473,6620079.284421921,MTARTECH.NS,Held,150,3806.800048828125,2026-02-28,7620.5,1143075.0,572054.9926757812,100.18125202940129,,,4944.599384307861,19159666.67775345
2026-06-30,109248145.42439985,116929616.28685522,1061391.5780334473,6620079.284421921,STLTECH.NS,Held,2970,176.36000061035156,2026-03-31,613.2999877929688,1821500.9637451172,1297711.761932373,247.75458475302972,,,4944.599384307861,19159666.67775345
2026-06-30,109248145.42439985,116929616.28685522,1061391.5780334473,6620079.284421921,ACUTAAS.NS,Held,204,2558.60009765625,2026-03-31,3526.199951171875,719344.7900390625,197390.3701171875,37.81754930760668,,,4944.599384307861,19159666.67775345
2026-06-30,109248145.42439985,116929616.28685522,1061391.5780334473,6620079.284421921,BLISSGVS.NS,Held,2025,276.760009765625,2026-04-30,539.5999755859375,1092689.9505615234,532250.9307861328,94.97035573994208,,,4944.599384307861,19159666.67775345
2026-06-30,109248145.42439985,116929616.28685522,1061391.5780334473,6620079.284421921,CPPLUS.NS,Held,206,2903.5,2026-05-31,3647.0,751282.0,153161.0,25.60702600309971,,,4944.599384307861,19159666.67775345
2026-06-30,109248145.42439985,116929616.28685522,1061391.5780334473,6620079.284421921,WHEELS.NS,Held,380,1575.800048828125,2026-05-31,1786.0,678680.0,79875.9814453125,13.339252738835386,,,4944.599384307861,19159666.67775345
2026-06-30,109248145.42439985,116929616.28685522,1061391.5780334473,6620079.284421921,WELCORP.NS,Held,435,1376.9000244140625,2026-05-31,1521.9000244140625,662026.5106201172,63075.0,10.530902565834763,,,4944.599384307861,19159666.67775345
2026-06-30,109248145.42439985,116929616.28685522,1061391.5780334473,6620079.284421921,HFCL.NS,Held,3335,179.94000244140625,2026-05-31,212.85000610351562,709854.7703552246,109754.86221313477,18.28943159697124,,,4944.599384307861,19159666.67775345
2026-06-30,109248145.42439985,116929616.28685522,1061391.5780334473,6620079.284421921,LAURUSLABS.NS,Held,440,1362.0,2026-05-31,1517.4000244140625,667656.0107421875,68376.0107421875,11.40969342247155,,,4944.599384307861,19159666.67775345
2026-06-30,109248145.42439985,116929616.28685522,1061391.5780334473,6620079.284421921,DEEDEV.NS,Held,1011,593.4000244140625,2026-05-31,643.4000244140625,650477.4246826172,50550.0,8.426019201696395,,,4944.599384307861,19159666.67775345
2026-06-30,109248145.42439985,116929616.28685522,1061391.5780334473,6620079.284421921,SYRMA.NS,Held,500,1396.300048828125,2026-06-30,1396.300048828125,698150.0244140625,0.0,0.0,,,4944.599384307861,19159666.67775345
2026-06-30,109248145.42439985,116929616.28685522,1061391.5780334473,6620079.284421921,THANGAMAYL.NS,Held,109,6398.2001953125,2026-06-30,6398.2001953125,697403.8212890625,0.0,0.0,,,4944.599384307861,19159666.67775345
2026-06-30,109248145.42439985,116929616.28685522,1061391.5780334473,6620079.284421921,PAISALO.NS,Held,11824,59.099998474121094,2026-06-30,59.099998474121094,698798.3819580078,0.0,0.0,,,4944.599384307861,19159666.67775345
2026-06-30,109248145.42439985,116929616.28685522,1061391.5780334473,6620079.284421921,ASTRAMICRO.NS,Held,396,1761.5999755859375,2026-06-30,1761.5999755859375,697593.5903320312,0.0,0.0,,,4944.599384307861,19159666.67775345
2026-06-30,109248145.42439985,116929616.28685522,1061391.5780334473,6620079.284421921,VENUSREM.NS,Held,381,1833.5,2026-06-30,1833.5,698563.5,0.0,0.0,,,4944.599384307861,19159666.67775345
2026-06-30,109248145.42439985,116929616.28685522,1061391.5780334473,6620079.284421921,ANANDRATHI.NS,Held,353,1976.699951171875,2026-06-30,1976.699951171875,697775.0827636719,0.0,0.0,,,4944.599384307861,19159666.67775345
2026-06-30,109248145.42439985,116929616.28685522,1061391.5780334473,6620079.284421921,SATIN.NS,Held,2841,245.89999389648438,2026-06-30,245.89999389648438,698601.8826599121,0.0,0.0,,,4944.599384307861,19159666.67775345
2026-06-30,109248145.42439985,116929616.28685522,1061391.5780334473,6620079.284421921,ARVIND.NS,Held,1190,587.0999755859375,2026-06-30,587.0999755859375,698648.9709472656,0.0,0.0,,,4944.599384307861,19159666.67775345
2026-07-31,,,,,SYRMA.NS,Sold,500,1396.300048828125,2026-06-30,1366.800048828125,683400.0244140625,0.0,,-14750.0,-2.11272641756036,,
2026-07-31,,,,,CPPLUS.NS,Sold,206,2903.5,2026-05-31,3391.0,698546.0,0.0,,100425.0,16.790080936800415,,
2026-07-31,,,,,WHEELS.NS,Sold,380,1575.800048828125,2026-05-31,1409.5999755859375,535647.9907226562,0.0,,-63156.02783203125,-10.547028055100359,,
2026-07-31,,,,,BAJAJCON.NS,Sold,1448,395.1000061035156,2026-02-28,524.0999755859375,758896.7646484375,0.0,,186791.95581054688,32.649953806536786,,
2026-07-31,,,,,SATIN.NS,Sold,2841,245.89999389648438,2026-06-30,239.80999755859375,681300.2030639648,0.0,,-17301.679595947266,-2.4766150829813802,,
2026-07-31,,,,,ARVIND.NS,Sold,1190,587.0999755859375,2026-06-30,513.2000122070312,610708.0145263672,0.0,,-87940.95642089844,-12.587287762216754,,
2026-07-31,,,,,ACUTAAS.NS,Sold,204,2558.60009765625,2026-03-31,3104.89990234375,633399.580078125,0.0,,111445.16015625,21.351511914188,,
2026-07-31,,,,,THANGAMAYL.NS,Sold,109,6398.2001953125,2026-06-30,5226.5,569688.5,0.0,,-127715.3212890625,-18.312965514441395,,
2026-07-31,,,,,VENUSREM.NS,Sold,381,1833.5,2026-06-30,1581.5999755859375,602589.5906982422,0.0,,-95973.90930175781,-13.738752354189392,,
2026-07-31,,,,,MTARTECH.NS,Sold,150,3806.800048828125,2026-02-28,5726.0,858900.0,0.0,,287879.99267578125,50.41504482912561,,
2026-07-31,,,,,DEEDEV.NS,Sold,1011,593.4000244140625,2026-05-31,678.5499877929688,686014.0376586914,0.0,,86086.61297607422,14.349504529088177,,
2026-07-31,116929616.28685522,123406856.10107756,365790.8271789551,6111448.987043381,CUPID.NS,Held,20035,30.17799949645996,2025-07-31,230.6199951171875,4620471.602172852,4015855.3822612762,664.1990819976004,,,13184.908222198486,19016827.207553864
2026-07-31,116929616.28685522,123406856.10107756,365790.8271789551,6111448.987043381,STLTECH.NS,Held,2970,176.36000061035156,2026-03-31,557.0499877929688,1654438.4637451172,1130649.261932373,215.85959733789676,,,13184.908222198486,19016827.207553864
2026-07-31,116929616.28685522,123406856.10107756,365790.8271789551,6111448.987043381,BLISSGVS.NS,Held,2025,276.760009765625,2026-04-30,465.6499938964844,942941.2376403809,382502.21786499023,68.2504615789042,,,13184.908222198486,19016827.207553864
2026-07-31,116929616.28685522,123406856.10107756,365790.8271789551,6111448.987043381,WELCORP.NS,Held,435,1376.9000244140625,2026-05-31,1650.5999755859375,718010.9893798828,119059.47875976562,19.87798288320516,,,13184.908222198486,19016827.207553864
2026-07-31,116929616.28685522,123406856.10107756,365790.8271789551,6111448.987043381,HFCL.NS,Held,3335,179.94000244140625,2026-05-31,193.9199981689453,646723.1938934326,46623.28575134277,7.76925393901301,,,13184.908222198486,19016827.207553864
2026-07-31,116929616.28685522,123406856.10107756,365790.8271789551,6111448.987043381,LAURUSLABS.NS,Held,440,1362.0,2026-05-31,1816.199951171875,799127.978515625,199847.978515625,33.34801403611417,,,13184.908222198486,19016827.207553864
2026-07-31,116929616.28685522,123406856.10107756,365790.8271789551,6111448.987043381,PAISALO.NS,Held,11824,59.099998474121094,2026-06-30,71.19999694824219,841868.7639160156,143070.3819580078,20.473771212396024,,,13184.908222198486,19016827.207553864
2026-07-31,116929616.28685522,123406856.10107756,365790.8271789551,6111448.987043381,ASTRAMICRO.NS,Held,396,1761.5999755859375,2026-06-30,1861.5999755859375,737193.5903320312,39600.0,5.676657662687486,,,13184.908222198486,19016827.207553864
2026-07-31,116929616.28685522,123406856.10107756,365790.8271789551,6111448.987043381,ANANDRATHI.NS,Held,353,1976.699951171875,2026-06-30,2073.699951171875,732016.0827636719,34241.0,4.907168634394619,,,13184.908222198486,19016827.207553864
2026-07-31,116929616.28685522,123406856.10107756,365790.8271789551,6111448.987043381,GRWRHITECH.NS,Held,93,7151.5,2026-07-31,7151.5,665089.5,0.0,0.0,,,13184.908222198486,19016827.207553864
2026-07-31,116929616.28685522,123406856.10107756,365790.8271789551,6111448.987043381,E2E.NS,Held,1287,517.1500244140625,2026-07-31,517.1500244140625,665572.0814208984,0.0,0.0,,,13184.908222198486,19016827.207553864
2026-07-31,116929616.28685522,123406856.10107756,365790.8271789551,6111448.987043381,RRKABEL.NS,Held,255,2602.800048828125,2026-07-31,2602.800048828125,663714.0124511719,0.0,0.0,,,13184.908222198486,19016827.207553864
2026-07-31,116929616.28685522,123406856.10107756,365790.8271789551,6111448.987043381,YASHO.NS,Held,172,3858.699951171875,2026-07-31,3858.699951171875,663696.3916015625,0.0,0.0,,,13184.908222198486,19016827.207553864
2026-07-31,116929616.28685522,123406856.10107756,365790.8271789551,6111448.987043381,STYLAMIND.NS,Held,196,3384.300048828125,2026-07-31,3384.300048828125,663322.8095703125,0.0,0.0,,,13184.908222198486,19016827.207553864
2026-07-31,116929616.28685522,123406856.10107756,365790.8271789551,6111448.987043381,SANSERA.NS,Held,198,3346.89990234375,2026-07-31,3346.89990234375,662686.1806640625,0.0,0.0,,,13184.908222198486,19016827.207553864
2026-07-31,116929616.28685522,123406856.10107756,365790.8271789551,6111448.987043381,BLSE.NS,Held,2214,300.6600036621094,2026-07-31,300.6600036621094,665661.2481079102,0.0,0.0,,,13184.908222198486,19016827.207553864
2026-07-31,116929616.28685522,123406856.10107756,365790.8271789551,6111448.987043381,RADICO.NS,Held,153,4340.7998046875,2026-07-31,4340.7998046875,664142.3701171875,0.0,0.0,,,13184.908222198486,19016827.207553864
2026-07-31,116929616.28685522,123406856.10107756,365790.8271789551,6111448.987043381,SHILPAMED.NS,Held,1089,611.25,2026-07-31,611.25,665651.25,0.0,0.0,,,13184.908222198486,19016827.207553864
2026-07-31,116929616.28685522,123406856.10107756,365790.8271789551,6111448.987043381,SONACOMS.NS,Held,865,769.4000244140625,2026-07-31,769.4000244140625,665531.0211181641,0.0,0.0,,,13184.908222198486,19016827.207553864
2026-07-31,116929616.28685522,123406856.10107756,365790.8271789551,6111448.987043381,HONASA.NS,Held,1481,449.54998779296875,2026-07-31,449.54998779296875,665783.5319213867,0.0,0.0,,,13184.908222198486,19016827.207553864
2026-08-31,,,,,GRWRHITECH.NS,Sold,93,7151.5,2026-07-31,7224.5,671878.5,0.0,,6789.0,1.0207648745018527,,
2026-08-31,,,,,PAISALO.NS,Sold,11824,59.099998474121094,2026-06-30,67.55999755859375,798829.4111328125,0.0,,100031.02917480469,14.314719632653036,,
2026-08-31,,,,,ASTRAMICRO.NS,Sold,396,1761.5999755859375,2026-06-30,1706.5999755859375,675813.5903320312,0.0,,-21780.0,-3.1221617144781173,,
2026-08-31,,,,,E2E.NS,Sold,1287,517.1500244140625,2026-07-31,616.4000244140625,793306.8314208984,0.0,,127734.75,19.191722965197865,,
2026-08-31,,,,,STYLAMIND.NS,Sold,196,3384.300048828125,2026-07-31,3507.5,687470.0,0.0,,24147.1904296875,3.6403377181209216,,
2026-08-31,,,,,SANSERA.NS,Sold,198,3346.89990234375,2026-07-31,3859.0,764082.0,0.0,,101395.8193359375,15.300729409255387,,
2026-08-31,,,,,SONACOMS.NS,Sold,865,769.4000244140625,2026-07-31,815.0,704975.0,0.0,,39443.97888183594,5.926692765660388,,
2026-08-31,,,,,HONASA.NS,Sold,1481,449.54998779296875,2026-07-31,470.6499938964844,697032.6409606934,0.0,,31249.10903930664,4.6935839565038115,,
2026-08-31,123406856.10107756,132708717.87567282,409010.87686157227,8892850.897733688,CUPID.NS,Held,20035,30.17799949645996,2025-07-31,282.3299865722656,5656481.280975342,5051865.0610637665,835.549046600602,,,9341.216388702393,22207239.995105743
2026-08-31,123406856.10107756,132708717.87567282,409010.87686157227,8892850.897733688,STLTECH.NS,Held,2970,176.36000061035156,2026-03-31,723.75,2149537.5,1625748.2981872559,310.3821714080438,,,9341.216388702393,22207239.995105743
2026-08-31,123406856.10107756,132708717.87567282,409010.87686157227,8892850.897733688,BLISSGVS.NS,Held,2025,276.760009765625,2026-04-30,588.0999755859375,1190902.4505615234,630463.4307861328,112.4945638222703,,,9341.216388702393,22207239.995105743
2026-08-31,123406856.10107756,132708717.87567282,409010.87686157227,8892850.897733688,WELCORP.NS,Held,435,1376.9000244140625,2026-05-31,2373.800048828125,1032603.0212402344,433651.5106201172,72.40177258608821,,,9341.216388702393,22207239.995105743
2026-08-31,123406856.10107756,132708717.87567282,409010.87686157227,8892850.897733688,HFCL.NS,Held,3335,179.94000244140625,2026-05-31,251.47000122070312,838652.4540710449,238552.54592895508,39.75213838434238,,,9341.216388702393,22207239.995105743
2026-08-31,123406856.10107756,132708717.87567282,409010.87686157227,8892850.897733688,LAURUSLABS.NS,Held,440,1362.0,2026-05-31,1938.5,852940.0,253660.0,42.32745961820852,,,9341.216388702393,22207239.995105743
2026-08-31,123406856.10107756,132708717.87567282,409010.87686157227,8892850.897733688,ANANDRATHI.NS,Held,353,1976.699951171875,2026-06-30,2213.39990234375,781330.1655273438,83555.08276367188,11.974500785086214,,,9341.216388702393,22207239.995105743
2026-08-31,123406856.10107756,132708717.87567282,409010.87686157227,8892850.897733688,RRKABEL.NS,Held,255,2602.800048828125,2026-07-31,2905.199951171875,740825.9875488281,77111.97509765625,11.618253291485123,,,9341.216388702393,22207239.995105743
2026-08-31,123406856.10107756,132708717.87567282,409010.87686157227,8892850.897733688,YASHO.NS,Held,172,3858.699951171875,2026-07-31,4338.7998046875,746273.56640625,82577.1748046875,12.442010511074338,,,9341.216388702393,22207239.995105743
2026-08-31,123406856.10107756,132708717.87567282,409010.87686157227,8892850.897733688,BLSE.NS,Held,2214,300.6600036621094,2026-07-31,326.25,722317.5,56656.251892089844,8.511273872879155,,,9341.216388702393,22207239.995105743
2026-08-31,123406856.10107756,132708717.87567282,409010.87686157227,8892850.897733688,RADICO.NS,Held,153,4340.7998046875,2026-07-31,4605.0,704565.0,40422.6298828125,6.086440453374471,,,9341.216388702393,22207239.995105743
2026-08-31,123406856.10107756,132708717.87567282,409010.87686157227,8892850.897733688,SHILPAMED.NS,Held,1089,611.25,2026-07-31,903.7999877929688,984238.186706543,318586.93670654297,47.8609386982362,,,9341.216388702393,22207239.995105743
2026-08-31,123406856.10107756,132708717.87567282,409010.87686157227,8892850.897733688,UNIPARTS.NS,Held,831,873.1500244140625,2026-08-31,873.1500244140625,725587.6702880859,0.0,0.0,,,9341.216388702393,22207239.995105743
2026-08-31,123406856.10107756,132708717.87567282,409010.87686157227,8892850.897733688,DIVISLAB.NS,Held,78,9239.0,2026-08-31,9239.0,720642.0,0.0,0.0,,,9341.216388702393,22207239.995105743
2026-08-31,123406856.10107756,132708717.87567282,409010.87686157227,8892850.897733688,AETHER.NS,Held,427,1696.800048828125,2026-08-31,1696.800048828125,724533.6208496094,0.0,0.0,,,9341.216388702393,22207239.995105743
2026-08-31,123406856.10107756,132708717.87567282,409010.87686157227,8892850.897733688,KABRAEXTRU.NS,Held,1202,603.5,2026-08-31,603.5,725407.0,0.0,0.0,,,9341.216388702393,22207239.995105743
2026-08-31,123406856.10107756,132708717.87567282,409010.87686157227,8892850.897733688,CYIENTDLM.NS,Held,886,819.0999755859375,2026-08-31,819.0999755859375,725722.5783691406,0.0,0.0,,,9341.216388702393,22207239.995105743
2026-08-31,123406856.10107756,132708717.87567282,409010.87686157227,8892850.897733688,INDSWFTLAB.NS,Held,1999,362.9200134277344,2026-08-31,362.9200134277344,725477.106842041,0.0,0.0,,,9341.216388702393,22207239.995105743
2026-08-31,123406856.10107756,132708717.87567282,409010.87686157227,8892850.897733688,AVADHSUGAR.NS,Held,874,830.0499877929688,2026-08-31,830.0499877929688,725463.6893310547,0.0,0.0,,,9341.216388702393,22207239.995105743
2026-08-31,123406856.10107756,132708717.87567282,409010.87686157227,8892850.897733688,HAPPYFORGE.NS,Held,314,2307.0,2026-08-31,2307.0,724398.0,0.0,0.0,,,9341.216388702393,22207239.995105743
